<?xml version = '1.0' encoding = 'UTF-8'?>
<TableProxyOraclev11g class="oracle.dbtools.crest.model.design.storage.oracle.v11g.TableProxyOraclev11g" name="AUTHORISED_ACTIVITIES" directorySegmentName="seg_15" id="5BD92544-468E-6D64-0B1B-4D284AE3712A">
<createdBy>Duncan.Taylor</createdBy>
<createdTime>2018-07-31 12:33:11 UTC</createdTime>
<ownerDesignName>cdb_morphmaster</ownerDesignName>
<schemaObject>B1402178-3A6C-11FF-4231-BA73D239EB21</schemaObject>
<logging>YES</logging>
<partitionedRowMovement>DISABLE</partitionedRowMovement>
<segment>CFC18D1C-3F84-65C4-C4A4-A2E8039A1E4B</segment>
<tableSpace>4B0E518F-AF22-12FB-8650-A4832F0481B0</tableSpace>
<temporaryChanged>false</temporaryChanged>
<accessDriverType>oracle_loader</accessDriverType>
<rejectLimit></rejectLimit>
<columnProxies itemClass="oracle.dbtools.crest.model.design.storage.oracle.v12c.ColumnProxyOraclev12c">
<ColumnProxy name="YN_PRIMARY" id="41343EC5-CD2E-28CA-DF44-1396FD0E1373">
<createdBy>duncan.taylor</createdBy>
<createdTime>2018-07-31 12:33:11 UTC</createdTime>
<ownerDesignName>cdb_morphmaster</ownerDesignName>
</ColumnProxy>
<ColumnProxy name="INS_INSTALLATION_ID" id="41C07770-6496-07BE-890B-1DF4F31F01AC">
<createdBy>duncan.taylor</createdBy>
<createdTime>2018-07-31 12:33:11 UTC</createdTime>
<ownerDesignName>cdb_morphmaster</ownerDesignName>
</ColumnProxy>
<ColumnProxy name="CHANGE_NUMBER" id="5A56FD16-2DBC-F62C-42E5-9BE438B4EFE3">
<createdBy>duncan.taylor</createdBy>
<createdTime>2018-07-31 12:33:11 UTC</createdTime>
<ownerDesignName>cdb_morphmaster</ownerDesignName>
</ColumnProxy>
<ColumnProxy name="AUTH_AUTHORISATION_ID" id="7A7F2172-A3FD-803B-136A-41F2C40AEFB4">
<createdBy>duncan.taylor</createdBy>
<createdTime>2018-07-31 12:33:11 UTC</createdTime>
<ownerDesignName>cdb_morphmaster</ownerDesignName>
</ColumnProxy>
<ColumnProxy name="ACC_CATEGORY_NUMBER" id="7CE64556-8137-AC4E-F026-C7A53B2C9CAE">
<createdBy>duncan.taylor</createdBy>
<createdTime>2018-07-31 12:33:11 UTC</createdTime>
<ownerDesignName>cdb_morphmaster</ownerDesignName>
</ColumnProxy>
</columnProxies>
<indexProxies>
<IndexProxy class="oracle.dbtools.crest.model.design.storage.oracle.v10g.IndexProxyOraclev10g" name="AUA_INS_FK" id="366D08EC-16CC-F06B-14D1-982DF0076721">
<createdBy>Duncan.Taylor</createdBy>
<createdTime>2018-07-25 11:57:40 UTC</createdTime>
<ownerDesignName>cdb_morphmaster</ownerDesignName>
</IndexProxy>
<IndexProxy class="oracle.dbtools.crest.model.design.storage.oracle.v10g.IndexProxyOraclev10g" name="AUA_INS_FK_I" id="581EB130-CD8A-F63C-CC73-34D611449FE6">
<createdBy>duncan.taylor</createdBy>
<createdTime>2018-07-31 12:33:12 UTC</createdTime>
<ownerDesignName>cdb_morphmaster</ownerDesignName>
<schemaObject>B1402178-3A6C-11FF-4231-BA73D239EB21</schemaObject>
<segment>F7D7198C-0E60-12B8-30BF-49BFA140BAB0</segment>
<tableSpace>1A6C668A-6CED-94F1-5191-9223733E440D</tableSpace>
</IndexProxy>
<IndexProxy class="oracle.dbtools.crest.model.design.storage.oracle.v10g.IndexProxyOraclev10g" name="AUA_ACC_FK_I" id="839FB7D1-9D3E-2AC9-464C-0D5015E0B509">
<createdBy>duncan.taylor</createdBy>
<createdTime>2018-07-31 12:33:12 UTC</createdTime>
<ownerDesignName>cdb_morphmaster</ownerDesignName>
<schemaObject>B1402178-3A6C-11FF-4231-BA73D239EB21</schemaObject>
<segment>F7D7198C-0E60-12B8-30BF-49BFA140BAB0</segment>
<tableSpace>1A6C668A-6CED-94F1-5191-9223733E440D</tableSpace>
</IndexProxy>
<IndexProxy class="oracle.dbtools.crest.model.design.storage.oracle.v10g.IndexProxyOraclev10g" name="AUA_AUTH_FK" id="B1459007-2705-8397-F90B-F0A1DA2BBB5F">
<createdBy>Duncan.Taylor</createdBy>
<createdTime>2018-07-25 11:57:40 UTC</createdTime>
<ownerDesignName>cdb_morphmaster</ownerDesignName>
</IndexProxy>
<IndexProxy class="oracle.dbtools.crest.model.design.storage.oracle.v10g.IndexProxyOraclev10g" name="AUA_AUTH_FK_I" id="BCB3089A-B80E-E48F-81EE-9834FF03A516">
<createdBy>duncan.taylor</createdBy>
<createdTime>2018-07-31 12:33:12 UTC</createdTime>
<ownerDesignName>cdb_morphmaster</ownerDesignName>
<schemaObject>B1402178-3A6C-11FF-4231-BA73D239EB21</schemaObject>
<segment>F7D7198C-0E60-12B8-30BF-49BFA140BAB0</segment>
<tableSpace>1A6C668A-6CED-94F1-5191-9223733E440D</tableSpace>
</IndexProxy>
<IndexProxy class="oracle.dbtools.crest.model.design.storage.oracle.v10g.IndexProxyOraclev10g" name="AUA_ACC_FK" id="E3C67CC1-E7B3-66A7-FED6-CE99B511DA2D">
<createdBy>Duncan.Taylor</createdBy>
<createdTime>2018-07-25 11:57:40 UTC</createdTime>
<ownerDesignName>cdb_morphmaster</ownerDesignName>
</IndexProxy>
<IndexProxy class="oracle.dbtools.crest.model.design.storage.oracle.v10g.IndexProxyOraclev10g" name="AUA_PK" id="EF38F369-8D6F-D19E-4748-41ADA00C5521">
<createdBy>duncan.taylor</createdBy>
<createdTime>2018-07-31 12:33:12 UTC</createdTime>
<ownerDesignName>cdb_morphmaster</ownerDesignName>
<schemaObject>B1402178-3A6C-11FF-4231-BA73D239EB21</schemaObject>
<segment>F7D7198C-0E60-12B8-30BF-49BFA140BAB0</segment>
<tableSpace>1A6C668A-6CED-94F1-5191-9223733E440D</tableSpace>
</IndexProxy>
</indexProxies>
<synonyms>
<Synonym class="oracle.dbtools.crest.model.design.storage.oracle.v10g.SynonymOraclev10g" name="AUA" directorySegmentName="seg_3" id="D6252189-839D-282E-5671-2153B32AA14E">
<sourceConnName>Browser@C01L</sourceConnName>
<sourceObjSchema>PUBLIC</sourceObjSchema>
<sourceObjName>AUA</sourceObjName>
<createdBy>Duncan.Taylor</createdBy>
<createdTime>2018-07-25 11:57:48 UTC</createdTime>
<ownerDesignName>cdb_c01l</ownerDesignName>
<object>AUTHORISED_ACTIVITIES</object>
<public>YES</public>
<user>PUBLIC</user>
<referredObjectID>5BD92544-468E-6D64-0B1B-4D284AE3712A</referredObjectID>
</Synonym>
<Synonym class="oracle.dbtools.crest.model.design.storage.oracle.v10g.SynonymOraclev10g" name="AUTHORISED_ACTIVITIES" directorySegmentName="seg_3" id="1E89E1C2-5E3A-1E9A-8D44-F101DEFAEAF6">
<sourceConnName>Browser@C01L</sourceConnName>
<sourceObjSchema>PUBLIC</sourceObjSchema>
<sourceObjName>AUTHORISED_ACTIVITIES</sourceObjName>
<createdBy>Duncan.Taylor</createdBy>
<createdTime>2018-07-25 11:57:48 UTC</createdTime>
<ownerDesignName>cdb_c01l</ownerDesignName>
<object>AUTHORISED_ACTIVITIES</object>
<public>YES</public>
<user>PUBLIC</user>
<referredObjectID>5BD92544-468E-6D64-0B1B-4D284AE3712A</referredObjectID>
</Synonym>
</synonyms>
<foreignKeys>
<ForeignKey class="oracle.dbtools.crest.model.design.storage.oracle.v10g.FKProxyOraclev10g" name="AUA_ACC_FK" id="151CC24E-9B65-3EC2-0566-12F6F53BEC47">
<createdBy>duncan.taylor</createdBy>
<createdTime>2018-07-31 12:33:13 UTC</createdTime>
<ownerDesignName>cdb_morphmaster</ownerDesignName>
</ForeignKey>
<ForeignKey class="oracle.dbtools.crest.model.design.storage.oracle.v10g.FKProxyOraclev10g" name="AUA_AUTH_FK" id="C47BDAF4-62B0-7069-466B-1D9659FF01FE">
<createdBy>duncan.taylor</createdBy>
<createdTime>2018-07-31 12:33:13 UTC</createdTime>
<ownerDesignName>cdb_morphmaster</ownerDesignName>
</ForeignKey>
<ForeignKey class="oracle.dbtools.crest.model.design.storage.oracle.v10g.FKProxyOraclev10g" name="AUA_INS_FK" id="D9EDA5B4-07E9-3318-0901-94E1B8F8193C">
<createdBy>duncan.taylor</createdBy>
<createdTime>2018-07-31 12:33:13 UTC</createdTime>
<ownerDesignName>cdb_morphmaster</ownerDesignName>
</ForeignKey>
</foreignKeys>
<primaryKeys>
<PrimaryKey class="oracle.dbtools.crest.model.design.storage.oracle.v10g.PKProxyOraclev10g" name="AUA_PK" id="CC1482EE-0465-9C14-49C8-CE4F4D07AE15">
<createdBy>duncan.taylor</createdBy>
<createdTime>2018-07-31 12:33:12 UTC</createdTime>
<ownerDesignName>cdb_morphmaster</ownerDesignName>
<segment>F7D7198C-0E60-12B8-30BF-49BFA140BAB0</segment>
<tableSpace>1A6C668A-6CED-94F1-5191-9223733E440D</tableSpace>
<existingIndex>EF38F369-8D6F-D19E-4748-41ADA00C5521</existingIndex>
<indexSegment>F7D7198C-0E60-12B8-30BF-49BFA140BAB0</indexSegment>
<indexSort>SORTED</indexSort>
<usingIndex>BY INDEX NAME</usingIndex>
</PrimaryKey>
</primaryKeys>
</TableProxyOraclev11g>