<?xml version = '1.0' encoding = 'UTF-8'?>
<Diagram class="oracle.dbtools.crest.swingui.relational.DPVRelational" name="cdb" id="786A7317-449E-F89A-A95C-160E29EA9882">
<createdBy>Duncan.Taylor</createdBy>
<modifiedBy>Duncan.Taylor</modifiedBy>
<createdTime>2018-07-25 11:56:43 UTC</createdTime>
<autoRoute>false</autoRoute>
<boxInbox>true</boxInbox>
<showLegend>false</showLegend>
<showLabels>false</showLabels>
<showRelAttributes>false</showRelAttributes>
<gridEnabled>false</gridEnabled>
<showGrid>false</showGrid>
<diagramColor>-1</diagramColor>
<display>false</display>
<notation>1</notation>
<objectViews>
<OView class="oracle.dbtools.crest.swingui.relational.TVTable" oid="01AA0CF7-0C58-4E3B-ADDE-D4D3A0A3235C" otype="Table" vid="2F9C2E17-241B-5734-4C38-85216A37A546">
<hideElementsInCurrentOnly>false</hideElementsInCurrentOnly>
<bounds x="11500" y="42676" width="292" height="284"/>
</OView>
<OView class="oracle.dbtools.crest.swingui.relational.TVView" oid="049EF2D1-6020-0332-CFDD-ADF9E344BB0C" otype="View" vid="35FF41DC-F20E-1B6E-ED64-FE36CFCD7D15">
<hideElementsInCurrentOnly>false</hideElementsInCurrentOnly>
<bounds x="5278" y="26024" width="369" height="350"/>
</OView>
<OView class="oracle.dbtools.crest.swingui.relational.TVTable" oid="0B7CA974-4DD5-1864-DA5A-C3CCFC0DBF92" otype="Table" vid="D4D158F9-04F7-8979-F677-38D8458FAAB1">
<hideElementsInCurrentOnly>false</hideElementsInCurrentOnly>
<bounds x="2025" y="10788" width="434" height="282"/>
</OView>
<OView class="oracle.dbtools.crest.swingui.relational.TVView" oid="0BF72664-71F6-27C8-2D7D-64098C4C716B" otype="View" vid="DCABC570-CF40-5686-D5F4-BE651FC76525">
<hideElementsInCurrentOnly>false</hideElementsInCurrentOnly>
<bounds x="6991" y="26024" width="277" height="70"/>
</OView>
<OView class="oracle.dbtools.crest.swingui.relational.TVView" oid="14DC059B-5269-3D6C-F70D-FB15E5B35667" otype="View" vid="69418E71-D32A-9BEC-3768-8E0977515656">
<hideElementsInCurrentOnly>false</hideElementsInCurrentOnly>
<bounds x="1176" y="26024" width="335" height="294"/>
</OView>
<OView class="oracle.dbtools.crest.swingui.relational.TVView" oid="166DFF5F-2EBF-DDE9-10C0-C027A78AD5A0" otype="View" vid="F082F7FB-C536-A1EC-700A-8EDF3704676B">
<hideElementsInCurrentOnly>false</hideElementsInCurrentOnly>
<bounds x="7742" y="26024" width="314" height="154"/>
</OView>
<OView class="oracle.dbtools.crest.swingui.relational.TVView" oid="1F9EB711-0D38-1F07-81DB-7247DE134136" otype="View" vid="066ACB4F-2AFE-67E0-77EE-FABCEF06B2E3">
<hideElementsInCurrentOnly>false</hideElementsInCurrentOnly>
<bounds x="1561" y="26024" width="328" height="126"/>
</OView>
<OView class="oracle.dbtools.crest.swingui.relational.TVTable" oid="22F04381-97A8-F624-914F-14C5F7804772" otype="Table" vid="11B0381D-FF92-67E5-E5B9-22E656C5C971">
<hideElementsInCurrentOnly>false</hideElementsInCurrentOnly>
<bounds x="59440" y="15842" width="372" height="240"/>
</OView>
<OView class="oracle.dbtools.crest.swingui.relational.TVTable" oid="230D76D0-EE8E-01F5-D95C-939C0CF926B2" otype="Table" vid="8B529622-571D-367A-8D93-1415F6875B9E">
<hideElementsInCurrentOnly>false</hideElementsInCurrentOnly>
<bounds x="128499" y="10954" width="276" height="108"/>
</OView>
<OView class="oracle.dbtools.crest.swingui.relational.TVTable" oid="26F59A68-F4F2-2EF6-A67B-7A3ED3FC839C" otype="Table" vid="C34773FA-9E92-2D82-33C7-AF4718F02A24">
<hideElementsInCurrentOnly>false</hideElementsInCurrentOnly>
<bounds x="129703" y="11170" width="293" height="156"/>
</OView>
<OView class="oracle.dbtools.crest.swingui.relational.TVTable" oid="28E10A57-C8E2-88BD-49C2-8D2426D9AADB" otype="Table" vid="38D5AB1E-60D0-F982-185C-FABC502E7E5E">
<hideElementsInCurrentOnly>false</hideElementsInCurrentOnly>
<bounds x="10562" y="42676" width="264" height="110"/>
</OView>
<OView class="oracle.dbtools.crest.swingui.relational.TVTable" oid="2946D50B-70FA-1723-46DA-E5AF75037674" otype="Table" vid="4E274743-0890-C8C8-2B02-BCFA6806F82C">
<hideElementsInCurrentOnly>false</hideElementsInCurrentOnly>
<bounds x="128689" y="11122" width="307" height="184"/>
</OView>
<OView class="oracle.dbtools.crest.swingui.relational.TVTable" oid="30C94BF6-2599-DFC6-69C0-F39E71616FF8" otype="Table" vid="0CF9F676-7D48-B2A6-5CD6-386EC1AB91E8">
<hideElementsInCurrentOnly>false</hideElementsInCurrentOnly>
<bounds x="59666" y="15618" width="300" height="164"/>
</OView>
<OView class="oracle.dbtools.crest.swingui.relational.TVTable" oid="30CF2BA5-37BC-FE00-52AA-8B6A280272CD" otype="Table" vid="B14E056E-F840-BED4-BE64-659F9950B420">
<hideElementsInCurrentOnly>false</hideElementsInCurrentOnly>
<bounds x="139865" y="10646" width="320" height="240"/>
</OView>
<OView class="oracle.dbtools.crest.swingui.relational.TVTable" oid="30DB35CC-5FFD-E059-03EF-8BEE67F2FB49" otype="Table" vid="813C7A5B-8F3F-52AF-6ED6-25C0F7A9EB9F">
<hideElementsInCurrentOnly>false</hideElementsInCurrentOnly>
<bounds x="155663" y="9970" width="346" height="170"/>
</OView>
<OView class="oracle.dbtools.crest.swingui.relational.TVTable" oid="33B24BBD-2FBB-87B9-4785-AFBE0482107A" otype="Table" vid="092620B6-53A7-ED0A-5426-EFABCEF08678">
<hideElementsInCurrentOnly>false</hideElementsInCurrentOnly>
<bounds x="129337" y="11170" width="285" height="226"/>
</OView>
<OView class="oracle.dbtools.crest.swingui.relational.TVView" oid="399F31BA-E89A-5043-6A8A-376DA7921A66" otype="View" vid="8E516E00-EA08-BBF5-4B06-83A128CAD9E4">
<hideElementsInCurrentOnly>false</hideElementsInCurrentOnly>
<bounds x="8106" y="26024" width="330" height="168"/>
</OView>
<OView class="oracle.dbtools.crest.swingui.relational.TVTable" oid="3B4E3AF7-295A-07D0-46DA-4E14FA343AF7" otype="Table" vid="B2E5CA1E-C760-9EFA-976F-17F93B8D45E8">
<hideElementsInCurrentOnly>false</hideElementsInCurrentOnly>
<bounds x="130072" y="10396" width="284" height="184"/>
</OView>
<OView class="oracle.dbtools.crest.swingui.relational.TVView" oid="4171095A-0825-C970-D37F-AD2EF337A9C3" otype="View" vid="9C3B7EFA-2E2E-19C7-153F-4BB9771300F9">
<hideElementsInCurrentOnly>false</hideElementsInCurrentOnly>
<bounds x="6395" y="26024" width="238" height="84"/>
</OView>
<OView class="oracle.dbtools.crest.swingui.relational.TVView" oid="438568CB-E33D-213C-4166-F8B42F94EECF" otype="View" vid="A1A61D33-0E97-1CBC-CDF6-1D730668EF99">
<hideElementsInCurrentOnly>false</hideElementsInCurrentOnly>
<bounds x="8486" y="26024" width="310" height="112"/>
</OView>
<OView class="oracle.dbtools.crest.swingui.relational.TVTable" oid="44B9D5E7-11E9-B6E8-A6DF-A53AA562FB38" otype="Table" vid="A3F3568E-D378-ECD0-5398-D9BA23B92278">
<hideElementsInCurrentOnly>false</hideElementsInCurrentOnly>
<bounds x="139865" y="10946" width="301" height="122"/>
</OView>
<OView class="oracle.dbtools.crest.swingui.relational.TVView" oid="4C81C7D7-EA7E-B8C3-277D-6D57416283B4" otype="View" vid="C89E7A40-CA7D-713A-7600-E8DB065A2217">
<hideElementsInCurrentOnly>false</hideElementsInCurrentOnly>
<bounds x="11124" y="26024" width="318" height="168"/>
</OView>
<OView class="oracle.dbtools.crest.swingui.relational.TVView" oid="4D90FA7F-9E73-EA52-0B0C-43DA7C26AC3E" otype="View" vid="1B705EA7-27EF-36CB-27AB-B5538162040B">
<hideElementsInCurrentOnly>false</hideElementsInCurrentOnly>
<bounds x="4591" y="26024" width="248" height="98"/>
</OView>
<OView class="oracle.dbtools.crest.swingui.relational.TVTable" oid="546AA26A-5467-AB53-C6FF-80681533B4B5" otype="Table" vid="E9486057-DAE2-F95E-F587-8118D33A030D">
<hideElementsInCurrentOnly>false</hideElementsInCurrentOnly>
<bounds x="20" y="11480" width="307" height="170"/>
</OView>
<OView class="oracle.dbtools.crest.swingui.relational.TVTable" oid="57498EF2-0161-F24E-2FAD-AD8C36137DA6" otype="Table" vid="AD01D957-A8DE-E436-754E-5AF62D5F90E0">
<hideElementsInCurrentOnly>false</hideElementsInCurrentOnly>
<bounds x="129702" y="10954" width="338" height="156"/>
</OView>
<OView class="oracle.dbtools.crest.swingui.relational.TVTable" oid="596C9C6B-FB76-D99A-8433-E12A50A44EAE" otype="Table" vid="8993007E-C9BB-48C4-6E5B-96F9D2F03F07">
<hideElementsInCurrentOnly>false</hideElementsInCurrentOnly>
<bounds x="160632" y="9788" width="301" height="128"/>
</OView>
<OView class="oracle.dbtools.crest.swingui.relational.TVTable" oid="5BD92544-468E-6D64-0B1B-4D284AE3712A" otype="Table" vid="0BD09AD2-FEE0-F007-49CA-9EABF3408286">
<hideElementsInCurrentOnly>false</hideElementsInCurrentOnly>
<bounds x="47941" y="11346" width="361" height="226"/>
</OView>
<OView class="oracle.dbtools.crest.swingui.relational.TVView" oid="5E16B59E-1C34-EE11-D060-747FC81B19EF" otype="View" vid="A8A63DAC-A544-B1C8-AAA1-94E426100E09">
<hideElementsInCurrentOnly>false</hideElementsInCurrentOnly>
<bounds x="12226" y="26024" width="316" height="154"/>
</OView>
<OView class="oracle.dbtools.crest.swingui.relational.TVView" oid="6119463E-7FDD-CF72-10A1-A636965664C4" otype="View" vid="788FC9E2-BD35-5F85-F33E-13110D48C950">
<hideElementsInCurrentOnly>false</hideElementsInCurrentOnly>
<bounds x="2341" y="26024" width="300" height="196"/>
</OView>
<OView class="oracle.dbtools.crest.swingui.relational.TVView" oid="620A50B4-1524-83FD-E827-D1184E1B21E8" otype="View" vid="4175FC9D-7B02-5A60-2791-9C91D55E258A">
<hideElementsInCurrentOnly>false</hideElementsInCurrentOnly>
<bounds x="7318" y="26024" width="374" height="252"/>
</OView>
<OView class="oracle.dbtools.crest.swingui.relational.TVView" oid="63AEF200-457F-7691-3984-3CF073080552" otype="View" vid="38D79424-B8C4-2020-63DB-D052505D496E">
<hideElementsInCurrentOnly>false</hideElementsInCurrentOnly>
<bounds x="11492" y="26024" width="318" height="168"/>
</OView>
<OView class="oracle.dbtools.crest.swingui.relational.TVTable" oid="66B08357-2E4D-5FA3-15A6-57CA465884BF" otype="Table" vid="2A3D0422-7C54-0CAC-2784-E9991E8B4E6B">
<hideElementsInCurrentOnly>false</hideElementsInCurrentOnly>
<bounds x="134031" y="9970" width="358" height="520"/>
</OView>
<OView class="oracle.dbtools.crest.swingui.relational.TVView" oid="6982B3BA-E02B-215C-CD80-4914470526D5" otype="View" vid="2CA86C65-66A0-0CA8-AD1B-5A2A8C8E9643">
<hideElementsInCurrentOnly>false</hideElementsInCurrentOnly>
<bounds x="416" y="26024" width="361" height="140"/>
</OView>
<OView class="oracle.dbtools.crest.swingui.relational.TVTable" oid="699BE86F-97C6-2976-D434-2D5C1B6392B2" otype="Table" vid="369B9C18-6BA8-9F82-A485-98254178EA91">
<hideElementsInCurrentOnly>false</hideElementsInCurrentOnly>
<bounds x="10014" y="42676" width="498" height="116"/>
</OView>
<OView class="oracle.dbtools.crest.swingui.relational.TVView" oid="6AAD99F2-9B81-7490-BF21-15AEF6782E63" otype="View" vid="B964DA14-BCCD-E0D8-37F5-E563272C94AA">
<hideElementsInCurrentOnly>false</hideElementsInCurrentOnly>
<bounds x="2691" y="26024" width="348" height="294"/>
</OView>
<OView class="oracle.dbtools.crest.swingui.relational.TVTable" oid="6E9BA383-CBF0-3DBB-E440-1E11E7C63837" otype="Table" vid="A7BFB7DA-B11F-E090-B1ED-61B9B37951FE">
<hideElementsInCurrentOnly>false</hideElementsInCurrentOnly>
<bounds x="128308" y="11122" width="301" height="226"/>
</OView>
<OView class="oracle.dbtools.crest.swingui.relational.TVTable" oid="75A99719-2128-7FF5-12C9-BE1A2E993C7C" otype="Table" vid="FF2420F4-C346-9744-B38C-BCA293DF040F">
<hideElementsInCurrentOnly>false</hideElementsInCurrentOnly>
<bounds x="129702" y="10640" width="290" height="254"/>
</OView>
<OView class="oracle.dbtools.crest.swingui.relational.TVTable" oid="7AC8A963-DA5E-EBE9-3F55-DD217EEB4B72" otype="Table" vid="33229F41-7AFA-3633-8660-DC1B083A6D1C">
<hideElementsInCurrentOnly>false</hideElementsInCurrentOnly>
<bounds x="156089" y="9970" width="305" height="142"/>
</OView>
<OView class="oracle.dbtools.crest.swingui.relational.TVView" oid="7C262D1E-30DC-E612-E9A8-C1BDB21C5D32" otype="View" vid="6C661DCC-F60F-ADD3-80F8-9A0CB31B5AB2">
<hideElementsInCurrentOnly>false</hideElementsInCurrentOnly>
<bounds x="3505" y="26024" width="346" height="140"/>
</OView>
<OView class="oracle.dbtools.crest.swingui.relational.TVView" oid="7E9E3469-A127-17DE-CFB5-F6F2D7114053" otype="View" vid="CAF7EC6A-8E65-39B0-5ADC-C8C57EE03FFB">
<hideElementsInCurrentOnly>false</hideElementsInCurrentOnly>
<bounds x="4889" y="26024" width="339" height="154"/>
</OView>
<OView class="oracle.dbtools.crest.swingui.relational.TVView" oid="7F6CBA0E-5690-3F61-F6E8-AACD5B9BC52D" otype="View" vid="AE1418AB-8778-9FEC-CD19-3BA4AA912300">
<hideElementsInCurrentOnly>false</hideElementsInCurrentOnly>
<bounds x="3089" y="26024" width="366" height="98"/>
</OView>
<OView class="oracle.dbtools.crest.swingui.relational.TVView" oid="86EAE23B-4C67-CB84-169C-CD56216AAF64" otype="View" vid="38928D81-0FF4-1258-2FC5-D4A9903715B5">
<hideElementsInCurrentOnly>false</hideElementsInCurrentOnly>
<bounds x="5697" y="26024" width="297" height="140"/>
</OView>
<OView class="oracle.dbtools.crest.swingui.relational.TVTable" oid="9450A56E-691F-0248-05B2-728CD224C8DC" otype="Table" vid="7817B55B-9D26-C082-4DB2-22D515B0E37C">
<hideElementsInCurrentOnly>false</hideElementsInCurrentOnly>
<bounds x="11190" y="42676" width="260" height="108"/>
</OView>
<OView class="oracle.dbtools.crest.swingui.relational.TVTable" oid="94BEB5A6-9738-FC97-0688-FFB2D19DF8A4" otype="Table" vid="1A82F5FE-91D0-6B0A-0F0B-F72931907AE5">
<hideElementsInCurrentOnly>false</hideElementsInCurrentOnly>
<bounds x="160481" y="9530" width="278" height="198"/>
</OView>
<OView class="oracle.dbtools.crest.swingui.relational.TVTable" oid="96774B7B-9789-72E5-A308-55FB71F12DFE" otype="Table" vid="CCD80805-C14E-14FC-A800-CFA37B939C4B">
<hideElementsInCurrentOnly>false</hideElementsInCurrentOnly>
<bounds x="128689" y="11366" width="290" height="122"/>
</OView>
<OView class="oracle.dbtools.crest.swingui.relational.TVView" oid="97E31453-13F4-9D1D-18C5-F782EF50ED57" otype="View" vid="E7974756-9CA9-0FF5-2980-9929189B7B39">
<hideElementsInCurrentOnly>false</hideElementsInCurrentOnly>
<bounds x="11860" y="26024" width="316" height="154"/>
</OView>
<OView class="oracle.dbtools.crest.swingui.relational.TVView" oid="9F8914CF-5F14-D42E-1BA3-4285831365F2" otype="View" vid="871E5CAA-DD54-D01A-C31A-9E1220BE19E3">
<hideElementsInCurrentOnly>false</hideElementsInCurrentOnly>
<bounds x="10046" y="26024" width="330" height="126"/>
</OView>
<OView class="oracle.dbtools.crest.swingui.relational.TVTable" oid="A01F1EF3-5B10-ECD1-33CF-87B87F868596" otype="Table" vid="09ABF9A1-F0CE-829D-8210-AF525021A885">
<hideElementsInCurrentOnly>false</hideElementsInCurrentOnly>
<bounds x="9668" y="42676" width="296" height="172"/>
</OView>
<OView class="oracle.dbtools.crest.swingui.relational.TVTable" oid="A28C63F3-F697-E9F3-6893-319D9685EAF5" otype="Table" vid="33C0CEC2-6E4F-99C4-8F85-8D5ED14B65F7">
<hideElementsInCurrentOnly>false</hideElementsInCurrentOnly>
<bounds x="20" y="10984" width="270" height="240"/>
</OView>
<OView class="oracle.dbtools.crest.swingui.relational.TVView" oid="B023639C-B800-4CB4-3043-3557675CFFBA" otype="View" vid="581BF449-E152-102B-A871-3EEE54296111">
<hideElementsInCurrentOnly>false</hideElementsInCurrentOnly>
<bounds x="6683" y="26024" width="258" height="126"/>
</OView>
<OView class="oracle.dbtools.crest.swingui.relational.TVView" oid="B1CDAF7D-B331-827A-4E62-2D6FE39D0EBB" otype="View" vid="D5C2C3FC-BDA5-C0C3-D6A2-B827579ACB47">
<hideElementsInCurrentOnly>false</hideElementsInCurrentOnly>
<bounds x="9270" y="26024" width="362" height="140"/>
</OView>
<OView class="oracle.dbtools.crest.swingui.relational.TVTable" oid="B4B54A21-B155-C36F-ECEE-FBDB38919B11" otype="Table" vid="5C9FF4FB-922C-8E9B-F39D-62347A1E6022">
<hideElementsInCurrentOnly>false</hideElementsInCurrentOnly>
<bounds x="156474" y="9530" width="305" height="380"/>
</OView>
<OView class="oracle.dbtools.crest.swingui.relational.TVView" oid="B5A7BD2F-F727-B978-954E-D976F356001C" otype="View" vid="4BC47C3D-8BC3-6EE6-53F3-7ABD4B132CEF">
<hideElementsInCurrentOnly>false</hideElementsInCurrentOnly>
<bounds x="12592" y="26024" width="328" height="238"/>
</OView>
<OView class="oracle.dbtools.crest.swingui.relational.TVView" oid="B7B17ABD-547D-7493-E4CB-E2D6158E83A4" otype="View" vid="FA3FDB83-E0DE-5B28-A8DC-A3DA587B8C16">
<hideElementsInCurrentOnly>false</hideElementsInCurrentOnly>
<bounds x="14907" y="25286" width="326" height="112"/>
</OView>
<OView class="oracle.dbtools.crest.swingui.relational.TVView" oid="B824451D-B978-4C51-90EC-9684C3C5CABB" otype="View" vid="30A394C4-ADB7-41AB-F0EF-B514927D8880">
<hideElementsInCurrentOnly>false</hideElementsInCurrentOnly>
<bounds x="4235" y="26024" width="306" height="182"/>
</OView>
<OView class="oracle.dbtools.crest.swingui.relational.TVView" oid="C0184ECB-1987-DB17-553C-2619232197F1" otype="View" vid="62DC3F6C-D17A-39B4-4B6F-1E2D9FE86B58">
<hideElementsInCurrentOnly>false</hideElementsInCurrentOnly>
<bounds x="9682" y="26024" width="314" height="210"/>
</OView>
<OView class="oracle.dbtools.crest.swingui.relational.TVView" oid="C336D284-7D87-B2AB-BFF3-0BD8BC2307B3" otype="View" vid="66C2829F-AF89-19B1-12B7-A8F6EEDF530F">
<hideElementsInCurrentOnly>false</hideElementsInCurrentOnly>
<bounds x="8846" y="26024" width="374" height="196"/>
</OView>
<OView class="oracle.dbtools.crest.swingui.relational.TVTable" oid="C3ECBF8C-C7EC-1083-3080-C40377AA1E20" otype="Table" vid="00F425ED-C1F7-B7C6-1539-27CCA833E621">
<hideElementsInCurrentOnly>false</hideElementsInCurrentOnly>
<bounds x="128499" y="10640" width="364" height="254"/>
</OView>
<OView class="oracle.dbtools.crest.swingui.relational.TVTable" oid="C4177279-BB48-6149-E286-5DBCCFA6AAAC" otype="Table" vid="D7D5E1C5-066D-E15C-463B-2B2D99EA128D">
<hideElementsInCurrentOnly>false</hideElementsInCurrentOnly>
<bounds x="134031" y="10550" width="279" height="122"/>
</OView>
<OView class="oracle.dbtools.crest.swingui.relational.TVView" oid="C6C6FAF6-C09A-D6E5-41FF-3EFECFDC12B7" otype="View" vid="BC64B49F-6EE1-E160-6B2F-5CF791BB4629">
<hideElementsInCurrentOnly>false</hideElementsInCurrentOnly>
<bounds x="10775" y="26024" width="299" height="168"/>
</OView>
<OView class="oracle.dbtools.crest.swingui.relational.TVView" oid="C8DC4891-4DA6-FFAD-86EE-42E5A8FE6CF1" otype="View" vid="8187BB7C-7934-EEE7-0A25-674E7C07A67D">
<hideElementsInCurrentOnly>false</hideElementsInCurrentOnly>
<bounds x="827" y="26024" width="299" height="196"/>
</OView>
<OView class="oracle.dbtools.crest.swingui.relational.TVTable" oid="CFA0D3D5-ECDA-53E5-AA81-92FC013187CF" otype="Table" vid="340DD064-D4F9-3696-DC25-2E335C494A35">
<hideElementsInCurrentOnly>false</hideElementsInCurrentOnly>
<bounds x="59666" y="15220" width="370" height="338"/>
</OView>
<OView class="oracle.dbtools.crest.swingui.relational.TVTable" oid="D14D807D-D862-C12A-21E8-779F910D5C60" otype="Table" vid="FB890FDC-EC3E-CFDF-9B39-900965130AB2">
<hideElementsInCurrentOnly>false</hideElementsInCurrentOnly>
<bounds x="129076" y="10640" width="309" height="150"/>
</OView>
<OView class="oracle.dbtools.crest.swingui.relational.TVView" oid="D6A69B3A-8DFF-669A-5B26-E3FD26E0E8D3" otype="View" vid="07F71662-1269-44A8-FA5C-B2D7C5C1A02F">
<hideElementsInCurrentOnly>false</hideElementsInCurrentOnly>
<bounds x="1939" y="26024" width="352" height="168"/>
</OView>
<OView class="oracle.dbtools.crest.swingui.relational.TVTable" oid="D71286C7-DE94-2064-54A8-A63C056924E2" otype="Table" vid="7273225C-1722-0034-B6D4-944837B446E3">
<hideElementsInCurrentOnly>false</hideElementsInCurrentOnly>
<bounds x="2025" y="11130" width="300" height="184"/>
</OView>
<OView class="oracle.dbtools.crest.swingui.relational.TVTable" oid="D7D8256D-6F98-3C13-700C-C5ED9E1E8E96" otype="Table" vid="5F82E507-B4B4-23B7-1D37-281AD08F0DC7">
<hideElementsInCurrentOnly>false</hideElementsInCurrentOnly>
<bounds x="1663" y="10984" width="282" height="156"/>
</OView>
<OView class="oracle.dbtools.crest.swingui.relational.TVTable" oid="D99CEAB8-19B9-F7FE-4AC2-09D907AF3692" otype="Table" vid="D6869ECB-17AC-2A68-20AB-6609308A782A">
<hideElementsInCurrentOnly>false</hideElementsInCurrentOnly>
<bounds x="10876" y="42676" width="264" height="164"/>
</OView>
<OView class="oracle.dbtools.crest.swingui.relational.TVView" oid="DA5A4299-CF80-6F21-0B41-26DCA27E017B" otype="View" vid="63D0AFFF-3410-374A-7804-63977CBE0DE4">
<hideElementsInCurrentOnly>false</hideElementsInCurrentOnly>
<bounds x="3901" y="26024" width="284" height="210"/>
</OView>
<OView class="oracle.dbtools.crest.swingui.relational.TVTable" oid="DFFF3846-F86F-302A-6AC2-2A430933896A" otype="Table" vid="DE8CA629-022C-D38B-B77D-CA327E2A7D9D">
<hideElementsInCurrentOnly>false</hideElementsInCurrentOnly>
<bounds x="128943" y="10640" width="314" height="254"/>
</OView>
<OView class="oracle.dbtools.crest.swingui.relational.TVTable" oid="E421FD0A-A74B-C3E7-1DD5-9CAD0C35FF20" otype="Table" vid="07EF98FD-5F5A-EB98-8DDA-0BD74151A70F">
<hideElementsInCurrentOnly>false</hideElementsInCurrentOnly>
<bounds x="1249" y="10788" width="330" height="136"/>
</OView>
<OView class="oracle.dbtools.crest.swingui.relational.TVView" oid="E55D089E-D438-31F7-A63E-9CFD7AA6A951" otype="View" vid="205DA38E-B6D8-92C3-CF47-90003DF50BC5">
<hideElementsInCurrentOnly>false</hideElementsInCurrentOnly>
<bounds x="20" y="26024" width="346" height="112"/>
</OView>
<OView class="oracle.dbtools.crest.swingui.relational.TVTable" oid="E8106C5B-C6D3-3161-6F56-53CA9BA876D5" otype="Table" vid="1C961BDE-5CC6-BC6B-890E-269D2CDA5663">
<hideElementsInCurrentOnly>false</hideElementsInCurrentOnly>
<bounds x="1233" y="11200" width="350" height="170"/>
</OView>
<OView class="oracle.dbtools.crest.swingui.relational.TVView" oid="ED04E770-CAE0-9F15-A6AE-E22A0ED04028" otype="View" vid="325496D4-FFDD-7C3F-60E5-836291A7BADC">
<hideElementsInCurrentOnly>false</hideElementsInCurrentOnly>
<bounds x="10426" y="26024" width="299" height="140"/>
</OView>
<OView class="oracle.dbtools.crest.swingui.relational.TVTable" oid="F112AFB2-A363-E0D5-F172-1E6E71EC0B28" otype="Table" vid="63F914CE-5163-1D4A-9B70-4B6C51BE84BA">
<hideElementsInCurrentOnly>false</hideElementsInCurrentOnly>
<bounds x="59892" y="15842" width="372" height="198"/>
</OView>
<OView class="oracle.dbtools.crest.swingui.relational.TVTable" oid="F6329F25-9033-2C20-DA7D-6B215A361D59" otype="Table" vid="FAB204BC-05CE-CFD4-AD4D-F57DBD356C66">
<hideElementsInCurrentOnly>false</hideElementsInCurrentOnly>
<bounds x="140063" y="10444" width="312" height="142"/>
</OView>
<OView class="oracle.dbtools.crest.swingui.relational.TVView" oid="F80F19A6-FC2A-C2AE-47C4-CB9C0ED2946E" otype="View" vid="4D501300-7B5B-8CCD-2A73-98616DDDD188">
<hideElementsInCurrentOnly>false</hideElementsInCurrentOnly>
<bounds x="12970" y="26024" width="336" height="294"/>
</OView>
<OView class="oracle.dbtools.crest.swingui.relational.TVView" oid="FB25FA9D-74F7-174A-D614-E8B0456160FC" otype="View" vid="3CDD9F7C-506A-31CD-8625-36734DD6E302">
<hideElementsInCurrentOnly>false</hideElementsInCurrentOnly>
<bounds x="6044" y="26024" width="301" height="154"/>
</OView>
<OView class="oracle.dbtools.crest.swingui.relational.TVTable" oid="FBC01113-E0D1-B5CF-B00E-FF01419565A7" otype="Table" vid="DA7FF06D-98B4-609D-B457-AB7E39AB6451">
<hideElementsInCurrentOnly>false</hideElementsInCurrentOnly>
<bounds x="20" y="11284" width="278" height="136"/>
</OView>
</objectViews>
<connectors>
<Connector class="oracle.dbtools.crest.swingui.relational.TVFKRelation" oid="00744948-DC4B-E694-1B5B-FB92EFA0B4B8" otype="FKIndexAssociation" vid_source="8B529622-571D-367A-8D93-1415F6875B9E" vid_target="A7BFB7DA-B11F-E090-B1ED-61B9B37951FE">
<hideElementsInCurrentOnly>false</hideElementsInCurrentOnly>
<backgroundColor>-16777216</backgroundColor>
<lineWidth>1</lineWidth>
<points>
<point x="128554" y="11062"/>
<point x="128554" y="11122"/>
</points>
</Connector>
<Connector class="oracle.dbtools.crest.swingui.relational.TVFKRelation" oid="092E214E-5A02-3E0D-520C-0D07CC1528C4" otype="FKIndexAssociation" vid_source="FB890FDC-EC3E-CFDF-9B39-900965130AB2" vid_target="A7BFB7DA-B11F-E090-B1ED-61B9B37951FE">
<hideElementsInCurrentOnly>false</hideElementsInCurrentOnly>
<backgroundColor>-16777216</backgroundColor>
<lineWidth>1</lineWidth>
<points>
<point x="129119" y="10790"/>
<point x="128609" y="11133"/>
</points>
</Connector>
<Connector class="oracle.dbtools.crest.swingui.relational.TVFKRelation" oid="0AD91D15-53AC-3148-57C1-FEB18EDE32F0" otype="FKIndexAssociation" vid_source="07EF98FD-5F5A-EB98-8DDA-0BD74151A70F" vid_target="D4D158F9-04F7-8979-F677-38D8458FAAB1">
<hideElementsInCurrentOnly>false</hideElementsInCurrentOnly>
<backgroundColor>-16777216</backgroundColor>
<lineWidth>1</lineWidth>
<points>
<point x="1579" y="10856"/>
<point x="2025" y="10856"/>
</points>
</Connector>
<Connector class="oracle.dbtools.crest.swingui.relational.TVFKRelation" oid="16D8EA7F-F21B-B1DC-28AC-516C984401CF" otype="FKIndexAssociation" vid_source="FB890FDC-EC3E-CFDF-9B39-900965130AB2" vid_target="092620B6-53A7-ED0A-5426-EFABCEF08678">
<hideElementsInCurrentOnly>false</hideElementsInCurrentOnly>
<backgroundColor>-16777216</backgroundColor>
<lineWidth>1</lineWidth>
<points>
<point x="129361" y="10790"/>
<point x="129361" y="11170"/>
</points>
</Connector>
<Connector class="oracle.dbtools.crest.swingui.relational.TVFKRelation" oid="1DEDFDFD-5DF3-793A-6EF9-3FBDF861459E" otype="FKIndexAssociation" vid_source="5C9FF4FB-922C-8E9B-F39D-62347A1E6022" vid_target="33229F41-7AFA-3633-8660-DC1B083A6D1C">
<hideElementsInCurrentOnly>false</hideElementsInCurrentOnly>
<backgroundColor>-16777216</backgroundColor>
<lineWidth>1</lineWidth>
<points>
<point x="156474" y="9847"/>
<point x="156326" y="9970"/>
</points>
</Connector>
<Connector class="oracle.dbtools.crest.swingui.relational.TVFKRelation" oid="2019ED5C-1F40-4BE1-10C2-A3911197CE15" otype="FKIndexAssociation" vid_source="B2E5CA1E-C760-9EFA-976F-17F93B8D45E8" vid_target="DE8CA629-022C-D38B-B77D-CA327E2A7D9D">
<hideElementsInCurrentOnly>false</hideElementsInCurrentOnly>
<backgroundColor>-16777216</backgroundColor>
<lineWidth>1</lineWidth>
<points>
<point x="130072" y="10523"/>
<point x="129257" y="10727"/>
</points>
</Connector>
<Connector class="oracle.dbtools.crest.swingui.relational.TVFKRelation" oid="211E4A48-5531-9F5E-FDDD-992022C4E100" otype="FKIndexAssociation" vid_source="5C9FF4FB-922C-8E9B-F39D-62347A1E6022" vid_target="813C7A5B-8F3F-52AF-6ED6-25C0F7A9EB9F">
<hideElementsInCurrentOnly>false</hideElementsInCurrentOnly>
<backgroundColor>-16777216</backgroundColor>
<lineWidth>1</lineWidth>
<points>
<point x="156474" y="9784"/>
<point x="156009" y="9981"/>
</points>
</Connector>
<Connector class="oracle.dbtools.crest.swingui.relational.TVFKRelation" oid="2B177821-F353-9D9C-6C57-ADFC9EDDEDD8" otype="FKIndexAssociation" vid_source="8B529622-571D-367A-8D93-1415F6875B9E" vid_target="00F425ED-C1F7-B7C6-1539-27CCA833E621">
<hideElementsInCurrentOnly>false</hideElementsInCurrentOnly>
<backgroundColor>-16777216</backgroundColor>
<lineWidth>1</lineWidth>
<points>
<point x="128637" y="10954"/>
<point x="128637" y="10894"/>
</points>
</Connector>
<Connector class="oracle.dbtools.crest.swingui.relational.TVFKRelation" oid="2D111C95-8CAA-58CB-375F-C1ADD02B958E" otype="FKIndexAssociation" vid_source="0CF9F676-7D48-B2A6-5CD6-386EC1AB91E8" vid_target="340DD064-D4F9-3696-DC25-2E335C494A35">
<hideElementsInCurrentOnly>false</hideElementsInCurrentOnly>
<backgroundColor>-16777216</backgroundColor>
<lineWidth>1</lineWidth>
<points>
<point x="59816" y="15618"/>
<point x="59816" y="15558"/>
</points>
</Connector>
<Connector class="oracle.dbtools.crest.swingui.relational.TVFKRelation" oid="3AEFB530-3CA4-D329-63CA-FC4ADBC02611" otype="FKIndexAssociation" vid_source="D4D158F9-04F7-8979-F677-38D8458FAAB1" vid_target="1C961BDE-5CC6-BC6B-890E-269D2CDA5663">
<hideElementsInCurrentOnly>false</hideElementsInCurrentOnly>
<backgroundColor>-16777216</backgroundColor>
<lineWidth>1</lineWidth>
<points>
<point x="2025" y="11021"/>
<point x="1583" y="11210"/>
</points>
</Connector>
<Connector class="oracle.dbtools.crest.swingui.relational.TVFKRelation" oid="45128E0C-9B76-4907-9A53-7F6D85DB8D5A" otype="FKIndexAssociation" vid_source="D7D5E1C5-066D-E15C-463B-2B2D99EA128D" vid_target="2A3D0422-7C54-0CAC-2784-E9991E8B4E6B">
<hideElementsInCurrentOnly>false</hideElementsInCurrentOnly>
<backgroundColor>-16777216</backgroundColor>
<lineWidth>1</lineWidth>
<points>
<point x="134170" y="10550"/>
<point x="134170" y="10490"/>
</points>
</Connector>
<Connector class="oracle.dbtools.crest.swingui.relational.TVFKRelation" oid="454E45E9-7440-4F8D-B082-002EA90997F4" otype="FKIndexAssociation" vid_source="0CF9F676-7D48-B2A6-5CD6-386EC1AB91E8" vid_target="11B0381D-FF92-67E5-E5B9-22E656C5C971">
<hideElementsInCurrentOnly>false</hideElementsInCurrentOnly>
<backgroundColor>-16777216</backgroundColor>
<lineWidth>1</lineWidth>
<points>
<point x="59739" y="15782"/>
<point x="59739" y="15842"/>
</points>
</Connector>
<Connector class="oracle.dbtools.crest.swingui.relational.TVFKRelation" oid="4A3818D0-DCF1-6991-7584-1C19E74B7A0E" otype="FKIndexAssociation" vid_source="07EF98FD-5F5A-EB98-8DDA-0BD74151A70F" vid_target="5F82E507-B4B4-23B7-1D37-281AD08F0DC7">
<hideElementsInCurrentOnly>false</hideElementsInCurrentOnly>
<backgroundColor>-16777216</backgroundColor>
<lineWidth>1</lineWidth>
<points>
<point x="1542" y="10924"/>
<point x="1663" y="10987"/>
</points>
</Connector>
<Connector class="oracle.dbtools.crest.swingui.relational.TVFKRelation" oid="4B9E9C04-192F-DEA4-60C0-1C194BB9BA35" otype="FKIndexAssociation" vid_source="0BD09AD2-FEE0-F007-49CA-9EABF3408286" vid_target="D4D158F9-04F7-8979-F677-38D8458FAAB1">
<hideElementsInCurrentOnly>false</hideElementsInCurrentOnly>
<backgroundColor>-16777216</backgroundColor>
<lineWidth>1</lineWidth>
<points>
<point x="47941" y="11456"/>
<point x="2459" y="10931"/>
</points>
</Connector>
<Connector class="oracle.dbtools.crest.swingui.relational.TVFKRelation" oid="537F4858-58DE-EEE0-0C49-0063EDA860E7" otype="FKIndexAssociation" vid_source="8B529622-571D-367A-8D93-1415F6875B9E" vid_target="C34773FA-9E92-2D82-33C7-AF4718F02A24">
<hideElementsInCurrentOnly>false</hideElementsInCurrentOnly>
<backgroundColor>-16777216</backgroundColor>
<lineWidth>1</lineWidth>
<points>
<point x="128775" y="11035"/>
<point x="129703" y="11219"/>
</points>
</Connector>
<Connector class="oracle.dbtools.crest.swingui.relational.TVFKRelation" oid="5B1CEBE4-6C46-2203-59C2-B8C6D1731001" otype="FKIndexAssociation" vid_source="B2E5CA1E-C760-9EFA-976F-17F93B8D45E8" vid_target="00F425ED-C1F7-B7C6-1539-27CCA833E621">
<hideElementsInCurrentOnly>false</hideElementsInCurrentOnly>
<backgroundColor>-16777216</backgroundColor>
<lineWidth>1</lineWidth>
<points>
<point x="130072" y="10513"/>
<point x="128863" y="10733"/>
</points>
</Connector>
<Connector class="oracle.dbtools.crest.swingui.relational.TVFKRelation" oid="5BC9C2D6-027D-9679-E52E-447582BE32AF" otype="FKIndexAssociation" vid_source="C34773FA-9E92-2D82-33C7-AF4718F02A24" vid_target="AD01D957-A8DE-E436-754E-5AF62D5F90E0">
<hideElementsInCurrentOnly>false</hideElementsInCurrentOnly>
<backgroundColor>-16777216</backgroundColor>
<lineWidth>1</lineWidth>
<points>
<point x="129849" y="11170"/>
<point x="129849" y="11110"/>
</points>
</Connector>
<Connector class="oracle.dbtools.crest.swingui.relational.TVFKRelation" oid="63AE7B8F-7297-EBBC-6B30-D9FFC4F4C02C" otype="FKIndexAssociation" vid_source="8B529622-571D-367A-8D93-1415F6875B9E" vid_target="4E274743-0890-C8C8-2B02-BCFA6806F82C">
<hideElementsInCurrentOnly>false</hideElementsInCurrentOnly>
<backgroundColor>-16777216</backgroundColor>
<lineWidth>1</lineWidth>
<points>
<point x="128732" y="11062"/>
<point x="128732" y="11122"/>
</points>
</Connector>
<Connector class="oracle.dbtools.crest.swingui.relational.TVFKRelation" oid="6524A960-8014-5464-4E6C-404F97549D73" otype="FKIndexAssociation" vid_source="5C9FF4FB-922C-8E9B-F39D-62347A1E6022" vid_target="2A3D0422-7C54-0CAC-2784-E9991E8B4E6B">
<hideElementsInCurrentOnly>false</hideElementsInCurrentOnly>
<backgroundColor>-16777216</backgroundColor>
<lineWidth>1</lineWidth>
<points>
<point x="156474" y="9723"/>
<point x="134389" y="10225"/>
</points>
</Connector>
<Connector class="oracle.dbtools.crest.swingui.relational.TVFKRelation" oid="715E0BF5-E4C8-2D0B-080C-01117408FEE7" otype="FKIndexAssociation" vid_source="07EF98FD-5F5A-EB98-8DDA-0BD74151A70F" vid_target="33C0CEC2-6E4F-99C4-8F85-8D5ED14B65F7">
<hideElementsInCurrentOnly>false</hideElementsInCurrentOnly>
<backgroundColor>-16777216</backgroundColor>
<lineWidth>1</lineWidth>
<points>
<point x="1249" y="10888"/>
<point x="290" y="11077"/>
</points>
</Connector>
<Connector class="oracle.dbtools.crest.swingui.relational.TVFKRelation" oid="783DA0FD-430B-BD9F-B2F3-D885A2EE3888" otype="FKIndexAssociation" vid_source="FB890FDC-EC3E-CFDF-9B39-900965130AB2" vid_target="00F425ED-C1F7-B7C6-1539-27CCA833E621">
<hideElementsInCurrentOnly>false</hideElementsInCurrentOnly>
<backgroundColor>-16777216</backgroundColor>
<lineWidth>1</lineWidth>
<points>
<point x="129076" y="10745"/>
<point x="128863" y="10745"/>
</points>
</Connector>
<Connector class="oracle.dbtools.crest.swingui.relational.TVFKRelation" oid="808361DB-209F-79A2-9CC2-9C9D6B6F109E" otype="FKIndexAssociation" vid_source="5F82E507-B4B4-23B7-1D37-281AD08F0DC7" vid_target="1C961BDE-5CC6-BC6B-890E-269D2CDA5663">
<hideElementsInCurrentOnly>false</hideElementsInCurrentOnly>
<backgroundColor>-16777216</backgroundColor>
<lineWidth>1</lineWidth>
<points>
<point x="1665" y="11140"/>
<point x="1558" y="11200"/>
</points>
</Connector>
<Connector class="oracle.dbtools.crest.swingui.relational.TVFKRelation" oid="8545EA28-E78E-0AB8-2059-0674B5F0481D" otype="FKIndexAssociation" vid_source="1A82F5FE-91D0-6B0A-0F0B-F72931907AE5" vid_target="8993007E-C9BB-48C4-6E5B-96F9D2F03F07">
<hideElementsInCurrentOnly>false</hideElementsInCurrentOnly>
<backgroundColor>-16777216</backgroundColor>
<lineWidth>1</lineWidth>
<points>
<point x="160695" y="9728"/>
<point x="160695" y="9788"/>
</points>
</Connector>
<Connector class="oracle.dbtools.crest.swingui.relational.TVFKRelation" oid="85CC9AF8-9013-ED0E-0626-15C167E555E9" otype="FKIndexAssociation" vid_source="DA7FF06D-98B4-609D-B457-AB7E39AB6451" vid_target="5F82E507-B4B4-23B7-1D37-281AD08F0DC7">
<hideElementsInCurrentOnly>false</hideElementsInCurrentOnly>
<backgroundColor>-16777216</backgroundColor>
<lineWidth>1</lineWidth>
<points>
<point x="298" y="11327"/>
<point x="1663" y="11086"/>
</points>
</Connector>
<Connector class="oracle.dbtools.crest.swingui.relational.TVFKRelation" oid="8EB76AC3-3374-F744-4CB0-1186F13A5AED" otype="FKIndexAssociation" vid_source="FAB204BC-05CE-CFD4-AD4D-F57DBD356C66" vid_target="B14E056E-F840-BED4-BE64-659F9950B420">
<hideElementsInCurrentOnly>false</hideElementsInCurrentOnly>
<backgroundColor>-16777216</backgroundColor>
<lineWidth>1</lineWidth>
<points>
<point x="140124" y="10586"/>
<point x="140124" y="10646"/>
</points>
</Connector>
<Connector class="oracle.dbtools.crest.swingui.relational.TVFKRelation" oid="9299F12C-E722-0E82-C453-4E6A770A8F3B" otype="FKIndexAssociation" vid_source="A3F3568E-D378-ECD0-5398-D9BA23B92278" vid_target="369B9C18-6BA8-9F82-A485-98254178EA91">
<hideElementsInCurrentOnly>false</hideElementsInCurrentOnly>
<backgroundColor>-16777216</backgroundColor>
<lineWidth>1</lineWidth>
<points>
<point x="139865" y="11043"/>
<point x="10500" y="42676"/>
</points>
</Connector>
<Connector class="oracle.dbtools.crest.swingui.relational.TVFKRelation" oid="96478B8A-D8DB-D21F-CE21-323B6F1B41BB" otype="FKIndexAssociation" vid_source="AD01D957-A8DE-E436-754E-5AF62D5F90E0" vid_target="092620B6-53A7-ED0A-5426-EFABCEF08678">
<hideElementsInCurrentOnly>false</hideElementsInCurrentOnly>
<backgroundColor>-16777216</backgroundColor>
<lineWidth>1</lineWidth>
<points>
<point x="129749" y="11110"/>
<point x="129622" y="11191"/>
</points>
</Connector>
<Connector class="oracle.dbtools.crest.swingui.relational.TVFKRelation" oid="9D153200-E2B0-849B-5451-C694CDDBA99C" otype="FKIndexAssociation" vid_source="AD01D957-A8DE-E436-754E-5AF62D5F90E0" vid_target="DE8CA629-022C-D38B-B77D-CA327E2A7D9D">
<hideElementsInCurrentOnly>false</hideElementsInCurrentOnly>
<backgroundColor>-16777216</backgroundColor>
<lineWidth>1</lineWidth>
<points>
<point x="129702" y="10973"/>
<point x="129257" y="10820"/>
</points>
</Connector>
<Connector class="oracle.dbtools.crest.swingui.relational.TVFKRelation" oid="A310AB6E-5805-08DA-37DA-2477E758F4F4" otype="FKIndexAssociation" vid_source="0CF9F676-7D48-B2A6-5CD6-386EC1AB91E8" vid_target="63F914CE-5163-1D4A-9B70-4B6C51BE84BA">
<hideElementsInCurrentOnly>false</hideElementsInCurrentOnly>
<backgroundColor>-16777216</backgroundColor>
<lineWidth>1</lineWidth>
<points>
<point x="59929" y="15782"/>
<point x="59929" y="15842"/>
</points>
</Connector>
<Connector class="oracle.dbtools.crest.swingui.relational.TVFKRelation" oid="B1FE5381-5EB4-E0F5-28DE-78342F29C6E9" otype="FKIndexAssociation" vid_source="DA7FF06D-98B4-609D-B457-AB7E39AB6451" vid_target="33C0CEC2-6E4F-99C4-8F85-8D5ED14B65F7">
<hideElementsInCurrentOnly>false</hideElementsInCurrentOnly>
<backgroundColor>-16777216</backgroundColor>
<lineWidth>1</lineWidth>
<points>
<point x="155" y="11284"/>
<point x="155" y="11224"/>
</points>
</Connector>
<Connector class="oracle.dbtools.crest.swingui.relational.TVFKRelation" oid="C683A196-C103-8FC5-21FA-7BA8D4AF6190" otype="FKIndexAssociation" vid_source="B2E5CA1E-C760-9EFA-976F-17F93B8D45E8" vid_target="369B9C18-6BA8-9F82-A485-98254178EA91">
<hideElementsInCurrentOnly>false</hideElementsInCurrentOnly>
<backgroundColor>-16777216</backgroundColor>
<lineWidth>1</lineWidth>
<points>
<point x="130072" y="10526"/>
<point x="10448" y="42676"/>
</points>
</Connector>
<Connector class="oracle.dbtools.crest.swingui.relational.TVFKRelation" oid="CF57DB6C-786B-3B21-2D1D-367599456D32" otype="FKIndexAssociation" vid_source="AD01D957-A8DE-E436-754E-5AF62D5F90E0" vid_target="FF2420F4-C346-9744-B38C-BCA293DF040F">
<hideElementsInCurrentOnly>false</hideElementsInCurrentOnly>
<backgroundColor>-16777216</backgroundColor>
<lineWidth>1</lineWidth>
<points>
<point x="129847" y="10954"/>
<point x="129847" y="10894"/>
</points>
</Connector>
<Connector class="oracle.dbtools.crest.swingui.relational.TVFKRelation" oid="DDF4FC57-8664-8226-B783-FD6DE5D6F9D9" otype="FKIndexAssociation" vid_source="A3F3568E-D378-ECD0-5398-D9BA23B92278" vid_target="B14E056E-F840-BED4-BE64-659F9950B420">
<hideElementsInCurrentOnly>false</hideElementsInCurrentOnly>
<backgroundColor>-16777216</backgroundColor>
<lineWidth>1</lineWidth>
<points>
<point x="140015" y="10946"/>
<point x="140015" y="10886"/>
</points>
</Connector>
<Connector class="oracle.dbtools.crest.swingui.relational.TVFKRelation" oid="E0D491AC-1DC6-8315-83D1-FBF40936C886" otype="FKIndexAssociation" vid_source="B2E5CA1E-C760-9EFA-976F-17F93B8D45E8" vid_target="FF2420F4-C346-9744-B38C-BCA293DF040F">
<hideElementsInCurrentOnly>false</hideElementsInCurrentOnly>
<backgroundColor>-16777216</backgroundColor>
<lineWidth>1</lineWidth>
<points>
<point x="130092" y="10580"/>
<point x="129992" y="10656"/>
</points>
</Connector>
<Connector class="oracle.dbtools.crest.swingui.relational.TVFKRelation" oid="E1EB9953-7842-F51D-A5DC-3099D22A45EC" otype="FKIndexAssociation" vid_source="DA7FF06D-98B4-609D-B457-AB7E39AB6451" vid_target="E9486057-DAE2-F95E-F587-8118D33A030D">
<hideElementsInCurrentOnly>false</hideElementsInCurrentOnly>
<backgroundColor>-16777216</backgroundColor>
<lineWidth>1</lineWidth>
<points>
<point x="159" y="11420"/>
<point x="159" y="11480"/>
</points>
</Connector>
<Connector class="oracle.dbtools.crest.swingui.relational.TVFKRelation" oid="EA0E3317-35B2-8B06-F63E-FC48580359F4" otype="FKIndexAssociation" vid_source="CCD80805-C14E-14FC-A800-CFA37B939C4B" vid_target="4E274743-0890-C8C8-2B02-BCFA6806F82C">
<hideElementsInCurrentOnly>false</hideElementsInCurrentOnly>
<backgroundColor>-16777216</backgroundColor>
<lineWidth>1</lineWidth>
<points>
<point x="128834" y="11366"/>
<point x="128834" y="11306"/>
</points>
</Connector>
<Connector class="oracle.dbtools.crest.swingui.relational.TVFKRelation" oid="F7A317BE-EB15-FC65-D607-DFE8C94B47D4" otype="FKIndexAssociation" vid_source="D4D158F9-04F7-8979-F677-38D8458FAAB1" vid_target="7273225C-1722-0034-B6D4-944837B446E3">
<hideElementsInCurrentOnly>false</hideElementsInCurrentOnly>
<backgroundColor>-16777216</backgroundColor>
<lineWidth>1</lineWidth>
<points>
<point x="2175" y="11070"/>
<point x="2175" y="11130"/>
</points>
</Connector>
<Connector class="oracle.dbtools.crest.swingui.relational.TVFKRelation" oid="F91C6BEB-B1DD-7F79-521B-29506540CE95" otype="FKIndexAssociation" vid_source="FB890FDC-EC3E-CFDF-9B39-900965130AB2" vid_target="33C0CEC2-6E4F-99C4-8F85-8D5ED14B65F7">
<hideElementsInCurrentOnly>false</hideElementsInCurrentOnly>
<backgroundColor>-16777216</backgroundColor>
<lineWidth>1</lineWidth>
<points>
<point x="129076" y="10715"/>
<point x="290" y="11103"/>
</points>
</Connector>
</connectors>
</Diagram>