<?xml version = '1.0' encoding = 'UTF-8'?>
<Diagram class="oracle.dbtools.crest.swingui.relational.DPVRelationalSubView" name="MORPHMASTER" id="EE78E3D6-D4B1-6AC3-ABE7-B0453FDAC112">
<createdBy>Duncan.Taylor</createdBy>
<modifiedBy>Duncan.Taylor</modifiedBy>
<createdTime>2018-07-25 11:58:43 UTC</createdTime>
<autoRoute>false</autoRoute>
<boxInbox>true</boxInbox>
<showLegend>false</showLegend>
<showLabels>false</showLabels>
<showRelAttributes>false</showRelAttributes>
<gridEnabled>false</gridEnabled>
<showGrid>false</showGrid>
<diagramColor>-1</diagramColor>
<display>false</display>
<notation>1</notation>
<schemaObject>627EC8B1-D1E0-4DAA-5B69-DDD577927FDD</schemaObject>
<objectViews>
<OView class="oracle.dbtools.crest.swingui.relational.TVTable" oid="01AA0CF7-0C58-4E3B-ADDE-D4D3A0A3235C" otype="Table" vid="D1A75CA6-F877-A125-A199-0693E1D40452">
<hideElementsInCurrentOnly>false</hideElementsInCurrentOnly>
<bounds x="20" y="2834" width="292" height="284"/>
</OView>
<OView class="oracle.dbtools.crest.swingui.relational.TVView" oid="049EF2D1-6020-0332-CFDD-ADF9E344BB0C" otype="View" vid="40D67378-E58C-0CCB-EAAB-A9806CA22811">
<hideElementsInCurrentOnly>false</hideElementsInCurrentOnly>
<bounds x="20" y="3722" width="369" height="350"/>
</OView>
<OView class="oracle.dbtools.crest.swingui.relational.TVTable" oid="0B7CA974-4DD5-1864-DA5A-C3CCFC0DBF92" otype="Table" vid="217F1417-9B73-7FB5-B0E1-FA7D28AD6F85">
<hideElementsInCurrentOnly>false</hideElementsInCurrentOnly>
<bounds x="2093" y="516" width="434" height="282"/>
</OView>
<OView class="oracle.dbtools.crest.swingui.relational.TVView" oid="0BF72664-71F6-27C8-2D7D-64098C4C716B" otype="View" vid="90D6AEB3-21EC-9E7A-2369-E063F55828C3">
<hideElementsInCurrentOnly>false</hideElementsInCurrentOnly>
<bounds x="1733" y="3722" width="277" height="70"/>
</OView>
<OView class="oracle.dbtools.crest.swingui.relational.TVView" oid="14DC059B-5269-3D6C-F70D-FB15E5B35667" otype="View" vid="E1D0BCEE-D7D3-E932-F60B-4E61D28CC016">
<hideElementsInCurrentOnly>false</hideElementsInCurrentOnly>
<bounds x="1894" y="2834" width="335" height="294"/>
</OView>
<OView class="oracle.dbtools.crest.swingui.relational.TVView" oid="166DFF5F-2EBF-DDE9-10C0-C027A78AD5A0" otype="View" vid="CE2342D6-1C75-4AF9-B6DB-218815CC20DF">
<hideElementsInCurrentOnly>false</hideElementsInCurrentOnly>
<bounds x="2484" y="3722" width="314" height="154"/>
</OView>
<OView class="oracle.dbtools.crest.swingui.relational.TVView" oid="1F9EB711-0D38-1F07-81DB-7247DE134136" otype="View" vid="D9A9FC71-D3FA-EC4E-FC27-59D34F24BB6C">
<hideElementsInCurrentOnly>false</hideElementsInCurrentOnly>
<bounds x="2279" y="2834" width="328" height="126"/>
</OView>
<OView class="oracle.dbtools.crest.swingui.relational.TVTable" oid="22F04381-97A8-F624-914F-14C5F7804772" otype="Table" vid="E9F510B1-0AB9-7A18-C30F-EF6EE443FE14">
<hideElementsInCurrentOnly>false</hideElementsInCurrentOnly>
<bounds x="20" y="2092" width="372" height="240"/>
</OView>
<OView class="oracle.dbtools.crest.swingui.relational.TVTable" oid="230D76D0-EE8E-01F5-D95C-939C0CF926B2" otype="Table" vid="8114D143-4A35-79A4-393F-1D897581E4A6">
<hideElementsInCurrentOnly>false</hideElementsInCurrentOnly>
<bounds x="1220" y="816" width="276" height="108"/>
</OView>
<OView class="oracle.dbtools.crest.swingui.relational.TVTable" oid="26F59A68-F4F2-2EF6-A67B-7A3ED3FC839C" otype="Table" vid="A3B82E80-24C5-97C2-4B71-3D15661139EF">
<hideElementsInCurrentOnly>false</hideElementsInCurrentOnly>
<bounds x="1413" y="984" width="293" height="156"/>
</OView>
<OView class="oracle.dbtools.crest.swingui.relational.TVTable" oid="28E10A57-C8E2-88BD-49C2-8D2426D9AADB" otype="Table" vid="324446FE-446B-7EFF-A341-9717F1A5D610">
<hideElementsInCurrentOnly>false</hideElementsInCurrentOnly>
<bounds x="914" y="2512" width="264" height="110"/>
</OView>
<OView class="oracle.dbtools.crest.swingui.relational.TVTable" oid="2946D50B-70FA-1723-46DA-E5AF75037674" otype="Table" vid="06A77A29-426A-FA09-8A70-3D2E0A825A03">
<hideElementsInCurrentOnly>false</hideElementsInCurrentOnly>
<bounds x="1026" y="984" width="307" height="184"/>
</OView>
<OView class="oracle.dbtools.crest.swingui.relational.TVTable" oid="30C94BF6-2599-DFC6-69C0-F39E71616FF8" otype="Table" vid="BC923F0D-E57E-1A05-6807-15360D5EB3C7">
<hideElementsInCurrentOnly>false</hideElementsInCurrentOnly>
<bounds x="246" y="1868" width="300" height="164"/>
</OView>
<OView class="oracle.dbtools.crest.swingui.relational.TVTable" oid="30CF2BA5-37BC-FE00-52AA-8B6A280272CD" otype="Table" vid="6738B907-D836-E2FA-19CD-3F06D1D150CB">
<hideElementsInCurrentOnly>false</hideElementsInCurrentOnly>
<bounds x="1522" y="1470" width="320" height="240"/>
</OView>
<OView class="oracle.dbtools.crest.swingui.relational.TVTable" oid="30DB35CC-5FFD-E059-03EF-8BEE67F2FB49" otype="Table" vid="D116C505-BD33-217E-26D0-3A6F57F9096F">
<hideElementsInCurrentOnly>false</hideElementsInCurrentOnly>
<bounds x="1542" y="2512" width="346" height="170"/>
</OView>
<OView class="oracle.dbtools.crest.swingui.relational.TVTable" oid="33B24BBD-2FBB-87B9-4785-AFBE0482107A" otype="Table" vid="0694EDA8-799D-FCF7-7DDA-8E5E8F6CDB1D">
<hideElementsInCurrentOnly>false</hideElementsInCurrentOnly>
<bounds x="661" y="530" width="285" height="226"/>
</OView>
<OView class="oracle.dbtools.crest.swingui.relational.TVView" oid="399F31BA-E89A-5043-6A8A-376DA7921A66" otype="View" vid="C36DDD7C-5645-0D9C-0565-BA91E519261A">
<hideElementsInCurrentOnly>false</hideElementsInCurrentOnly>
<bounds x="20" y="4222" width="330" height="168"/>
</OView>
<OView class="oracle.dbtools.crest.swingui.relational.TVTable" oid="3B4E3AF7-295A-07D0-46DA-4E14FA343AF7" otype="Table" vid="D6EA0743-D84D-E420-2A1F-D9991A00FE95">
<hideElementsInCurrentOnly>false</hideElementsInCurrentOnly>
<bounds x="70" y="90" width="170" height="110"/>
</OView>
<OView class="oracle.dbtools.crest.swingui.relational.TVView" oid="4171095A-0825-C970-D37F-AD2EF337A9C3" otype="View" vid="1C6A8C9C-0C9D-5656-E8F2-DA1BE65CF2F7">
<hideElementsInCurrentOnly>false</hideElementsInCurrentOnly>
<bounds x="1137" y="3722" width="238" height="84"/>
</OView>
<OView class="oracle.dbtools.crest.swingui.relational.TVView" oid="438568CB-E33D-213C-4166-F8B42F94EECF" otype="View" vid="B0F0DB3F-6E9C-2AB9-8E55-14B2ED3D8F86">
<hideElementsInCurrentOnly>false</hideElementsInCurrentOnly>
<bounds x="400" y="4222" width="310" height="112"/>
</OView>
<OView class="oracle.dbtools.crest.swingui.relational.TVTable" oid="44B9D5E7-11E9-B6E8-A6DF-A53AA562FB38" otype="Table" vid="F1494711-EC9D-CF63-B246-270BF2C0EE98">
<hideElementsInCurrentOnly>false</hideElementsInCurrentOnly>
<bounds x="1522" y="1770" width="301" height="122"/>
</OView>
<OView class="oracle.dbtools.crest.swingui.relational.TVView" oid="4C81C7D7-EA7E-B8C3-277D-6D57416283B4" otype="View" vid="25D3687D-F6C1-B5D4-A438-A0A57763772C">
<hideElementsInCurrentOnly>false</hideElementsInCurrentOnly>
<bounds x="20" y="4582" width="318" height="168"/>
</OView>
<OView class="oracle.dbtools.crest.swingui.relational.TVView" oid="4D90FA7F-9E73-EA52-0B0C-43DA7C26AC3E" otype="View" vid="CA2304B2-470B-0119-006B-4892756103CF">
<hideElementsInCurrentOnly>false</hideElementsInCurrentOnly>
<bounds x="2270" y="3278" width="248" height="98"/>
</OView>
<OView class="oracle.dbtools.crest.swingui.relational.TVTable" oid="546AA26A-5467-AB53-C6FF-80681533B4B5" otype="Table" vid="3F47D3C3-8212-6865-2239-8EAC7481F9F4">
<hideElementsInCurrentOnly>false</hideElementsInCurrentOnly>
<bounds x="2688" y="216" width="307" height="170"/>
</OView>
<OView class="oracle.dbtools.crest.swingui.relational.TVTable" oid="57498EF2-0161-F24E-2FAD-AD8C36137DA6" otype="Table" vid="47F92FE4-797A-C64C-41FF-45A29174FD2A">
<hideElementsInCurrentOnly>false</hideElementsInCurrentOnly>
<bounds x="661" y="816" width="338" height="156"/>
</OView>
<OView class="oracle.dbtools.crest.swingui.relational.TVTable" oid="596C9C6B-FB76-D99A-8433-E12A50A44EAE" otype="Table" vid="99951A05-3B8A-62F9-B38A-B21996E1B811">
<hideElementsInCurrentOnly>false</hideElementsInCurrentOnly>
<bounds x="2248" y="2512" width="301" height="128"/>
</OView>
<OView class="oracle.dbtools.crest.swingui.relational.TVTable" oid="5BD92544-468E-6D64-0B1B-4D284AE3712A" otype="Table" vid="90A144CA-1A25-330C-B514-BC3B61100688">
<hideElementsInCurrentOnly>false</hideElementsInCurrentOnly>
<bounds x="50" y="50" width="170" height="110"/>
</OView>
<OView class="oracle.dbtools.crest.swingui.relational.TVView" oid="5E16B59E-1C34-EE11-D060-747FC81B19EF" otype="View" vid="E3250786-9E5F-89B8-04CD-B531E63BA6A0">
<hideElementsInCurrentOnly>false</hideElementsInCurrentOnly>
<bounds x="1122" y="4582" width="316" height="154"/>
</OView>
<OView class="oracle.dbtools.crest.swingui.relational.TVView" oid="6119463E-7FDD-CF72-10A1-A636965664C4" otype="View" vid="D2ECC9FC-61B7-E99A-B01B-41DAD3437983">
<hideElementsInCurrentOnly>false</hideElementsInCurrentOnly>
<bounds x="20" y="3278" width="300" height="196"/>
</OView>
<OView class="oracle.dbtools.crest.swingui.relational.TVView" oid="620A50B4-1524-83FD-E827-D1184E1B21E8" otype="View" vid="3EC071EB-E6AD-290C-59D2-8A5F3416FD04">
<hideElementsInCurrentOnly>false</hideElementsInCurrentOnly>
<bounds x="2060" y="3722" width="374" height="252"/>
</OView>
<OView class="oracle.dbtools.crest.swingui.relational.TVView" oid="63AEF200-457F-7691-3984-3CF073080552" otype="View" vid="8B2DA4D8-A4E6-8FA0-1394-782A36AAF817">
<hideElementsInCurrentOnly>false</hideElementsInCurrentOnly>
<bounds x="388" y="4582" width="318" height="168"/>
</OView>
<OView class="oracle.dbtools.crest.swingui.relational.TVTable" oid="66B08357-2E4D-5FA3-15A6-57CA465884BF" otype="Table" vid="DA8B4715-54E4-44E4-9732-C34017C3124F">
<hideElementsInCurrentOnly>false</hideElementsInCurrentOnly>
<bounds x="1004" y="1470" width="358" height="520"/>
</OView>
<OView class="oracle.dbtools.crest.swingui.relational.TVView" oid="6982B3BA-E02B-215C-CD80-4914470526D5" otype="View" vid="B50B7098-0DCB-119F-527F-0B11432BEE26">
<hideElementsInCurrentOnly>false</hideElementsInCurrentOnly>
<bounds x="1134" y="2834" width="361" height="140"/>
</OView>
<OView class="oracle.dbtools.crest.swingui.relational.TVTable" oid="699BE86F-97C6-2976-D434-2D5C1B6392B2" otype="Table" vid="38B7AAC4-6AEC-6BAD-7C11-00A6798FB0A1">
<hideElementsInCurrentOnly>false</hideElementsInCurrentOnly>
<bounds x="366" y="2512" width="498" height="116"/>
</OView>
<OView class="oracle.dbtools.crest.swingui.relational.TVView" oid="6AAD99F2-9B81-7490-BF21-15AEF6782E63" otype="View" vid="575AB721-0080-BC14-3C00-6403860AF4D1">
<hideElementsInCurrentOnly>false</hideElementsInCurrentOnly>
<bounds x="370" y="3278" width="348" height="294"/>
</OView>
<OView class="oracle.dbtools.crest.swingui.relational.TVTable" oid="6E9BA383-CBF0-3DBB-E440-1E11E7C63837" otype="Table" vid="968D45E2-58E2-C02D-04BA-3307ADEB39D0">
<hideElementsInCurrentOnly>false</hideElementsInCurrentOnly>
<bounds x="1220" y="530" width="301" height="226"/>
</OView>
<OView class="oracle.dbtools.crest.swingui.relational.TVTable" oid="75A99719-2128-7FF5-12C9-BE1A2E993C7C" otype="Table" vid="520F087E-7A4C-8138-8279-886C39989A1C">
<hideElementsInCurrentOnly>false</hideElementsInCurrentOnly>
<bounds x="858" y="1032" width="290" height="254"/>
</OView>
<OView class="oracle.dbtools.crest.swingui.relational.TVTable" oid="7AC8A963-DA5E-EBE9-3F55-DD217EEB4B72" otype="Table" vid="F7C97619-701E-40EE-9F0F-378269EEFA6A">
<hideElementsInCurrentOnly>false</hideElementsInCurrentOnly>
<bounds x="2599" y="2512" width="305" height="142"/>
</OView>
<OView class="oracle.dbtools.crest.swingui.relational.TVView" oid="7C262D1E-30DC-E612-E9A8-C1BDB21C5D32" otype="View" vid="4F2B49C8-11C4-C1AA-ADE0-AE084F671CC9">
<hideElementsInCurrentOnly>false</hideElementsInCurrentOnly>
<bounds x="1184" y="3278" width="346" height="140"/>
</OView>
<OView class="oracle.dbtools.crest.swingui.relational.TVView" oid="7E9E3469-A127-17DE-CFB5-F6F2D7114053" otype="View" vid="B9D9AF65-0764-C3A3-D8FE-16AC941CCB5F">
<hideElementsInCurrentOnly>false</hideElementsInCurrentOnly>
<bounds x="2568" y="3278" width="339" height="154"/>
</OView>
<OView class="oracle.dbtools.crest.swingui.relational.TVView" oid="7F6CBA0E-5690-3F61-F6E8-AACD5B9BC52D" otype="View" vid="DE1BC27F-0682-C8B3-CF86-031CC66CD64D">
<hideElementsInCurrentOnly>false</hideElementsInCurrentOnly>
<bounds x="768" y="3278" width="366" height="98"/>
</OView>
<OView class="oracle.dbtools.crest.swingui.relational.TVView" oid="86EAE23B-4C67-CB84-169C-CD56216AAF64" otype="View" vid="AC3683A0-1E51-AC3D-A625-979929C57239">
<hideElementsInCurrentOnly>false</hideElementsInCurrentOnly>
<bounds x="439" y="3722" width="297" height="140"/>
</OView>
<OView class="oracle.dbtools.crest.swingui.relational.TVTable" oid="9450A56E-691F-0248-05B2-728CD224C8DC" otype="Table" vid="676B6ADA-43C3-6A1E-8609-935E26205764">
<hideElementsInCurrentOnly>false</hideElementsInCurrentOnly>
<bounds x="1938" y="2512" width="260" height="108"/>
</OView>
<OView class="oracle.dbtools.crest.swingui.relational.TVTable" oid="94BEB5A6-9738-FC97-0688-FFB2D19DF8A4" otype="Table" vid="CA6A9746-4392-0A94-6E3A-CCB223F8D610">
<hideElementsInCurrentOnly>false</hideElementsInCurrentOnly>
<bounds x="90" y="130" width="170" height="110"/>
</OView>
<OView class="oracle.dbtools.crest.swingui.relational.TVTable" oid="96774B7B-9789-72E5-A308-55FB71F12DFE" otype="Table" vid="10B64A1B-6546-D31F-4E11-E683E63250DF">
<hideElementsInCurrentOnly>false</hideElementsInCurrentOnly>
<bounds x="1026" y="1228" width="290" height="122"/>
</OView>
<OView class="oracle.dbtools.crest.swingui.relational.TVView" oid="97E31453-13F4-9D1D-18C5-F782EF50ED57" otype="View" vid="278BF3D1-296E-7D90-CC44-B1DDB40AFA77">
<hideElementsInCurrentOnly>false</hideElementsInCurrentOnly>
<bounds x="756" y="4582" width="316" height="154"/>
</OView>
<OView class="oracle.dbtools.crest.swingui.relational.TVView" oid="9F8914CF-5F14-D42E-1BA3-4285831365F2" otype="View" vid="485305BB-DF50-F36E-73C5-B156921CCEE5">
<hideElementsInCurrentOnly>false</hideElementsInCurrentOnly>
<bounds x="1960" y="4222" width="330" height="126"/>
</OView>
<OView class="oracle.dbtools.crest.swingui.relational.TVTable" oid="A01F1EF3-5B10-ECD1-33CF-87B87F868596" otype="Table" vid="60C92FC8-456C-354C-C774-01559372B234">
<hideElementsInCurrentOnly>false</hideElementsInCurrentOnly>
<bounds x="20" y="2512" width="296" height="172"/>
</OView>
<OView class="oracle.dbtools.crest.swingui.relational.TVTable" oid="A28C63F3-F697-E9F3-6893-319D9685EAF5" otype="Table" vid="1B54DC59-DC41-810F-4D88-283BF5E1F1D9">
<hideElementsInCurrentOnly>false</hideElementsInCurrentOnly>
<bounds x="816" y="20" width="270" height="240"/>
</OView>
<OView class="oracle.dbtools.crest.swingui.relational.TVView" oid="B023639C-B800-4CB4-3043-3557675CFFBA" otype="View" vid="35FC50AD-5D97-209A-BD0E-23AB5E3E6C7F">
<hideElementsInCurrentOnly>false</hideElementsInCurrentOnly>
<bounds x="1425" y="3722" width="258" height="126"/>
</OView>
<OView class="oracle.dbtools.crest.swingui.relational.TVView" oid="B1CDAF7D-B331-827A-4E62-2D6FE39D0EBB" otype="View" vid="1C885923-B958-A03D-F969-3100DDAFE58D">
<hideElementsInCurrentOnly>false</hideElementsInCurrentOnly>
<bounds x="1184" y="4222" width="362" height="140"/>
</OView>
<OView class="oracle.dbtools.crest.swingui.relational.TVTable" oid="B4B54A21-B155-C36F-ECEE-FBDB38919B11" otype="Table" vid="D1FEF536-3C38-7938-47CC-84E7B6DFBA0C">
<hideElementsInCurrentOnly>false</hideElementsInCurrentOnly>
<bounds x="80" y="110" width="170" height="110"/>
</OView>
<OView class="oracle.dbtools.crest.swingui.relational.TVView" oid="B5A7BD2F-F727-B978-954E-D976F356001C" otype="View" vid="75F5346E-8717-9B34-70CE-C23BE08F1896">
<hideElementsInCurrentOnly>false</hideElementsInCurrentOnly>
<bounds x="1488" y="4582" width="328" height="238"/>
</OView>
<OView class="oracle.dbtools.crest.swingui.relational.TVView" oid="B7B17ABD-547D-7493-E4CB-E2D6158E83A4" otype="View" vid="843543B9-9448-A89D-5BEB-0E59F63A06E2">
<hideElementsInCurrentOnly>false</hideElementsInCurrentOnly>
<bounds x="362" y="2834" width="326" height="112"/>
</OView>
<OView class="oracle.dbtools.crest.swingui.relational.TVView" oid="B824451D-B978-4C51-90EC-9684C3C5CABB" otype="View" vid="4415A353-32B4-6615-E13E-0928ABCA3434">
<hideElementsInCurrentOnly>false</hideElementsInCurrentOnly>
<bounds x="1914" y="3278" width="306" height="182"/>
</OView>
<OView class="oracle.dbtools.crest.swingui.relational.TVView" oid="C0184ECB-1987-DB17-553C-2619232197F1" otype="View" vid="9128FC88-9F28-D399-676B-949AA0AD8FB5">
<hideElementsInCurrentOnly>false</hideElementsInCurrentOnly>
<bounds x="1596" y="4222" width="314" height="210"/>
</OView>
<OView class="oracle.dbtools.crest.swingui.relational.TVView" oid="C336D284-7D87-B2AB-BFF3-0BD8BC2307B3" otype="View" vid="C3279238-D5C6-46C1-CF92-D2F17118A895">
<hideElementsInCurrentOnly>false</hideElementsInCurrentOnly>
<bounds x="760" y="4222" width="374" height="196"/>
</OView>
<OView class="oracle.dbtools.crest.swingui.relational.TVTable" oid="C3ECBF8C-C7EC-1083-3080-C40377AA1E20" otype="Table" vid="C123F271-70E4-9748-D752-93A0FE773976">
<hideElementsInCurrentOnly>false</hideElementsInCurrentOnly>
<bounds x="20" y="530" width="364" height="254"/>
</OView>
<OView class="oracle.dbtools.crest.swingui.relational.TVTable" oid="C4177279-BB48-6149-E286-5DBCCFA6AAAC" otype="Table" vid="D220D542-560D-3D34-C706-63A931308025">
<hideElementsInCurrentOnly>false</hideElementsInCurrentOnly>
<bounds x="1004" y="2050" width="279" height="122"/>
</OView>
<OView class="oracle.dbtools.crest.swingui.relational.TVView" oid="C6C6FAF6-C09A-D6E5-41FF-3EFECFDC12B7" otype="View" vid="0500C57B-906B-13C7-9697-5A4A91D412A8">
<hideElementsInCurrentOnly>false</hideElementsInCurrentOnly>
<bounds x="2689" y="4222" width="299" height="168"/>
</OView>
<OView class="oracle.dbtools.crest.swingui.relational.TVView" oid="C8DC4891-4DA6-FFAD-86EE-42E5A8FE6CF1" otype="View" vid="4C279003-630C-CAEF-63B4-46A2E694AD36">
<hideElementsInCurrentOnly>false</hideElementsInCurrentOnly>
<bounds x="1545" y="2834" width="299" height="196"/>
</OView>
<OView class="oracle.dbtools.crest.swingui.relational.TVTable" oid="CFA0D3D5-ECDA-53E5-AA81-92FC013187CF" otype="Table" vid="C36278D7-2D5F-FF33-6862-3B853935179F">
<hideElementsInCurrentOnly>false</hideElementsInCurrentOnly>
<bounds x="246" y="1470" width="370" height="338"/>
</OView>
<OView class="oracle.dbtools.crest.swingui.relational.TVTable" oid="D14D807D-D862-C12A-21E8-779F910D5C60" otype="Table" vid="8A74184E-CDA4-1D04-1C5E-8DBB5DE5F274">
<hideElementsInCurrentOnly>false</hideElementsInCurrentOnly>
<bounds x="816" y="320" width="309" height="150"/>
</OView>
<OView class="oracle.dbtools.crest.swingui.relational.TVView" oid="D6A69B3A-8DFF-669A-5B26-E3FD26E0E8D3" otype="View" vid="CB4A74C4-E196-D1F8-B293-331D266D2BA7">
<hideElementsInCurrentOnly>false</hideElementsInCurrentOnly>
<bounds x="2657" y="2834" width="352" height="168"/>
</OView>
<OView class="oracle.dbtools.crest.swingui.relational.TVTable" oid="D71286C7-DE94-2064-54A8-A63C056924E2" otype="Table" vid="1F0E1B55-75C8-334D-EA13-1D3688C98F4D">
<hideElementsInCurrentOnly>false</hideElementsInCurrentOnly>
<bounds x="2308" y="858" width="300" height="184"/>
</OView>
<OView class="oracle.dbtools.crest.swingui.relational.TVTable" oid="D7D8256D-6F98-3C13-700C-C5ED9E1E8E96" otype="Table" vid="E8B30E50-3044-8DC8-0E59-334E685DE6C4">
<hideElementsInCurrentOnly>false</hideElementsInCurrentOnly>
<bounds x="1516" y="516" width="282" height="156"/>
</OView>
<OView class="oracle.dbtools.crest.swingui.relational.TVTable" oid="D99CEAB8-19B9-F7FE-4AC2-09D907AF3692" otype="Table" vid="A378C121-23D6-45A9-C4EF-B8BEE8ED1937">
<hideElementsInCurrentOnly>false</hideElementsInCurrentOnly>
<bounds x="1228" y="2512" width="264" height="164"/>
</OView>
<OView class="oracle.dbtools.crest.swingui.relational.TVView" oid="DA5A4299-CF80-6F21-0B41-26DCA27E017B" otype="View" vid="206BD5CC-70B0-0460-6A18-C6A031F4402B">
<hideElementsInCurrentOnly>false</hideElementsInCurrentOnly>
<bounds x="1580" y="3278" width="284" height="210"/>
</OView>
<OView class="oracle.dbtools.crest.swingui.relational.TVTable" oid="DFFF3846-F86F-302A-6AC2-2A430933896A" otype="Table" vid="D8F42DD0-CC2C-EB88-B203-54659210713E">
<hideElementsInCurrentOnly>false</hideElementsInCurrentOnly>
<bounds x="464" y="1032" width="314" height="254"/>
</OView>
<OView class="oracle.dbtools.crest.swingui.relational.TVTable" oid="E421FD0A-A74B-C3E7-1DD5-9CAD0C35FF20" otype="Table" vid="B11816E7-5265-6B89-5E0D-B2F1F826FE1A">
<hideElementsInCurrentOnly>false</hideElementsInCurrentOnly>
<bounds x="1912" y="320" width="330" height="136"/>
</OView>
<OView class="oracle.dbtools.crest.swingui.relational.TVView" oid="E55D089E-D438-31F7-A63E-9CFD7AA6A951" otype="View" vid="61A5E563-C445-F999-49D6-504AA2A1C16C">
<hideElementsInCurrentOnly>false</hideElementsInCurrentOnly>
<bounds x="738" y="2834" width="346" height="112"/>
</OView>
<OView class="oracle.dbtools.crest.swingui.relational.TVTable" oid="E8106C5B-C6D3-3161-6F56-53CA9BA876D5" otype="Table" vid="C2576B0A-2716-E7F5-441E-B62A517C9899">
<hideElementsInCurrentOnly>false</hideElementsInCurrentOnly>
<bounds x="1878" y="858" width="350" height="170"/>
</OView>
<OView class="oracle.dbtools.crest.swingui.relational.TVView" oid="ED04E770-CAE0-9F15-A6AE-E22A0ED04028" otype="View" vid="FDDDE00C-2B24-CCA3-626C-2C809E7237A7">
<hideElementsInCurrentOnly>false</hideElementsInCurrentOnly>
<bounds x="2340" y="4222" width="299" height="140"/>
</OView>
<OView class="oracle.dbtools.crest.swingui.relational.TVTable" oid="F112AFB2-A363-E0D5-F172-1E6E71EC0B28" otype="Table" vid="47CB1CAF-3D3B-023E-30B0-E6A68AC724A8">
<hideElementsInCurrentOnly>false</hideElementsInCurrentOnly>
<bounds x="472" y="2092" width="372" height="198"/>
</OView>
<OView class="oracle.dbtools.crest.swingui.relational.TVTable" oid="F6329F25-9033-2C20-DA7D-6B215A361D59" otype="Table" vid="BC5270AE-76CF-6BB4-F5A9-03ED6AF5BEC2">
<hideElementsInCurrentOnly>false</hideElementsInCurrentOnly>
<bounds x="60" y="70" width="170" height="110"/>
</OView>
<OView class="oracle.dbtools.crest.swingui.relational.TVView" oid="F80F19A6-FC2A-C2AE-47C4-CB9C0ED2946E" otype="View" vid="D20842F8-A029-F10C-BF9B-B789AFFAE5F1">
<hideElementsInCurrentOnly>false</hideElementsInCurrentOnly>
<bounds x="1866" y="4582" width="336" height="294"/>
</OView>
<OView class="oracle.dbtools.crest.swingui.relational.TVView" oid="FB25FA9D-74F7-174A-D614-E8B0456160FC" otype="View" vid="95A2D367-0126-E259-EA5E-C0E5C10F0C38">
<hideElementsInCurrentOnly>false</hideElementsInCurrentOnly>
<bounds x="786" y="3722" width="301" height="154"/>
</OView>
<OView class="oracle.dbtools.crest.swingui.relational.TVTable" oid="FBC01113-E0D1-B5CF-B00E-FF01419565A7" otype="Table" vid="B84A2566-7230-1EE0-F832-8F8365CA75F5">
<hideElementsInCurrentOnly>false</hideElementsInCurrentOnly>
<bounds x="2688" y="20" width="278" height="136"/>
</OView>
</objectViews>
<connectors>
<Connector class="oracle.dbtools.crest.swingui.relational.TVFKRelation" oid="00744948-DC4B-E694-1B5B-FB92EFA0B4B8" otype="FKIndexAssociation" vid_source="8114D143-4A35-79A4-393F-1D897581E4A6" vid_target="968D45E2-58E2-C02D-04BA-3307ADEB39D0">
<hideElementsInCurrentOnly>false</hideElementsInCurrentOnly>
<backgroundColor>-16777216</backgroundColor>
<lineWidth>1</lineWidth>
<points>
<point x="1358" y="816"/>
<point x="1358" y="756"/>
</points>
</Connector>
<Connector class="oracle.dbtools.crest.swingui.relational.TVFKRelation" oid="092E214E-5A02-3E0D-520C-0D07CC1528C4" otype="FKIndexAssociation" vid_source="8A74184E-CDA4-1D04-1C5E-8DBB5DE5F274" vid_target="968D45E2-58E2-C02D-04BA-3307ADEB39D0">
<hideElementsInCurrentOnly>false</hideElementsInCurrentOnly>
<backgroundColor>-16777216</backgroundColor>
<lineWidth>1</lineWidth>
<points>
<point x="1091" y="470"/>
<point x="1220" y="549"/>
</points>
</Connector>
<Connector class="oracle.dbtools.crest.swingui.relational.TVFKRelation" oid="0AD91D15-53AC-3148-57C1-FEB18EDE32F0" otype="FKIndexAssociation" vid_source="B11816E7-5265-6B89-5E0D-B2F1F826FE1A" vid_target="217F1417-9B73-7FB5-B0E1-FA7D28AD6F85">
<hideElementsInCurrentOnly>false</hideElementsInCurrentOnly>
<backgroundColor>-16777216</backgroundColor>
<lineWidth>1</lineWidth>
<points>
<point x="2167" y="456"/>
<point x="2167" y="516"/>
</points>
</Connector>
<Connector class="oracle.dbtools.crest.swingui.relational.TVFKRelation" oid="16D8EA7F-F21B-B1DC-28AC-516C984401CF" otype="FKIndexAssociation" vid_source="8A74184E-CDA4-1D04-1C5E-8DBB5DE5F274" vid_target="0694EDA8-799D-FCF7-7DDA-8E5E8F6CDB1D">
<hideElementsInCurrentOnly>false</hideElementsInCurrentOnly>
<backgroundColor>-16777216</backgroundColor>
<lineWidth>1</lineWidth>
<points>
<point x="881" y="470"/>
<point x="881" y="530"/>
</points>
</Connector>
<Connector class="oracle.dbtools.crest.swingui.relational.TVFKRelation" oid="1DEDFDFD-5DF3-793A-6EF9-3FBDF861459E" otype="FKIndexAssociation" vid_source="D1FEF536-3C38-7938-47CC-84E7B6DFBA0C" vid_target="F7C97619-701E-40EE-9F0F-378269EEFA6A">
<hideElementsInCurrentOnly>false</hideElementsInCurrentOnly>
<backgroundColor>-16777216</backgroundColor>
<lineWidth>1</lineWidth>
<points>
<point x="223" y="220"/>
<point x="2675" y="2512"/>
</points>
</Connector>
<Connector class="oracle.dbtools.crest.swingui.relational.TVFKRelation" oid="2019ED5C-1F40-4BE1-10C2-A3911197CE15" otype="FKIndexAssociation" vid_source="D6EA0743-D84D-E420-2A1F-D9991A00FE95" vid_target="D8F42DD0-CC2C-EB88-B203-54659210713E">
<hideElementsInCurrentOnly>false</hideElementsInCurrentOnly>
<backgroundColor>-16777216</backgroundColor>
<lineWidth>1</lineWidth>
<points>
<point x="180" y="200"/>
<point x="562" y="1032"/>
</points>
</Connector>
<Connector class="oracle.dbtools.crest.swingui.relational.TVFKRelation" oid="211E4A48-5531-9F5E-FDDD-992022C4E100" otype="FKIndexAssociation" vid_source="D1FEF536-3C38-7938-47CC-84E7B6DFBA0C" vid_target="D116C505-BD33-217E-26D0-3A6F57F9096F">
<hideElementsInCurrentOnly>false</hideElementsInCurrentOnly>
<backgroundColor>-16777216</backgroundColor>
<lineWidth>1</lineWidth>
<points>
<point x="200" y="220"/>
<point x="1660" y="2512"/>
</points>
</Connector>
<Connector class="oracle.dbtools.crest.swingui.relational.TVFKRelation" oid="2B177821-F353-9D9C-6C57-ADFC9EDDEDD8" otype="FKIndexAssociation" vid_source="8114D143-4A35-79A4-393F-1D897581E4A6" vid_target="C123F271-70E4-9748-D752-93A0FE773976">
<hideElementsInCurrentOnly>false</hideElementsInCurrentOnly>
<backgroundColor>-16777216</backgroundColor>
<lineWidth>1</lineWidth>
<points>
<point x="1220" y="844"/>
<point x="384" y="690"/>
</points>
</Connector>
<Connector class="oracle.dbtools.crest.swingui.relational.TVFKRelation" oid="2D111C95-8CAA-58CB-375F-C1ADD02B958E" otype="FKIndexAssociation" vid_source="BC923F0D-E57E-1A05-6807-15360D5EB3C7" vid_target="C36278D7-2D5F-FF33-6862-3B853935179F">
<hideElementsInCurrentOnly>false</hideElementsInCurrentOnly>
<backgroundColor>-16777216</backgroundColor>
<lineWidth>1</lineWidth>
<points>
<point x="396" y="1868"/>
<point x="396" y="1808"/>
</points>
</Connector>
<Connector class="oracle.dbtools.crest.swingui.relational.TVFKRelation" oid="3AEFB530-3CA4-D329-63CA-FC4ADBC02611" otype="FKIndexAssociation" vid_source="217F1417-9B73-7FB5-B0E1-FA7D28AD6F85" vid_target="C2576B0A-2716-E7F5-441E-B62A517C9899">
<hideElementsInCurrentOnly>false</hideElementsInCurrentOnly>
<backgroundColor>-16777216</backgroundColor>
<lineWidth>1</lineWidth>
<points>
<point x="2160" y="798"/>
<point x="2160" y="858"/>
</points>
</Connector>
<Connector class="oracle.dbtools.crest.swingui.relational.TVFKRelation" oid="45128E0C-9B76-4907-9A53-7F6D85DB8D5A" otype="FKIndexAssociation" vid_source="D220D542-560D-3D34-C706-63A931308025" vid_target="DA8B4715-54E4-44E4-9732-C34017C3124F">
<hideElementsInCurrentOnly>false</hideElementsInCurrentOnly>
<backgroundColor>-16777216</backgroundColor>
<lineWidth>1</lineWidth>
<points>
<point x="1143" y="2050"/>
<point x="1143" y="1990"/>
</points>
</Connector>
<Connector class="oracle.dbtools.crest.swingui.relational.TVFKRelation" oid="454E45E9-7440-4F8D-B082-002EA90997F4" otype="FKIndexAssociation" vid_source="BC923F0D-E57E-1A05-6807-15360D5EB3C7" vid_target="E9F510B1-0AB9-7A18-C30F-EF6EE443FE14">
<hideElementsInCurrentOnly>false</hideElementsInCurrentOnly>
<backgroundColor>-16777216</backgroundColor>
<lineWidth>1</lineWidth>
<points>
<point x="319" y="2032"/>
<point x="319" y="2092"/>
</points>
</Connector>
<Connector class="oracle.dbtools.crest.swingui.relational.TVFKRelation" oid="4A3818D0-DCF1-6991-7584-1C19E74B7A0E" otype="FKIndexAssociation" vid_source="B11816E7-5265-6B89-5E0D-B2F1F826FE1A" vid_target="E8B30E50-3044-8DC8-0E59-334E685DE6C4">
<hideElementsInCurrentOnly>false</hideElementsInCurrentOnly>
<backgroundColor>-16777216</backgroundColor>
<lineWidth>1</lineWidth>
<points>
<point x="1938" y="456"/>
<point x="1798" y="524"/>
</points>
</Connector>
<Connector class="oracle.dbtools.crest.swingui.relational.TVFKRelation" oid="4B9E9C04-192F-DEA4-60C0-1C194BB9BA35" otype="FKIndexAssociation" vid_source="90A144CA-1A25-330C-B514-BC3B61100688" vid_target="217F1417-9B73-7FB5-B0E1-FA7D28AD6F85">
<hideElementsInCurrentOnly>false</hideElementsInCurrentOnly>
<backgroundColor>-16777216</backgroundColor>
<lineWidth>1</lineWidth>
<points>
<point x="220" y="126"/>
<point x="2093" y="601"/>
</points>
</Connector>
<Connector class="oracle.dbtools.crest.swingui.relational.TVFKRelation" oid="537F4858-58DE-EEE0-0C49-0063EDA860E7" otype="FKIndexAssociation" vid_source="8114D143-4A35-79A4-393F-1D897581E4A6" vid_target="A3B82E80-24C5-97C2-4B71-3D15661139EF">
<hideElementsInCurrentOnly>false</hideElementsInCurrentOnly>
<backgroundColor>-16777216</backgroundColor>
<lineWidth>1</lineWidth>
<points>
<point x="1454" y="924"/>
<point x="1454" y="984"/>
</points>
</Connector>
<Connector class="oracle.dbtools.crest.swingui.relational.TVFKRelation" oid="5B1CEBE4-6C46-2203-59C2-B8C6D1731001" otype="FKIndexAssociation" vid_source="D6EA0743-D84D-E420-2A1F-D9991A00FE95" vid_target="C123F271-70E4-9748-D752-93A0FE773976">
<hideElementsInCurrentOnly>false</hideElementsInCurrentOnly>
<backgroundColor>-16777216</backgroundColor>
<lineWidth>1</lineWidth>
<points>
<point x="155" y="200"/>
<point x="155" y="530"/>
</points>
</Connector>
<Connector class="oracle.dbtools.crest.swingui.relational.TVFKRelation" oid="5BC9C2D6-027D-9679-E52E-447582BE32AF" otype="FKIndexAssociation" vid_source="A3B82E80-24C5-97C2-4B71-3D15661139EF" vid_target="47F92FE4-797A-C64C-41FF-45A29174FD2A">
<hideElementsInCurrentOnly>false</hideElementsInCurrentOnly>
<backgroundColor>-16777216</backgroundColor>
<lineWidth>1</lineWidth>
<points>
<point x="1413" y="1028"/>
<point x="999" y="932"/>
</points>
</Connector>
<Connector class="oracle.dbtools.crest.swingui.relational.TVFKRelation" oid="63AE7B8F-7297-EBBC-6B30-D9FFC4F4C02C" otype="FKIndexAssociation" vid_source="8114D143-4A35-79A4-393F-1D897581E4A6" vid_target="06A77A29-426A-FA09-8A70-3D2E0A825A03">
<hideElementsInCurrentOnly>false</hideElementsInCurrentOnly>
<backgroundColor>-16777216</backgroundColor>
<lineWidth>1</lineWidth>
<points>
<point x="1276" y="924"/>
<point x="1276" y="984"/>
</points>
</Connector>
<Connector class="oracle.dbtools.crest.swingui.relational.TVFKRelation" oid="6524A960-8014-5464-4E6C-404F97549D73" otype="FKIndexAssociation" vid_source="D1FEF536-3C38-7938-47CC-84E7B6DFBA0C" vid_target="DA8B4715-54E4-44E4-9732-C34017C3124F">
<hideElementsInCurrentOnly>false</hideElementsInCurrentOnly>
<backgroundColor>-16777216</backgroundColor>
<lineWidth>1</lineWidth>
<points>
<point x="200" y="220"/>
<point x="1013" y="1470"/>
</points>
</Connector>
<Connector class="oracle.dbtools.crest.swingui.relational.TVFKRelation" oid="715E0BF5-E4C8-2D0B-080C-01117408FEE7" otype="FKIndexAssociation" vid_source="B11816E7-5265-6B89-5E0D-B2F1F826FE1A" vid_target="1B54DC59-DC41-810F-4D88-283BF5E1F1D9">
<hideElementsInCurrentOnly>false</hideElementsInCurrentOnly>
<backgroundColor>-16777216</backgroundColor>
<lineWidth>1</lineWidth>
<points>
<point x="1912" y="351"/>
<point x="1086" y="169"/>
</points>
</Connector>
<Connector class="oracle.dbtools.crest.swingui.relational.TVFKRelation" oid="783DA0FD-430B-BD9F-B2F3-D885A2EE3888" otype="FKIndexAssociation" vid_source="8A74184E-CDA4-1D04-1C5E-8DBB5DE5F274" vid_target="C123F271-70E4-9748-D752-93A0FE773976">
<hideElementsInCurrentOnly>false</hideElementsInCurrentOnly>
<backgroundColor>-16777216</backgroundColor>
<lineWidth>1</lineWidth>
<points>
<point x="816" y="447"/>
<point x="384" y="594"/>
</points>
</Connector>
<Connector class="oracle.dbtools.crest.swingui.relational.TVFKRelation" oid="808361DB-209F-79A2-9CC2-9C9D6B6F109E" otype="FKIndexAssociation" vid_source="E8B30E50-3044-8DC8-0E59-334E685DE6C4" vid_target="C2576B0A-2716-E7F5-441E-B62A517C9899">
<hideElementsInCurrentOnly>false</hideElementsInCurrentOnly>
<backgroundColor>-16777216</backgroundColor>
<lineWidth>1</lineWidth>
<points>
<point x="1745" y="672"/>
<point x="1956" y="858"/>
</points>
</Connector>
<Connector class="oracle.dbtools.crest.swingui.relational.TVFKRelation" oid="8545EA28-E78E-0AB8-2059-0674B5F0481D" otype="FKIndexAssociation" vid_source="CA6A9746-4392-0A94-6E3A-CCB223F8D610" vid_target="99951A05-3B8A-62F9-B38A-B21996E1B811">
<hideElementsInCurrentOnly>false</hideElementsInCurrentOnly>
<backgroundColor>-16777216</backgroundColor>
<lineWidth>1</lineWidth>
<points>
<point x="226" y="240"/>
<point x="2338" y="2512"/>
</points>
</Connector>
<Connector class="oracle.dbtools.crest.swingui.relational.TVFKRelation" oid="85CC9AF8-9013-ED0E-0626-15C167E555E9" otype="FKIndexAssociation" vid_source="B84A2566-7230-1EE0-F832-8F8365CA75F5" vid_target="E8B30E50-3044-8DC8-0E59-334E685DE6C4">
<hideElementsInCurrentOnly>false</hideElementsInCurrentOnly>
<backgroundColor>-16777216</backgroundColor>
<lineWidth>1</lineWidth>
<points>
<point x="2688" y="148"/>
<point x="1798" y="548"/>
</points>
</Connector>
<Connector class="oracle.dbtools.crest.swingui.relational.TVFKRelation" oid="8EB76AC3-3374-F744-4CB0-1186F13A5AED" otype="FKIndexAssociation" vid_source="BC5270AE-76CF-6BB4-F5A9-03ED6AF5BEC2" vid_target="6738B907-D836-E2FA-19CD-3F06D1D150CB">
<hideElementsInCurrentOnly>false</hideElementsInCurrentOnly>
<backgroundColor>-16777216</backgroundColor>
<lineWidth>1</lineWidth>
<points>
<point x="202" y="180"/>
<point x="1556" y="1470"/>
</points>
</Connector>
<Connector class="oracle.dbtools.crest.swingui.relational.TVFKRelation" oid="96478B8A-D8DB-D21F-CE21-323B6F1B41BB" otype="FKIndexAssociation" vid_source="47F92FE4-797A-C64C-41FF-45A29174FD2A" vid_target="0694EDA8-799D-FCF7-7DDA-8E5E8F6CDB1D">
<hideElementsInCurrentOnly>false</hideElementsInCurrentOnly>
<backgroundColor>-16777216</backgroundColor>
<lineWidth>1</lineWidth>
<points>
<point x="803" y="816"/>
<point x="803" y="756"/>
</points>
</Connector>
<Connector class="oracle.dbtools.crest.swingui.relational.TVFKRelation" oid="9D153200-E2B0-849B-5451-C694CDDBA99C" otype="FKIndexAssociation" vid_source="47F92FE4-797A-C64C-41FF-45A29174FD2A" vid_target="D8F42DD0-CC2C-EB88-B203-54659210713E">
<hideElementsInCurrentOnly>false</hideElementsInCurrentOnly>
<backgroundColor>-16777216</backgroundColor>
<lineWidth>1</lineWidth>
<points>
<point x="719" y="972"/>
<point x="719" y="1032"/>
</points>
</Connector>
<Connector class="oracle.dbtools.crest.swingui.relational.TVFKRelation" oid="A310AB6E-5805-08DA-37DA-2477E758F4F4" otype="FKIndexAssociation" vid_source="BC923F0D-E57E-1A05-6807-15360D5EB3C7" vid_target="47CB1CAF-3D3B-023E-30B0-E6A68AC724A8">
<hideElementsInCurrentOnly>false</hideElementsInCurrentOnly>
<backgroundColor>-16777216</backgroundColor>
<lineWidth>1</lineWidth>
<points>
<point x="509" y="2032"/>
<point x="509" y="2092"/>
</points>
</Connector>
<Connector class="oracle.dbtools.crest.swingui.relational.TVFKRelation" oid="B1FE5381-5EB4-E0F5-28DE-78342F29C6E9" otype="FKIndexAssociation" vid_source="B84A2566-7230-1EE0-F832-8F8365CA75F5" vid_target="1B54DC59-DC41-810F-4D88-283BF5E1F1D9">
<hideElementsInCurrentOnly>false</hideElementsInCurrentOnly>
<backgroundColor>-16777216</backgroundColor>
<lineWidth>1</lineWidth>
<points>
<point x="2688" y="88"/>
<point x="1086" y="88"/>
</points>
</Connector>
<Connector class="oracle.dbtools.crest.swingui.relational.TVFKRelation" oid="CF57DB6C-786B-3B21-2D1D-367599456D32" otype="FKIndexAssociation" vid_source="47F92FE4-797A-C64C-41FF-45A29174FD2A" vid_target="520F087E-7A4C-8138-8279-886C39989A1C">
<hideElementsInCurrentOnly>false</hideElementsInCurrentOnly>
<backgroundColor>-16777216</backgroundColor>
<lineWidth>1</lineWidth>
<points>
<point x="928" y="972"/>
<point x="928" y="1032"/>
</points>
</Connector>
<Connector class="oracle.dbtools.crest.swingui.relational.TVFKRelation" oid="DDF4FC57-8664-8226-B783-FD6DE5D6F9D9" otype="FKIndexAssociation" vid_source="F1494711-EC9D-CF63-B246-270BF2C0EE98" vid_target="6738B907-D836-E2FA-19CD-3F06D1D150CB">
<hideElementsInCurrentOnly>false</hideElementsInCurrentOnly>
<backgroundColor>-16777216</backgroundColor>
<lineWidth>1</lineWidth>
<points>
<point x="1672" y="1770"/>
<point x="1672" y="1710"/>
</points>
</Connector>
<Connector class="oracle.dbtools.crest.swingui.relational.TVFKRelation" oid="E0D491AC-1DC6-8315-83D1-FBF40936C886" otype="FKIndexAssociation" vid_source="D6EA0743-D84D-E420-2A1F-D9991A00FE95" vid_target="520F087E-7A4C-8138-8279-886C39989A1C">
<hideElementsInCurrentOnly>false</hideElementsInCurrentOnly>
<backgroundColor>-16777216</backgroundColor>
<lineWidth>1</lineWidth>
<points>
<point x="200" y="200"/>
<point x="896" y="1032"/>
</points>
</Connector>
<Connector class="oracle.dbtools.crest.swingui.relational.TVFKRelation" oid="E1EB9953-7842-F51D-A5DC-3099D22A45EC" otype="FKIndexAssociation" vid_source="B84A2566-7230-1EE0-F832-8F8365CA75F5" vid_target="3F47D3C3-8212-6865-2239-8EAC7481F9F4">
<hideElementsInCurrentOnly>false</hideElementsInCurrentOnly>
<backgroundColor>-16777216</backgroundColor>
<lineWidth>1</lineWidth>
<points>
<point x="2827" y="156"/>
<point x="2827" y="216"/>
</points>
</Connector>
<Connector class="oracle.dbtools.crest.swingui.relational.TVFKRelation" oid="EA0E3317-35B2-8B06-F63E-FC48580359F4" otype="FKIndexAssociation" vid_source="10B64A1B-6546-D31F-4E11-E683E63250DF" vid_target="06A77A29-426A-FA09-8A70-3D2E0A825A03">
<hideElementsInCurrentOnly>false</hideElementsInCurrentOnly>
<backgroundColor>-16777216</backgroundColor>
<lineWidth>1</lineWidth>
<points>
<point x="1171" y="1228"/>
<point x="1171" y="1168"/>
</points>
</Connector>
<Connector class="oracle.dbtools.crest.swingui.relational.TVFKRelation" oid="F7A317BE-EB15-FC65-D607-DFE8C94B47D4" otype="FKIndexAssociation" vid_source="217F1417-9B73-7FB5-B0E1-FA7D28AD6F85" vid_target="1F0E1B55-75C8-334D-EA13-1D3688C98F4D">
<hideElementsInCurrentOnly>false</hideElementsInCurrentOnly>
<backgroundColor>-16777216</backgroundColor>
<lineWidth>1</lineWidth>
<points>
<point x="2417" y="798"/>
<point x="2417" y="858"/>
</points>
</Connector>
<Connector class="oracle.dbtools.crest.swingui.relational.TVFKRelation" oid="F91C6BEB-B1DD-7F79-521B-29506540CE95" otype="FKIndexAssociation" vid_source="8A74184E-CDA4-1D04-1C5E-8DBB5DE5F274" vid_target="1B54DC59-DC41-810F-4D88-283BF5E1F1D9">
<hideElementsInCurrentOnly>false</hideElementsInCurrentOnly>
<backgroundColor>-16777216</backgroundColor>
<lineWidth>1</lineWidth>
<points>
<point x="951" y="320"/>
<point x="951" y="260"/>
</points>
</Connector>
</connectors>
</Diagram>