<?xml version = '1.0' encoding = 'UTF-8'?>
<FKIndexAssociation class="oracle.dbtools.crest.model.design.relational.FKIndexAssociation" directorySegmentName="seg_22" id="00744948-DC4B-E694-1B5B-FB92EFA0B4B8" containerWithKeyObject="6E9BA383-CBF0-3DBB-E440-1E11E7C63837" localFKIndex="73151C5A-F587-A92D-B312-F328ED1D93E2" name="MO06_MO01_FK">
<sourceConnName>Browser@C01L</sourceConnName>
<sourceObjSchema>MORPHMASTER</sourceObjSchema>
<sourceObjName>MO06_MO01_FK</sourceObjName>
<createdBy>Duncan.Taylor</createdBy>
<createdTime>2018-07-25 11:57:41 UTC</createdTime>
<ownerDesignName>cdb_c01l</ownerDesignName>
<referredTableLongName>MORPHMASTER.MO01_ZONES</referredTableLongName>
<deleteRule>NO ACTION</deleteRule>
<referredTableID>230D76D0-EE8E-01F5-D95C-939C0CF926B2</referredTableID>
<keyObject>0851AF4F-E1E1-3E84-3B67-6B20E9A3DED6</keyObject>
<referredKeyID>0851AF4F-E1E1-3E84-3B67-6B20E9A3DED6</referredKeyID>
<mandatory>true</mandatory>
<refColNames>ZONE_CODE</refColNames>
<transferable>true</transferable>
<rely>false</rely>
<columnDependencyConstraintGenerateInDDL>true</columnDependencyConstraintGenerateInDDL>
</FKIndexAssociation>