<?xml version = '1.0' encoding = 'UTF-8'?>
<FKIndexAssociation class="oracle.dbtools.crest.model.design.relational.FKIndexAssociation" directorySegmentName="seg_22" id="092E214E-5A02-3E0D-520C-0D07CC1528C4" containerWithKeyObject="6E9BA383-CBF0-3DBB-E440-1E11E7C63837" localFKIndex="E7D27F3B-A578-AE98-F5E7-2BB5825EF830" name="MO06_MO04_FK">
<sourceConnName>Browser@C01L</sourceConnName>
<sourceObjSchema>MORPHMASTER</sourceObjSchema>
<sourceObjName>MO06_MO04_FK</sourceObjName>
<createdBy>Duncan.Taylor</createdBy>
<createdTime>2018-07-25 11:57:41 UTC</createdTime>
<ownerDesignName>cdb_morphmaster</ownerDesignName>
<referredTableLongName>MORPHMASTER.MO04_ACTIVITIES</referredTableLongName>
<deleteRule>NO ACTION</deleteRule>
<referredTableID>D14D807D-D862-C12A-21E8-779F910D5C60</referredTableID>
<keyObject>CCD29A68-0212-478F-6B57-4612165A21E7</keyObject>
<referredKeyID>CCD29A68-0212-478F-6B57-4612165A21E7</referredKeyID>
<mandatory>true</mandatory>
<refColNames>ACTIVITY_CODE</refColNames>
<transferable>true</transferable>
<rely>false</rely>
<columnDependencyConstraintGenerateInDDL>true</columnDependencyConstraintGenerateInDDL>
</FKIndexAssociation>