<?xml version = '1.0' encoding = 'UTF-8'?>
<FKIndexAssociation class="oracle.dbtools.crest.model.design.relational.FKIndexAssociation" directorySegmentName="seg_22" id="16D8EA7F-F21B-B1DC-28AC-516C984401CF" containerWithKeyObject="33B24BBD-2FBB-87B9-4785-AFBE0482107A" localFKIndex="E87958DC-79C0-DAD0-DF52-5DA641FD4213" name="MO05_MO04_FK">
<sourceConnName>Browser@C01L</sourceConnName>
<sourceObjSchema>MORPHMASTER</sourceObjSchema>
<sourceObjName>MO05_MO04_FK</sourceObjName>
<createdBy>Duncan.Taylor</createdBy>
<createdTime>2018-07-25 11:57:41 UTC</createdTime>
<ownerDesignName>cdb_c01l</ownerDesignName>
<referredTableLongName>MORPHMASTER.MO04_ACTIVITIES</referredTableLongName>
<deleteRule>NO ACTION</deleteRule>
<referredTableID>D14D807D-D862-C12A-21E8-779F910D5C60</referredTableID>
<keyObject>CCD29A68-0212-478F-6B57-4612165A21E7</keyObject>
<referredKeyID>CCD29A68-0212-478F-6B57-4612165A21E7</referredKeyID>
<mandatory>true</mandatory>
<refColNames>ACTIVITY_CODE</refColNames>
<transferable>true</transferable>
<rely>false</rely>
<columnDependencyConstraintGenerateInDDL>true</columnDependencyConstraintGenerateInDDL>
</FKIndexAssociation>