<?xml version = '1.0' encoding = 'UTF-8'?>
<FKIndexAssociation class="oracle.dbtools.crest.model.design.relational.FKIndexAssociation" directorySegmentName="seg_22" id="2019ED5C-1F40-4BE1-10C2-A3911197CE15" containerWithKeyObject="DFFF3846-F86F-302A-6AC2-2A430933896A" localFKIndex="73E37C9F-2505-3142-B82E-B27A0730BB4A" name="MO07_GE31_FK">
<sourceConnName>Browser@C01L</sourceConnName>
<sourceObjSchema>MORPHMASTER</sourceObjSchema>
<sourceObjName>MO07_GE31_FK</sourceObjName>
<createdBy>Duncan.Taylor</createdBy>
<createdTime>2018-07-25 11:57:41 UTC</createdTime>
<ownerDesignName>cdb_c01l</ownerDesignName>
<referredTableLongName>GENERAL.GE31_SUBTYPOLOGY_CATEGORIES</referredTableLongName>
<deleteRule>NO ACTION</deleteRule>
<referredTableID>3B4E3AF7-295A-07D0-46DA-4E14FA343AF7</referredTableID>
<keyObject>621E965C-8C0C-8D2E-70DE-BCB11E84A192</keyObject>
<referredKeyID>621E965C-8C0C-8D2E-70DE-BCB11E84A192</referredKeyID>
<mandatory>true</mandatory>
<refColNames>ST_CODE,CATEGORY</refColNames>
<transferable>true</transferable>
<rely>false</rely>
<columnDependencyConstraintGenerateInDDL>true</columnDependencyConstraintGenerateInDDL>
</FKIndexAssociation>