<?xml version = '1.0' encoding = 'UTF-8'?>
<FKIndexAssociation class="oracle.dbtools.crest.model.design.relational.FKIndexAssociation" directorySegmentName="seg_22" id="45128E0C-9B76-4907-9A53-7F6D85DB8D5A" containerWithKeyObject="66B08357-2E4D-5FA3-15A6-57CA465884BF" localFKIndex="C7AC2BC1-274A-502E-DF08-1E2152722712" name="M099_M097_FK">
<sourceConnName>Browser@C01L</sourceConnName>
<sourceObjSchema>MORPHMASTER</sourceObjSchema>
<sourceObjName>M099_M097_FK</sourceObjName>
<createdBy>Duncan.Taylor</createdBy>
<createdTime>2018-07-25 11:57:41 UTC</createdTime>
<ownerDesignName>cdb_c01l</ownerDesignName>
<referredTableLongName>MORPHMASTER.MO97_SCREENING_ACTIVITIES</referredTableLongName>
<deleteRule>NO ACTION</deleteRule>
<referredTableID>C4177279-BB48-6149-E286-5DBCCFA6AAAC</referredTableID>
<keyObject>9AC2C3C0-A6B3-0A20-9C33-1AAACBCE2738</keyObject>
<referredKeyID>9AC2C3C0-A6B3-0A20-9C33-1AAACBCE2738</referredKeyID>
<mandatory>false</mandatory>
<refColNames>ACTIVITY_ID</refColNames>
<transferable>true</transferable>
<rely>false</rely>
<columnDependencyConstraintGenerateInDDL>true</columnDependencyConstraintGenerateInDDL>
</FKIndexAssociation>