<?xml version = '1.0' encoding = 'UTF-8'?>
<FKIndexAssociation class="oracle.dbtools.crest.model.design.relational.FKIndexAssociation" directorySegmentName="seg_22" id="537F4858-58DE-EEE0-0C49-0063EDA860E7" containerWithKeyObject="26F59A68-F4F2-2EF6-A67B-7A3ED3FC839C" localFKIndex="9653E945-A36B-9B66-3372-ED96528EE15D" name="MO02_MO01_FK">
<sourceConnName>Browser@C01L</sourceConnName>
<sourceObjSchema>MORPHMASTER</sourceObjSchema>
<sourceObjName>MO02_MO01_FK</sourceObjName>
<createdBy>Duncan.Taylor</createdBy>
<createdTime>2018-07-25 11:57:41 UTC</createdTime>
<ownerDesignName>cdb_c01l</ownerDesignName>
<referredTableLongName>MORPHMASTER.MO01_ZONES</referredTableLongName>
<deleteRule>NO ACTION</deleteRule>
<referredTableID>230D76D0-EE8E-01F5-D95C-939C0CF926B2</referredTableID>
<keyObject>0851AF4F-E1E1-3E84-3B67-6B20E9A3DED6</keyObject>
<referredKeyID>0851AF4F-E1E1-3E84-3B67-6B20E9A3DED6</referredKeyID>
<mandatory>true</mandatory>
<refColNames>ZONE_CODE</refColNames>
<transferable>true</transferable>
<rely>false</rely>
<columnDependencyConstraintGenerateInDDL>true</columnDependencyConstraintGenerateInDDL>
</FKIndexAssociation>