<?xml version = '1.0' encoding = 'UTF-8'?>
<FKIndexAssociation class="oracle.dbtools.crest.model.design.relational.FKIndexAssociation" directorySegmentName="seg_22" id="5BC9C2D6-027D-9679-E52E-447582BE32AF" containerWithKeyObject="57498EF2-0161-F24E-2FAD-AD8C36137DA6" localFKIndex="41B7D1E7-4B23-A8A6-20E6-CB7A9E4C9636" name="MO03_MO02_FK">
<sourceConnName>Browser@C01L</sourceConnName>
<sourceObjSchema>MORPHMASTER</sourceObjSchema>
<sourceObjName>MO03_MO02_FK</sourceObjName>
<createdBy>Duncan.Taylor</createdBy>
<createdTime>2018-07-25 11:57:41 UTC</createdTime>
<ownerDesignName>cdb_c01l</ownerDesignName>
<referredTableLongName>MORPHMASTER.MO02_DIVISIONS</referredTableLongName>
<deleteRule>NO ACTION</deleteRule>
<referredTableID>26F59A68-F4F2-2EF6-A67B-7A3ED3FC839C</referredTableID>
<keyObject>D65A39AA-07EE-720D-34CC-13DD620FD5F5</keyObject>
<referredKeyID>D65A39AA-07EE-720D-34CC-13DD620FD5F5</referredKeyID>
<mandatory>true</mandatory>
<refColNames>DIVISION_CODE</refColNames>
<transferable>true</transferable>
<rely>false</rely>
<columnDependencyConstraintGenerateInDDL>true</columnDependencyConstraintGenerateInDDL>
</FKIndexAssociation>