<?xml version = '1.0' encoding = 'UTF-8'?>
<FKIndexAssociation class="oracle.dbtools.crest.model.design.relational.FKIndexAssociation" directorySegmentName="seg_22" id="96478B8A-D8DB-D21F-CE21-323B6F1B41BB" containerWithKeyObject="33B24BBD-2FBB-87B9-4785-AFBE0482107A" localFKIndex="706DDAF3-1FA9-2FAC-E0D0-CFB0A3439D36" name="MO05_MO03_FK">
<sourceConnName>Browser@C01L</sourceConnName>
<sourceObjSchema>MORPHMASTER</sourceObjSchema>
<sourceObjName>MO05_MO03_FK</sourceObjName>
<createdBy>Duncan.Taylor</createdBy>
<createdTime>2018-07-25 11:57:41 UTC</createdTime>
<ownerDesignName>cdb_c01l</ownerDesignName>
<referredTableLongName>MORPHMASTER.MO03_CHARACTERISTICS</referredTableLongName>
<deleteRule>NO ACTION</deleteRule>
<referredTableID>57498EF2-0161-F24E-2FAD-AD8C36137DA6</referredTableID>
<keyObject>49A1C727-35B5-076D-F390-97D7E34B2E9D</keyObject>
<referredKeyID>49A1C727-35B5-076D-F390-97D7E34B2E9D</referredKeyID>
<mandatory>true</mandatory>
<refColNames>CHARACTERISTIC_CODE</refColNames>
<transferable>true</transferable>
<rely>false</rely>
<columnDependencyConstraintGenerateInDDL>true</columnDependencyConstraintGenerateInDDL>
</FKIndexAssociation>