<?xml version = '1.0' encoding = 'UTF-8'?>
<Table class="oracle.dbtools.crest.model.design.relational.Table" directorySegmentName="seg_36" id="94BEB5A6-9738-FC97-0688-FFB2D19DF8A4" schemaObject="06841B23-6140-E146-0E94-9D7A2B48ED83" name="WF11_PROTECTED_AREAS">
<sourceConnName>Browser@C01L</sourceConnName>
<sourceObjSchema>WFDMASTER</sourceObjSchema>
<sourceObjName>WF11_PROTECTED_AREAS</sourceObjName>
<createdBy>Duncan.Taylor</createdBy>
<createdTime>2018-07-25 11:56:58 UTC</createdTime>
<ownerDesignName>cdb_morphmaster</ownerDesignName>
<allowColumnReorder>false</allowColumnReorder>
<existDependencyGenerateInDDl>true</existDependencyGenerateInDDl>
<parsed>true</parsed>
<columns itemClass="oracle.dbtools.crest.model.design.relational.Column">
<Column name="PA_ID" id="37B5FD5E-D77B-A693-2BAA-3BBE7A46C1AF">
<sourceConnName>Browser@C01L</sourceConnName>
<sourceObjSchema>WF11_PROTECTED_AREAS</sourceObjSchema>
<sourceObjName>PA_ID</sourceObjName>
<createdBy>Duncan.Taylor</createdBy>
<createdTime>2018-07-25 11:57:16 UTC</createdTime>
<ownerDesignName>cdb_morphmaster</ownerDesignName>
<useDomainConstraints>false</useDomainConstraints>
<use>1</use>
<logicalDatatype>LOGDT024</logicalDatatype>
<dataTypeSize>15 BYTE</dataTypeSize>
<ownDataTypeParameters>15 BYTE,,</ownDataTypeParameters>
<autoIncrementCycle>false</autoIncrementCycle>
</Column>
<Column name="DESCRIPTION" id="DF450D39-EC6E-E1DD-7B11-444D4A87662E">
<sourceConnName>Browser@C01L</sourceConnName>
<sourceObjSchema>WF11_PROTECTED_AREAS</sourceObjSchema>
<sourceObjName>DESCRIPTION</sourceObjName>
<createdBy>Duncan.Taylor</createdBy>
<createdTime>2018-07-25 11:57:16 UTC</createdTime>
<ownerDesignName>cdb_morphmaster</ownerDesignName>
<useDomainConstraints>false</useDomainConstraints>
<use>1</use>
<logicalDatatype>LOGDT024</logicalDatatype>
<dataTypeSize>240 BYTE</dataTypeSize>
<ownDataTypeParameters>240 BYTE,,</ownDataTypeParameters>
<autoIncrementCycle>false</autoIncrementCycle>
</Column>
<Column name="GENRE_ID" id="C8E9BC79-358D-E0E3-85CC-8D374211F6E6">
<sourceConnName>Browser@C01L</sourceConnName>
<sourceObjSchema>WF11_PROTECTED_AREAS</sourceObjSchema>
<sourceObjName>GENRE_ID</sourceObjName>
<createdBy>Duncan.Taylor</createdBy>
<createdTime>2018-07-25 11:57:16 UTC</createdTime>
<ownerDesignName>cdb_morphmaster</ownerDesignName>
<useDomainConstraints>false</useDomainConstraints>
<use>1</use>
<logicalDatatype>LOGDT019</logicalDatatype>
<dataTypePrecision>3</dataTypePrecision>
<dataTypeScale>0</dataTypeScale>
<ownDataTypeParameters>,3,0</ownDataTypeParameters>
<autoIncrementCycle>false</autoIncrementCycle>
</Column>
<Column name="WATER_DEPENDENT" id="8F5C8A90-B9C6-C772-218B-2D9B39D043B5">
<sourceConnName>Browser@C01L</sourceConnName>
<sourceObjSchema>WF11_PROTECTED_AREAS</sourceObjSchema>
<sourceObjName>WATER_DEPENDENT</sourceObjName>
<createdBy>Duncan.Taylor</createdBy>
<createdTime>2018-07-25 11:57:16 UTC</createdTime>
<ownerDesignName>cdb_morphmaster</ownerDesignName>
<useDomainConstraints>false</useDomainConstraints>
<use>1</use>
<logicalDatatype>LOGDT024</logicalDatatype>
<dataTypeSize>1 BYTE</dataTypeSize>
<ownDataTypeParameters>1 BYTE,,</ownDataTypeParameters>
<autoIncrementCycle>false</autoIncrementCycle>
</Column>
<Column name="CHANGE_REASON" id="C519E07E-D5E0-8D4D-836F-034A1B0C4815">
<sourceConnName>Browser@C01L</sourceConnName>
<sourceObjSchema>WF11_PROTECTED_AREAS</sourceObjSchema>
<sourceObjName>CHANGE_REASON</sourceObjName>
<createdBy>Duncan.Taylor</createdBy>
<createdTime>2018-07-25 11:57:16 UTC</createdTime>
<ownerDesignName>cdb_morphmaster</ownerDesignName>
<useDomainConstraints>false</useDomainConstraints>
<use>1</use>
<logicalDatatype>LOGDT019</logicalDatatype>
<dataTypePrecision>6</dataTypePrecision>
<dataTypeScale>0</dataTypeScale>
<ownDataTypeParameters>,6,0</ownDataTypeParameters>
<autoIncrementCycle>false</autoIncrementCycle>
</Column>
<Column name="EXPIRY_DATE" id="A22D1EED-38FB-4C1D-4486-308035DDC264">
<sourceConnName>Browser@C01L</sourceConnName>
<sourceObjSchema>WF11_PROTECTED_AREAS</sourceObjSchema>
<sourceObjName>EXPIRY_DATE</sourceObjName>
<createdBy>Duncan.Taylor</createdBy>
<createdTime>2018-07-25 11:57:16 UTC</createdTime>
<ownerDesignName>cdb_morphmaster</ownerDesignName>
<nullsAllowed>true</nullsAllowed>
<useDomainConstraints>false</useDomainConstraints>
<use>1</use>
<logicalDatatype>LOGDT007</logicalDatatype>
<dataTypeSize>7</dataTypeSize>
<ownDataTypeParameters>7,,</ownDataTypeParameters>
<autoIncrementCycle>false</autoIncrementCycle>
</Column>
</columns>
<indexes itemClass="oracle.dbtools.crest.model.design.relational.Index">
<ind_PK_UK id="E9206B44-2B01-91FF-241C-8A7FC227BF81" name="WF11_PK">
<sourceConnName>Browser@C01L</sourceConnName>
<sourceObjSchema>WFDMASTER</sourceObjSchema>
<sourceObjName>WF11_PK</sourceObjName>
<createdBy>Duncan.Taylor</createdBy>
<createdTime>2018-07-25 11:57:35 UTC</createdTime>
<ownerDesignName>cdb_morphmaster</ownerDesignName>
<pk>true</pk>
<indexState>Primary Constraint</indexState>
<isSurrogateKey>false</isSurrogateKey>
<indexColumnUsage>
<colUsage columnID="37B5FD5E-D77B-A693-2BAA-3BBE7A46C1AF"/>
</indexColumnUsage>
</ind_PK_UK>
<ind_PK_UK id="F0E32D40-AD38-18D3-0636-08903CC9C513" schemaObject="06841B23-6140-E146-0E94-9D7A2B48ED83" name="WF11_PK">
<sourceConnName>Browser@C01L</sourceConnName>
<sourceObjSchema>WFDMASTER</sourceObjSchema>
<sourceObjName>WF11_PK</sourceObjName>
<createdBy>Duncan.Taylor</createdBy>
<createdTime>2018-07-25 11:57:22 UTC</createdTime>
<ownerDesignName>cdb_morphmaster</ownerDesignName>
<indexState>Unique Plain Index</indexState>
<isSurrogateKey>false</isSurrogateKey>
<indexColumnUsage>
<colUsage columnID="37B5FD5E-D77B-A693-2BAA-3BBE7A46C1AF"/>
</indexColumnUsage>
</ind_PK_UK>
<ind_PK_UK id="3F81193D-D4EE-55C7-4429-18A1ED43A5C1" schemaObject="06841B23-6140-E146-0E94-9D7A2B48ED83" name="WF11_WF02_FK_I">
<sourceConnName>Browser@C01L</sourceConnName>
<sourceObjSchema>WFDMASTER</sourceObjSchema>
<sourceObjName>WF11_WF02_FK_I</sourceObjName>
<createdBy>Duncan.Taylor</createdBy>
<createdTime>2018-07-25 11:57:22 UTC</createdTime>
<ownerDesignName>cdb_morphmaster</ownerDesignName>
<isSurrogateKey>false</isSurrogateKey>
<indexColumnUsage>
<colUsage columnID="C8E9BC79-358D-E0E3-85CC-8D374211F6E6"/>
</indexColumnUsage>
</ind_PK_UK>
<ind_PK_UK id="17137C61-A47A-D6D8-CE15-C0B46B19CF0B" name="WF11_WF02_FK">
<createdBy>Duncan.Taylor</createdBy>
<createdTime>2018-07-25 11:57:42 UTC</createdTime>
<ownerDesignName>cdb_morphmaster</ownerDesignName>
<indexState>Foreign Key</indexState>
<isSurrogateKey>false</isSurrogateKey>
<indexColumnUsage>
<colUsage columnID="C8E9BC79-358D-E0E3-85CC-8D374211F6E6"/>
</indexColumnUsage>
</ind_PK_UK>
<ind_PK_UK id="5E2BA854-1BBF-755E-3010-1D0FC3FF5D59" name="WF11_WF50_FK">
<createdBy>Duncan.Taylor</createdBy>
<createdTime>2018-07-25 11:57:42 UTC</createdTime>
<ownerDesignName>cdb_morphmaster</ownerDesignName>
<indexState>Foreign Key</indexState>
<isSurrogateKey>false</isSurrogateKey>
<indexColumnUsage>
<colUsage columnID="C519E07E-D5E0-8D4D-836F-034A1B0C4815"/>
</indexColumnUsage>
</ind_PK_UK>
<ind_PK_UK id="7BC3F2EA-8E18-4731-FA66-5F3663689EDA" name="WF11_WF02_FK">
<createdBy>duncan.taylor</createdBy>
<createdTime>2018-07-31 12:33:28 UTC</createdTime>
<ownerDesignName>cdb_morphmaster</ownerDesignName>
<indexState>Foreign Key</indexState>
<isSurrogateKey>false</isSurrogateKey>
<indexColumnUsage>
<colUsage columnID="C8E9BC79-358D-E0E3-85CC-8D374211F6E6"/>
</indexColumnUsage>
</ind_PK_UK>
<ind_PK_UK id="639A2EC7-AC93-9185-47D1-42D0A93A3B3D" name="WF11_WF50_FK">
<createdBy>duncan.taylor</createdBy>
<createdTime>2018-07-31 12:33:28 UTC</createdTime>
<ownerDesignName>cdb_morphmaster</ownerDesignName>
<indexState>Foreign Key</indexState>
<isSurrogateKey>false</isSurrogateKey>
<indexColumnUsage>
<colUsage columnID="C519E07E-D5E0-8D4D-836F-034A1B0C4815"/>
</indexColumnUsage>
</ind_PK_UK>
</indexes>
</Table>