<?xml version = '1.0' encoding = 'UTF-8'?>
<Table class="oracle.dbtools.crest.model.design.relational.Table" directorySegmentName="seg_36" id="B4B54A21-B155-C36F-ECEE-FBDB38919B11" schemaObject="06841B23-6140-E146-0E94-9D7A2B48ED83" name="WF10_WATER_BODIES">
<sourceConnName>Browser@C01L</sourceConnName>
<sourceObjSchema>WFDMASTER</sourceObjSchema>
<sourceObjName>WF10_WATER_BODIES</sourceObjName>
<createdBy>Duncan.Taylor</createdBy>
<createdTime>2018-07-25 11:56:58 UTC</createdTime>
<ownerDesignName>cdb_c01l</ownerDesignName>
<allowColumnReorder>false</allowColumnReorder>
<existDependencyGenerateInDDl>true</existDependencyGenerateInDDl>
<parsed>true</parsed>
<columns itemClass="oracle.dbtools.crest.model.design.relational.Column">
<Column name="WB_ID" id="F5280911-80DD-85BD-7FDB-09FCE95CCE3A">
<sourceConnName>Browser@C01L</sourceConnName>
<sourceObjSchema>WF10_WATER_BODIES</sourceObjSchema>
<sourceObjName>WB_ID</sourceObjName>
<createdBy>Duncan.Taylor</createdBy>
<createdTime>2018-07-25 11:57:16 UTC</createdTime>
<ownerDesignName>cdb_c01l</ownerDesignName>
<useDomainConstraints>false</useDomainConstraints>
<use>1</use>
<logicalDatatype>LOGDT019</logicalDatatype>
<dataTypePrecision>6</dataTypePrecision>
<dataTypeScale>0</dataTypeScale>
<ownDataTypeParameters>,6,0</ownDataTypeParameters>
<autoIncrementCycle>false</autoIncrementCycle>
</Column>
<Column name="NAME" id="C2CFF758-CAF6-5131-0354-BF16C94603AA">
<sourceConnName>Browser@C01L</sourceConnName>
<sourceObjSchema>WF10_WATER_BODIES</sourceObjSchema>
<sourceObjName>NAME</sourceObjName>
<createdBy>Duncan.Taylor</createdBy>
<createdTime>2018-07-25 11:57:16 UTC</createdTime>
<ownerDesignName>cdb_c01l</ownerDesignName>
<nullsAllowed>true</nullsAllowed>
<useDomainConstraints>false</useDomainConstraints>
<use>1</use>
<logicalDatatype>LOGDT024</logicalDatatype>
<dataTypeSize>80 BYTE</dataTypeSize>
<ownDataTypeParameters>80 BYTE,,</ownDataTypeParameters>
<autoIncrementCycle>false</autoIncrementCycle>
</Column>
<Column name="CATEGORY" id="165B1C03-51B9-73CB-C713-BB3567EC2BB0">
<sourceConnName>Browser@C01L</sourceConnName>
<sourceObjSchema>WF10_WATER_BODIES</sourceObjSchema>
<sourceObjName>CATEGORY</sourceObjName>
<createdBy>Duncan.Taylor</createdBy>
<createdTime>2018-07-25 11:57:16 UTC</createdTime>
<ownerDesignName>cdb_c01l</ownerDesignName>
<constraintName>AVCON_1189411887_CATEG_000</constraintName>
<useDomainConstraints>false</useDomainConstraints>
<use>1</use>
<logicalDatatype>LOGDT024</logicalDatatype>
<dataTypeSize>12 BYTE</dataTypeSize>
<listOfValues>
<valueDef value="&apos;Coastal&apos;" description=""/>
<valueDef value="&apos;Groundwater&apos;" description=""/>
<valueDef value="&apos;Lake&apos;" description=""/>
<valueDef value="&apos;River&apos;" description=""/>
<valueDef value="&apos;Transitional&apos;" description=""/>
</listOfValues>
<ownDataTypeParameters>12 BYTE,,</ownDataTypeParameters>
<autoIncrementCycle>false</autoIncrementCycle>
</Column>
<Column name="REPORTING_LEVEL" id="24103F25-4818-C552-7BE1-DA25015200C5">
<sourceConnName>Browser@C01L</sourceConnName>
<sourceObjSchema>WF10_WATER_BODIES</sourceObjSchema>
<sourceObjName>REPORTING_LEVEL</sourceObjName>
<createdBy>Duncan.Taylor</createdBy>
<createdTime>2018-07-25 11:57:16 UTC</createdTime>
<ownerDesignName>cdb_c01l</ownerDesignName>
<useDomainConstraints>false</useDomainConstraints>
<use>1</use>
<logicalDatatype>LOGDT024</logicalDatatype>
<dataTypeSize>1 BYTE</dataTypeSize>
<ownDataTypeParameters>1 BYTE,,</ownDataTypeParameters>
<autoIncrementCycle>false</autoIncrementCycle>
</Column>
<Column name="COMMENTS" id="F7543104-79A6-9759-DDA2-573AC0A95F84">
<sourceConnName>Browser@C01L</sourceConnName>
<sourceObjSchema>WF10_WATER_BODIES</sourceObjSchema>
<sourceObjName>COMMENTS</sourceObjName>
<createdBy>Duncan.Taylor</createdBy>
<createdTime>2018-07-25 11:57:16 UTC</createdTime>
<ownerDesignName>cdb_c01l</ownerDesignName>
<nullsAllowed>true</nullsAllowed>
<useDomainConstraints>false</useDomainConstraints>
<use>1</use>
<logicalDatatype>LOGDT024</logicalDatatype>
<dataTypeSize>1500 BYTE</dataTypeSize>
<ownDataTypeParameters>1500 BYTE,,</ownDataTypeParameters>
<autoIncrementCycle>false</autoIncrementCycle>
</Column>
<Column name="GENRE_ID" id="34E4A575-3682-BC70-EA18-27305C023697">
<sourceConnName>Browser@C01L</sourceConnName>
<sourceObjSchema>WF10_WATER_BODIES</sourceObjSchema>
<sourceObjName>GENRE_ID</sourceObjName>
<createdBy>Duncan.Taylor</createdBy>
<createdTime>2018-07-25 11:57:16 UTC</createdTime>
<ownerDesignName>cdb_c01l</ownerDesignName>
<nullsAllowed>true</nullsAllowed>
<useDomainConstraints>false</useDomainConstraints>
<use>1</use>
<logicalDatatype>LOGDT019</logicalDatatype>
<dataTypePrecision>3</dataTypePrecision>
<dataTypeScale>0</dataTypeScale>
<ownDataTypeParameters>,3,0</ownDataTypeParameters>
<autoIncrementCycle>false</autoIncrementCycle>
</Column>
<Column name="BASELINE" id="48FCAABE-B445-367A-6ACB-FF3DBD043B75">
<sourceConnName>Browser@C01L</sourceConnName>
<sourceObjSchema>WF10_WATER_BODIES</sourceObjSchema>
<sourceObjName>BASELINE</sourceObjName>
<createdBy>Duncan.Taylor</createdBy>
<createdTime>2018-07-25 11:57:16 UTC</createdTime>
<ownerDesignName>cdb_c01l</ownerDesignName>
<useDomainConstraints>false</useDomainConstraints>
<use>1</use>
<logicalDatatype>LOGDT024</logicalDatatype>
<dataTypeSize>1 BYTE</dataTypeSize>
<ownDataTypeParameters>1 BYTE,,</ownDataTypeParameters>
<autoIncrementCycle>false</autoIncrementCycle>
</Column>
<Column name="SBD_CODE" id="BD50267E-CC33-8004-9547-CB0D7EFC668A">
<sourceConnName>Browser@C01L</sourceConnName>
<sourceObjSchema>WF10_WATER_BODIES</sourceObjSchema>
<sourceObjName>SBD_CODE</sourceObjName>
<createdBy>Duncan.Taylor</createdBy>
<createdTime>2018-07-25 11:57:16 UTC</createdTime>
<ownerDesignName>cdb_c01l</ownerDesignName>
<nullsAllowed>true</nullsAllowed>
<useDomainConstraints>false</useDomainConstraints>
<use>1</use>
<logicalDatatype>LOGDT024</logicalDatatype>
<dataTypeSize>7 BYTE</dataTypeSize>
<ownDataTypeParameters>7 BYTE,,</ownDataTypeParameters>
<autoIncrementCycle>false</autoIncrementCycle>
</Column>
<Column name="REPORTING_LATITUDE" id="1D0D9EC2-F825-22B2-FC1B-7AE960F81663">
<sourceConnName>Browser@C01L</sourceConnName>
<sourceObjSchema>WF10_WATER_BODIES</sourceObjSchema>
<sourceObjName>REPORTING_LATITUDE</sourceObjName>
<createdBy>Duncan.Taylor</createdBy>
<createdTime>2018-07-25 11:57:16 UTC</createdTime>
<ownerDesignName>cdb_c01l</ownerDesignName>
<nullsAllowed>true</nullsAllowed>
<useDomainConstraints>false</useDomainConstraints>
<use>1</use>
<logicalDatatype>LOGDT019</logicalDatatype>
<dataTypePrecision>9</dataTypePrecision>
<dataTypeScale>5</dataTypeScale>
<ownDataTypeParameters>,9,5</ownDataTypeParameters>
<autoIncrementCycle>false</autoIncrementCycle>
</Column>
<Column name="REPORTING_LONGITUDE" id="63A46A3A-B6F7-CA29-7DEC-5DA038258E9B">
<sourceConnName>Browser@C01L</sourceConnName>
<sourceObjSchema>WF10_WATER_BODIES</sourceObjSchema>
<sourceObjName>REPORTING_LONGITUDE</sourceObjName>
<createdBy>Duncan.Taylor</createdBy>
<createdTime>2018-07-25 11:57:16 UTC</createdTime>
<ownerDesignName>cdb_c01l</ownerDesignName>
<nullsAllowed>true</nullsAllowed>
<useDomainConstraints>false</useDomainConstraints>
<use>1</use>
<logicalDatatype>LOGDT019</logicalDatatype>
<dataTypePrecision>9</dataTypePrecision>
<dataTypeScale>5</dataTypeScale>
<ownDataTypeParameters>,9,5</ownDataTypeParameters>
<autoIncrementCycle>false</autoIncrementCycle>
</Column>
<Column name="ECO_REGION" id="B61F46B5-1E06-1EBE-9871-C382C316B045">
<sourceConnName>Browser@C01L</sourceConnName>
<sourceObjSchema>WF10_WATER_BODIES</sourceObjSchema>
<sourceObjName>ECO_REGION</sourceObjName>
<createdBy>Duncan.Taylor</createdBy>
<createdTime>2018-07-25 11:57:16 UTC</createdTime>
<ownerDesignName>cdb_c01l</ownerDesignName>
<nullsAllowed>true</nullsAllowed>
<useDomainConstraints>false</useDomainConstraints>
<use>1</use>
<logicalDatatype>LOGDT019</logicalDatatype>
<dataTypePrecision>4</dataTypePrecision>
<dataTypeScale>0</dataTypeScale>
<ownDataTypeParameters>,4,0</ownDataTypeParameters>
<autoIncrementCycle>false</autoIncrementCycle>
</Column>
<Column name="EXPIRY_DATE" id="38B2CD91-99CC-E768-79CD-5E06A8D7A7B3">
<sourceConnName>Browser@C01L</sourceConnName>
<sourceObjSchema>WF10_WATER_BODIES</sourceObjSchema>
<sourceObjName>EXPIRY_DATE</sourceObjName>
<createdBy>Duncan.Taylor</createdBy>
<createdTime>2018-07-25 11:57:16 UTC</createdTime>
<ownerDesignName>cdb_c01l</ownerDesignName>
<nullsAllowed>true</nullsAllowed>
<useDomainConstraints>false</useDomainConstraints>
<use>1</use>
<logicalDatatype>LOGDT007</logicalDatatype>
<dataTypeSize>7</dataTypeSize>
<ownDataTypeParameters>7,,</ownDataTypeParameters>
<autoIncrementCycle>false</autoIncrementCycle>
</Column>
<Column name="EASTING" id="03BA3B12-B133-5FAA-A950-5AA5004857B7">
<sourceConnName>Browser@C01L</sourceConnName>
<sourceObjSchema>WF10_WATER_BODIES</sourceObjSchema>
<sourceObjName>EASTING</sourceObjName>
<createdBy>Duncan.Taylor</createdBy>
<createdTime>2018-07-25 11:57:16 UTC</createdTime>
<ownerDesignName>cdb_c01l</ownerDesignName>
<nullsAllowed>true</nullsAllowed>
<useDomainConstraints>false</useDomainConstraints>
<use>1</use>
<logicalDatatype>LOGDT024</logicalDatatype>
<dataTypeSize>7 BYTE</dataTypeSize>
<ownDataTypeParameters>7 BYTE,,</ownDataTypeParameters>
<autoIncrementCycle>false</autoIncrementCycle>
</Column>
<Column name="NORTHING" id="1F250E92-BCB4-95DC-B137-7A21F8387609">
<sourceConnName>Browser@C01L</sourceConnName>
<sourceObjSchema>WF10_WATER_BODIES</sourceObjSchema>
<sourceObjName>NORTHING</sourceObjName>
<createdBy>Duncan.Taylor</createdBy>
<createdTime>2018-07-25 11:57:16 UTC</createdTime>
<ownerDesignName>cdb_c01l</ownerDesignName>
<nullsAllowed>true</nullsAllowed>
<useDomainConstraints>false</useDomainConstraints>
<use>1</use>
<logicalDatatype>LOGDT024</logicalDatatype>
<dataTypeSize>7 BYTE</dataTypeSize>
<ownDataTypeParameters>7 BYTE,,</ownDataTypeParameters>
<autoIncrementCycle>false</autoIncrementCycle>
</Column>
<Column name="CHANGE_REASON" id="7B2E2622-C465-BD0E-EFE2-FFCCBD7FB250">
<sourceConnName>Browser@C01L</sourceConnName>
<sourceObjSchema>WF10_WATER_BODIES</sourceObjSchema>
<sourceObjName>CHANGE_REASON</sourceObjName>
<createdBy>Duncan.Taylor</createdBy>
<createdTime>2018-07-25 11:57:16 UTC</createdTime>
<ownerDesignName>cdb_c01l</ownerDesignName>
<useDomainConstraints>false</useDomainConstraints>
<use>1</use>
<logicalDatatype>LOGDT019</logicalDatatype>
<dataTypePrecision>6</dataTypePrecision>
<dataTypeScale>0</dataTypeScale>
<ownDataTypeParameters>,6,0</ownDataTypeParameters>
<autoIncrementCycle>false</autoIncrementCycle>
</Column>
</columns>
<indexes itemClass="oracle.dbtools.crest.model.design.relational.Index">
<ind_PK_UK id="8EB1C36E-D40E-077A-5C00-4F85CCEC2B51" name="WF10_PK">
<sourceConnName>Browser@C01L</sourceConnName>
<sourceObjSchema>WFDMASTER</sourceObjSchema>
<sourceObjName>WF10_PK</sourceObjName>
<createdBy>Duncan.Taylor</createdBy>
<createdTime>2018-07-25 11:57:35 UTC</createdTime>
<ownerDesignName>cdb_c01l</ownerDesignName>
<pk>true</pk>
<indexState>Primary Constraint</indexState>
<isSurrogateKey>false</isSurrogateKey>
<indexColumnUsage>
<colUsage columnID="F5280911-80DD-85BD-7FDB-09FCE95CCE3A"/>
</indexColumnUsage>
</ind_PK_UK>
<ind_PK_UK id="DFCD728C-F67A-6C5A-CDFF-CDCF5C6DE7F1" schemaObject="06841B23-6140-E146-0E94-9D7A2B48ED83" name="WF10_CAT_I">
<sourceConnName>Browser@C01L</sourceConnName>
<sourceObjSchema>WFDMASTER</sourceObjSchema>
<sourceObjName>WF10_CAT_I</sourceObjName>
<createdBy>Duncan.Taylor</createdBy>
<createdTime>2018-07-25 11:57:22 UTC</createdTime>
<ownerDesignName>cdb_c01l</ownerDesignName>
<isSurrogateKey>false</isSurrogateKey>
<indexColumnUsage>
<colUsage columnID="165B1C03-51B9-73CB-C713-BB3567EC2BB0"/>
</indexColumnUsage>
</ind_PK_UK>
<ind_PK_UK id="FDBEAE32-AC6F-16C4-C77C-94BB99227762" schemaObject="06841B23-6140-E146-0E94-9D7A2B48ED83" name="WF10_PK">
<sourceConnName>Browser@C01L</sourceConnName>
<sourceObjSchema>WFDMASTER</sourceObjSchema>
<sourceObjName>WF10_PK</sourceObjName>
<createdBy>Duncan.Taylor</createdBy>
<createdTime>2018-07-25 11:57:22 UTC</createdTime>
<ownerDesignName>cdb_c01l</ownerDesignName>
<indexState>Unique Plain Index</indexState>
<isSurrogateKey>false</isSurrogateKey>
<indexColumnUsage>
<colUsage columnID="F5280911-80DD-85BD-7FDB-09FCE95CCE3A"/>
</indexColumnUsage>
</ind_PK_UK>
<ind_PK_UK id="81E5708A-E988-C4F1-785F-042BCDE8EF2C" schemaObject="06841B23-6140-E146-0E94-9D7A2B48ED83" name="WF10_WF02_FK_I">
<sourceConnName>Browser@C01L</sourceConnName>
<sourceObjSchema>WFDMASTER</sourceObjSchema>
<sourceObjName>WF10_WF02_FK_I</sourceObjName>
<createdBy>Duncan.Taylor</createdBy>
<createdTime>2018-07-25 11:57:22 UTC</createdTime>
<ownerDesignName>cdb_c01l</ownerDesignName>
<isSurrogateKey>false</isSurrogateKey>
<indexColumnUsage>
<colUsage columnID="34E4A575-3682-BC70-EA18-27305C023697"/>
</indexColumnUsage>
</ind_PK_UK>
<ind_PK_UK id="4B74E383-65CD-D4B1-3DB8-12E36DAFB810" schemaObject="06841B23-6140-E146-0E94-9D7A2B48ED83" name="WF10_WF40_FK_I">
<sourceConnName>Browser@C01L</sourceConnName>
<sourceObjSchema>WFDMASTER</sourceObjSchema>
<sourceObjName>WF10_WF40_FK_I</sourceObjName>
<createdBy>Duncan.Taylor</createdBy>
<createdTime>2018-07-25 11:57:22 UTC</createdTime>
<ownerDesignName>cdb_c01l</ownerDesignName>
<isSurrogateKey>false</isSurrogateKey>
<indexColumnUsage>
<colUsage columnID="BD50267E-CC33-8004-9547-CB0D7EFC668A"/>
</indexColumnUsage>
</ind_PK_UK>
<ind_PK_UK id="13B79862-CADC-13F0-36C0-A2DD82500E52" schemaObject="06841B23-6140-E146-0E94-9D7A2B48ED83" name="WF10_WF50_FK_I">
<sourceConnName>Browser@C01L</sourceConnName>
<sourceObjSchema>WFDMASTER</sourceObjSchema>
<sourceObjName>WF10_WF50_FK_I</sourceObjName>
<createdBy>Duncan.Taylor</createdBy>
<createdTime>2018-07-25 11:57:22 UTC</createdTime>
<ownerDesignName>cdb_c01l</ownerDesignName>
<isSurrogateKey>false</isSurrogateKey>
<indexColumnUsage>
<colUsage columnID="7B2E2622-C465-BD0E-EFE2-FFCCBD7FB250"/>
</indexColumnUsage>
</ind_PK_UK>
<ind_PK_UK id="3A5E1FD5-51BF-E77A-A505-CB92DF8D5E7E" name="WF10_WF02_FK">
<createdBy>Duncan.Taylor</createdBy>
<createdTime>2018-07-25 11:57:42 UTC</createdTime>
<ownerDesignName>cdb_c01l</ownerDesignName>
<indexState>Foreign Key</indexState>
<isSurrogateKey>false</isSurrogateKey>
<indexColumnUsage>
<colUsage columnID="34E4A575-3682-BC70-EA18-27305C023697"/>
</indexColumnUsage>
</ind_PK_UK>
<ind_PK_UK id="A8040D28-4703-8C4A-6A27-74B1028FAD78" name="WF10_WF40_FK">
<createdBy>Duncan.Taylor</createdBy>
<createdTime>2018-07-25 11:57:42 UTC</createdTime>
<ownerDesignName>cdb_c01l</ownerDesignName>
<indexState>Foreign Key</indexState>
<isSurrogateKey>false</isSurrogateKey>
<indexColumnUsage>
<colUsage columnID="BD50267E-CC33-8004-9547-CB0D7EFC668A"/>
</indexColumnUsage>
</ind_PK_UK>
<ind_PK_UK id="360C9A4E-1BA1-BA0F-D7AD-254518C1918F" name="WF10_WF50_FK">
<createdBy>Duncan.Taylor</createdBy>
<createdTime>2018-07-25 11:57:42 UTC</createdTime>
<ownerDesignName>cdb_c01l</ownerDesignName>
<indexState>Foreign Key</indexState>
<isSurrogateKey>false</isSurrogateKey>
<indexColumnUsage>
<colUsage columnID="7B2E2622-C465-BD0E-EFE2-FFCCBD7FB250"/>
</indexColumnUsage>
</ind_PK_UK>
<ind_PK_UK id="0CD0DEED-F775-EDB3-2291-09917F129237" name="WF10_WF02_FK">
<createdBy>duncan.taylor</createdBy>
<createdTime>2018-07-31 12:33:28 UTC</createdTime>
<ownerDesignName>cdb_morphmaster</ownerDesignName>
<indexState>Foreign Key</indexState>
<isSurrogateKey>false</isSurrogateKey>
<indexColumnUsage>
<colUsage columnID="34E4A575-3682-BC70-EA18-27305C023697"/>
</indexColumnUsage>
</ind_PK_UK>
<ind_PK_UK id="641474EA-E110-2E33-4CA6-E369AF2B833B" name="WF10_WF40_FK">
<createdBy>duncan.taylor</createdBy>
<createdTime>2018-07-31 12:33:28 UTC</createdTime>
<ownerDesignName>cdb_morphmaster</ownerDesignName>
<indexState>Foreign Key</indexState>
<isSurrogateKey>false</isSurrogateKey>
<indexColumnUsage>
<colUsage columnID="BD50267E-CC33-8004-9547-CB0D7EFC668A"/>
</indexColumnUsage>
</ind_PK_UK>
<ind_PK_UK id="8B897DA3-BC0E-36BF-C6FD-5BAF8BA21821" name="WF10_WF50_FK">
<createdBy>duncan.taylor</createdBy>
<createdTime>2018-07-31 12:33:28 UTC</createdTime>
<ownerDesignName>cdb_morphmaster</ownerDesignName>
<indexState>Foreign Key</indexState>
<isSurrogateKey>false</isSurrogateKey>
<indexColumnUsage>
<colUsage columnID="7B2E2622-C465-BD0E-EFE2-FFCCBD7FB250"/>
</indexColumnUsage>
</ind_PK_UK>
</indexes>
</Table>