<?xml version = '1.0' encoding = 'UTF-8'?>
<SynonymOraclev10g class="oracle.dbtools.crest.model.design.storage.oracle.v10g.SynonymOraclev10g" name="SYN_MO34" directorySegmentName="seg_95" id="24705328-9F37-1183-23E1-D07B39528A09">
<sourceConnName>Browser@C01L</sourceConnName>
<sourceObjSchema>PUBLIC</sourceObjSchema>
<sourceObjName>SYN_MO34</sourceObjName>
<createdBy>Duncan.Taylor</createdBy>
<createdTime>2018-07-25 11:57:50 UTC</createdTime>
<ownerDesignName>cdb_morphmaster</ownerDesignName>
<object>MO34_PRESSURE_ATTRIBUTES</object>
<public>YES</public>
<user>PUBLIC</user>
<referredObjectID>E8106C5B-C6D3-3161-6F56-53CA9BA876D5</referredObjectID>
</SynonymOraclev10g>