<?xml version = '1.0' encoding = 'UTF-8'?>
<SynonymOraclev10g class="oracle.dbtools.crest.model.design.storage.oracle.v10g.SynonymOraclev10g" name="SYN_MO34" directorySegmentName="seg_95" id="7A2C1581-A650-8B0B-20B0-83C23CB7F317">
<sourceConnName>Browser@C01L</sourceConnName>
<sourceObjSchema>MORPHMASTER</sourceObjSchema>
<sourceObjName>SYN_MO34</sourceObjName>
<createdBy>Duncan.Taylor</createdBy>
<createdTime>2018-07-25 11:57:50 UTC</createdTime>
<ownerDesignName>cdb_morphmaster</ownerDesignName>
<object>MO34_PRESSURE_ATTRIBUTES</object>
<referredObjectID>E8106C5B-C6D3-3161-6F56-53CA9BA876D5</referredObjectID>
</SynonymOraclev10g>