<?xml version = '1.0' encoding = 'UTF-8'?>
<SynonymOraclev10g class="oracle.dbtools.crest.model.design.storage.oracle.v10g.SynonymOraclev10g" name="SYN_MO35" directorySegmentName="seg_95" id="CEB5B41C-DCBF-01B6-1FC4-074D67745505">
<sourceConnName>Browser@C01L</sourceConnName>
<sourceObjSchema>MORPHMASTER</sourceObjSchema>
<sourceObjName>SYN_MO35</sourceObjName>
<createdBy>Duncan.Taylor</createdBy>
<createdTime>2018-07-25 11:57:50 UTC</createdTime>
<ownerDesignName>cdb_morphmaster</ownerDesignName>
<object>MO35_PRESSURE_WATERCOURSES</object>
<referredObjectID>D71286C7-DE94-2064-54A8-A63C056924E2</referredObjectID>
</SynonymOraclev10g>