<?xml version = '1.0' encoding = 'UTF-8'?>
<SynonymOraclev10g class="oracle.dbtools.crest.model.design.storage.oracle.v10g.SynonymOraclev10g" name="SYN_MO33" directorySegmentName="seg_95" id="D03C2503-6134-790D-50B2-B9BAD7AFC97D">
<sourceConnName>Browser@C01L</sourceConnName>
<sourceObjSchema>PUBLIC</sourceObjSchema>
<sourceObjName>SYN_MO33</sourceObjName>
<createdBy>Duncan.Taylor</createdBy>
<createdTime>2018-07-25 11:57:50 UTC</createdTime>
<ownerDesignName>cdb_morphmaster</ownerDesignName>
<object>MO33_MORPHOLOGICAL_PRESSURES</object>
<public>YES</public>
<user>PUBLIC</user>
<referredObjectID>0B7CA974-4DD5-1864-DA5A-C3CCFC0DBF92</referredObjectID>
</SynonymOraclev10g>