<?xml version = '1.0' encoding = 'UTF-8'?>
<SynonymOraclev10g class="oracle.dbtools.crest.model.design.storage.oracle.v10g.SynonymOraclev10g" name="SYN_MO35" directorySegmentName="seg_95" id="D0C7CBFE-69D6-71BA-9466-8DCECECCF64B">
<sourceConnName>Browser@C01L</sourceConnName>
<sourceObjSchema>PUBLIC</sourceObjSchema>
<sourceObjName>SYN_MO35</sourceObjName>
<createdBy>Duncan.Taylor</createdBy>
<createdTime>2018-07-25 11:57:50 UTC</createdTime>
<ownerDesignName>cdb_morphmaster</ownerDesignName>
<object>MO35_PRESSURE_WATERCOURSES</object>
<public>YES</public>
<user>PUBLIC</user>
<referredObjectID>D71286C7-DE94-2064-54A8-A63C056924E2</referredObjectID>
</SynonymOraclev10g>