<?xml version = '1.0' encoding = 'UTF-8'?>
<SynonymOraclev10g class="oracle.dbtools.crest.model.design.storage.oracle.v10g.SynonymOraclev10g" name="SYN_MO33" directorySegmentName="seg_95" id="F634487E-6511-D621-DBE2-6C3D95209224">
<sourceConnName>Browser@C01L</sourceConnName>
<sourceObjSchema>MORPHMASTER</sourceObjSchema>
<sourceObjName>SYN_MO33</sourceObjName>
<createdBy>Duncan.Taylor</createdBy>
<createdTime>2018-07-25 11:57:50 UTC</createdTime>
<ownerDesignName>cdb_morphmaster</ownerDesignName>
<object>MO33_MORPHOLOGICAL_PRESSURES</object>
<referredObjectID>0B7CA974-4DD5-1864-DA5A-C3CCFC0DBF92</referredObjectID>
</SynonymOraclev10g>