<?xml version = '1.0' encoding = 'UTF-8'?>
<TableProxyOraclev11g class="oracle.dbtools.crest.model.design.storage.oracle.v11g.TableProxyOraclev11g" name="MO99_SCREENING" directorySegmentName="seg_16" id="66B08357-2E4D-5FA3-15A6-57CA465884BF">
<createdBy>Duncan.Taylor</createdBy>
<createdTime>2018-07-31 12:33:11 UTC</createdTime>
<ownerDesignName>cdb_morphmaster</ownerDesignName>
<schemaObject>B9747E78-31C9-E033-1072-BFCA55C723C9</schemaObject>
<logging>YES</logging>
<partitionedRowMovement>DISABLE</partitionedRowMovement>
<segment>59302EFA-DED9-7DC1-42E4-98A691AEBEEE</segment>
<tableSpace>86F03238-F1C6-328D-B2DD-001403B5C274</tableSpace>
<temporaryChanged>false</temporaryChanged>
<accessDriverType>oracle_loader</accessDriverType>
<rejectLimit></rejectLimit>
<columnProxies itemClass="oracle.dbtools.crest.model.design.storage.oracle.v12c.ColumnProxyOraclev12c">
<ColumnProxy name="SNAPPED_NORTHING" id="1C5E2847-3419-357C-DCE9-2ADC40FF7085">
<createdBy>duncan.taylor</createdBy>
<createdTime>2018-07-31 12:33:12 UTC</createdTime>
<ownerDesignName>cdb_morphmaster</ownerDesignName>
</ColumnProxy>
<ColumnProxy name="INITIAL_CAPACITY_AVAILABLE" id="212AF92A-6061-9908-E69B-703CC0DE345B">
<createdBy>duncan.taylor</createdBy>
<createdTime>2018-07-31 12:33:12 UTC</createdTime>
<ownerDesignName>cdb_morphmaster</ownerDesignName>
</ColumnProxy>
<ColumnProxy name="NGR_NORTHING" id="21D0258A-A958-4D08-B8F8-9277BDB2A85F">
<createdBy>duncan.taylor</createdBy>
<createdTime>2018-07-31 12:33:12 UTC</createdTime>
<ownerDesignName>cdb_morphmaster</ownerDesignName>
</ColumnProxy>
<ColumnProxy name="LAMPREY_TEST" id="21D62BAF-0127-EE60-8516-051168DBAEB5">
<createdBy>duncan.taylor</createdBy>
<createdTime>2018-07-31 12:33:12 UTC</createdTime>
<ownerDesignName>cdb_morphmaster</ownerDesignName>
</ColumnProxy>
<ColumnProxy name="ALDER_ALLUVIAL_TEST" id="22F6D1E5-05BB-E9C6-6DA8-F20BD84E9248">
<createdBy>duncan.taylor</createdBy>
<createdTime>2018-07-31 12:33:12 UTC</createdTime>
<ownerDesignName>cdb_morphmaster</ownerDesignName>
</ColumnProxy>
<ColumnProxy name="IN_WATER_WORKING" id="2C6F4317-B576-A405-24E3-4BF0C2ACF3C1">
<createdBy>duncan.taylor</createdBy>
<createdTime>2018-07-31 12:33:12 UTC</createdTime>
<ownerDesignName>cdb_morphmaster</ownerDesignName>
</ColumnProxy>
<ColumnProxy name="FAILURE_REASON" id="30193795-DE34-A22A-5A41-6E444C6A2DCA">
<createdBy>duncan.taylor</createdBy>
<createdTime>2018-07-31 12:33:12 UTC</createdTime>
<ownerDesignName>cdb_morphmaster</ownerDesignName>
</ColumnProxy>
<ColumnProxy name="DEFAULT_DISTANCE_TO_RIVER" id="42962898-54E9-4EEE-76AC-A9A507FBE751">
<createdBy>duncan.taylor</createdBy>
<createdTime>2018-07-31 12:33:12 UTC</createdTime>
<ownerDesignName>cdb_morphmaster</ownerDesignName>
</ColumnProxy>
<ColumnProxy name="REMOVAL_ACTIVITY" id="47BFA7D4-3522-CC49-F998-8EBAD091BDC2">
<createdBy>duncan.taylor</createdBy>
<createdTime>2018-07-31 12:33:12 UTC</createdTime>
<ownerDesignName>cdb_morphmaster</ownerDesignName>
</ColumnProxy>
<ColumnProxy name="OVERALL_TEST_STATUS" id="59CF5C73-AC0D-6D7A-A79F-61F6686CB2C9">
<createdBy>duncan.taylor</createdBy>
<createdTime>2018-07-31 12:33:12 UTC</createdTime>
<ownerDesignName>cdb_morphmaster</ownerDesignName>
</ColumnProxy>
<ColumnProxy name="CAPACITY_TEST" id="63D4FC57-99BD-2488-FCED-6C2B66222C69">
<createdBy>duncan.taylor</createdBy>
<createdTime>2018-07-31 12:33:12 UTC</createdTime>
<ownerDesignName>cdb_morphmaster</ownerDesignName>
</ColumnProxy>
<ColumnProxy name="SNAPPED_EASTING" id="8B553ABB-4469-DF7A-512A-ECB69A208484">
<createdBy>duncan.taylor</createdBy>
<createdTime>2018-07-31 12:33:12 UTC</createdTime>
<ownerDesignName>cdb_morphmaster</ownerDesignName>
</ColumnProxy>
<ColumnProxy name="BASELINE" id="8EC4A620-4578-1C93-3067-BF9C1DCB36EB">
<createdBy>duncan.taylor</createdBy>
<createdTime>2018-07-31 12:33:12 UTC</createdTime>
<ownerDesignName>cdb_morphmaster</ownerDesignName>
</ColumnProxy>
<ColumnProxy name="NGR_EASTING" id="94617B4C-477E-BFDA-63B5-9CBCF23ABA6E">
<createdBy>duncan.taylor</createdBy>
<createdTime>2018-07-31 12:33:12 UTC</createdTime>
<ownerDesignName>cdb_morphmaster</ownerDesignName>
</ColumnProxy>
<ColumnProxy name="SCREENING_NUMBER" id="A25A615E-9218-D398-045C-6F74F1B6C244">
<createdBy>duncan.taylor</createdBy>
<createdTime>2018-07-31 12:33:12 UTC</createdTime>
<ownerDesignName>cdb_morphmaster</ownerDesignName>
</ColumnProxy>
<ColumnProxy name="HYDROCODE" id="A522849C-F775-8D6C-B048-B5EB257B963E">
<createdBy>duncan.taylor</createdBy>
<createdTime>2018-07-31 12:33:12 UTC</createdTime>
<ownerDesignName>cdb_morphmaster</ownerDesignName>
</ColumnProxy>
<ColumnProxy name="PROXIMITY_TEST" id="AB716BCD-B770-22CE-D900-0FC87A5D9FE7">
<createdBy>duncan.taylor</createdBy>
<createdTime>2018-07-31 12:33:12 UTC</createdTime>
<ownerDesignName>cdb_morphmaster</ownerDesignName>
</ColumnProxy>
<ColumnProxy name="KNOWN_TO_BE_IN_PA" id="B2A826F3-BB35-95C3-8549-C286F05F19EA">
<createdBy>duncan.taylor</createdBy>
<createdTime>2018-07-31 12:33:12 UTC</createdTime>
<ownerDesignName>cdb_morphmaster</ownerDesignName>
</ColumnProxy>
<ColumnProxy name="NGR" id="D17DBE11-6341-F6CE-59C9-95814215BF2E">
<createdBy>duncan.taylor</createdBy>
<createdTime>2018-07-31 12:33:12 UTC</createdTime>
<ownerDesignName>cdb_morphmaster</ownerDesignName>
</ColumnProxy>
<ColumnProxy name="ACTIVITY_APPLIED_FOR" id="D6B4FB90-2A4B-14BB-EF35-DB740B50FB17">
<createdBy>duncan.taylor</createdBy>
<createdTime>2018-07-31 12:33:12 UTC</createdTime>
<ownerDesignName>cdb_morphmaster</ownerDesignName>
</ColumnProxy>
<ColumnProxy name="DISTANCE_TO_RIVER_IN_METRES" id="D9DBFF41-5EF3-4504-B1CA-71A3F04B7EE2">
<createdBy>duncan.taylor</createdBy>
<createdTime>2018-07-31 12:33:12 UTC</createdTime>
<ownerDesignName>cdb_morphmaster</ownerDesignName>
</ColumnProxy>
<ColumnProxy name="SNH_PM_CONFIRMATION_GIVEN" id="DACC0CC5-A7E3-33D5-85EF-B203E8579860">
<createdBy>duncan.taylor</createdBy>
<createdTime>2018-07-31 12:33:12 UTC</createdTime>
<ownerDesignName>cdb_morphmaster</ownerDesignName>
</ColumnProxy>
<ColumnProxy name="CALCULATED_ACTIVITY_CAPACITY" id="DC7F3A68-9418-60AE-6401-266087211630">
<createdBy>duncan.taylor</createdBy>
<createdTime>2018-07-31 12:33:12 UTC</createdTime>
<ownerDesignName>cdb_morphmaster</ownerDesignName>
</ColumnProxy>
<ColumnProxy name="SCREENING_USER" id="DCBF2915-64D5-1217-14EA-BBDB64961782">
<createdBy>duncan.taylor</createdBy>
<createdTime>2018-07-31 12:33:12 UTC</createdTime>
<ownerDesignName>cdb_morphmaster</ownerDesignName>
</ColumnProxy>
<ColumnProxy name="WB_ID" id="E24DF1D2-4289-5224-635E-E2B7AEDF0C87">
<createdBy>duncan.taylor</createdBy>
<createdTime>2018-07-31 12:33:12 UTC</createdTime>
<ownerDesignName>cdb_morphmaster</ownerDesignName>
</ColumnProxy>
<ColumnProxy name="PEARL_MUSSEL_TEST" id="ED7BAF81-0071-2951-31A4-93139F9C99CD">
<createdBy>duncan.taylor</createdBy>
<createdTime>2018-07-31 12:33:12 UTC</createdTime>
<ownerDesignName>cdb_morphmaster</ownerDesignName>
</ColumnProxy>
<ColumnProxy name="PROTECTED_AREAS" id="F0EA0273-53E9-3536-40E3-0E37F9906430">
<createdBy>duncan.taylor</createdBy>
<createdTime>2018-07-31 12:33:12 UTC</createdTime>
<ownerDesignName>cdb_morphmaster</ownerDesignName>
</ColumnProxy>
<ColumnProxy name="DATE_OF_SCREENING" id="FA03B5CE-609F-891B-0D90-C1D7065BD034">
<createdBy>duncan.taylor</createdBy>
<createdTime>2018-07-31 12:33:12 UTC</createdTime>
<ownerDesignName>cdb_morphmaster</ownerDesignName>
</ColumnProxy>
</columnProxies>
<indexProxies>
<IndexProxy class="oracle.dbtools.crest.model.design.storage.oracle.v10g.IndexProxyOraclev10g" name="MO99_WF10_FK_I" id="1EC78447-2AA1-39FD-335B-528DE5AE19C5">
<createdBy>duncan.taylor</createdBy>
<createdTime>2018-07-31 12:33:12 UTC</createdTime>
<ownerDesignName>cdb_morphmaster</ownerDesignName>
<schemaObject>B9747E78-31C9-E033-1072-BFCA55C723C9</schemaObject>
<segment>CCB81AF3-8F34-9E39-4DA3-6F9C76F2EB3D</segment>
<tableSpace>45DD7492-3B4B-F8A9-AB51-4519BCC608CC</tableSpace>
</IndexProxy>
<IndexProxy class="oracle.dbtools.crest.model.design.storage.oracle.v10g.IndexProxyOraclev10g" name="MO99_PK" id="22C4FAAD-E747-D03A-B28D-652BD85623F3">
<createdBy>duncan.taylor</createdBy>
<createdTime>2018-07-31 12:33:12 UTC</createdTime>
<ownerDesignName>cdb_morphmaster</ownerDesignName>
<schemaObject>B9747E78-31C9-E033-1072-BFCA55C723C9</schemaObject>
<segment>CCB81AF3-8F34-9E39-4DA3-6F9C76F2EB3D</segment>
<tableSpace>45DD7492-3B4B-F8A9-AB51-4519BCC608CC</tableSpace>
</IndexProxy>
<IndexProxy class="oracle.dbtools.crest.model.design.storage.oracle.v10g.IndexProxyOraclev10g" name="M099_M097_FK_I" id="44FB83EC-4D7F-2F17-00C6-2D600F8D717E">
<createdBy>duncan.taylor</createdBy>
<createdTime>2018-07-31 12:33:12 UTC</createdTime>
<ownerDesignName>cdb_morphmaster</ownerDesignName>
<schemaObject>B9747E78-31C9-E033-1072-BFCA55C723C9</schemaObject>
<segment>CCB81AF3-8F34-9E39-4DA3-6F9C76F2EB3D</segment>
<tableSpace>45DD7492-3B4B-F8A9-AB51-4519BCC608CC</tableSpace>
</IndexProxy>
</indexProxies>
<synonyms>
<Synonym class="oracle.dbtools.crest.model.design.storage.oracle.v10g.SynonymOraclev10g" name="MO99" directorySegmentName="seg_52" id="1F7B062F-0A99-A7B1-75FD-0A68A054A0DD">
<sourceConnName>Browser@C01L</sourceConnName>
<sourceObjSchema>PUBLIC</sourceObjSchema>
<sourceObjName>MO99</sourceObjName>
<createdBy>Duncan.Taylor</createdBy>
<createdTime>2018-07-25 11:57:50 UTC</createdTime>
<ownerDesignName>cdb_c01l</ownerDesignName>
<object>MO99_SCREENING</object>
<public>YES</public>
<user>PUBLIC</user>
<referredObjectID>66B08357-2E4D-5FA3-15A6-57CA465884BF</referredObjectID>
</Synonym>
<Synonym class="oracle.dbtools.crest.model.design.storage.oracle.v10g.SynonymOraclev10g" name="MO99_SCREENING" directorySegmentName="seg_52" id="70CB22DD-B61D-42AC-AD89-3AE6167044E2">
<sourceConnName>Browser@C01L</sourceConnName>
<sourceObjSchema>PUBLIC</sourceObjSchema>
<sourceObjName>MO99_SCREENING</sourceObjName>
<createdBy>Duncan.Taylor</createdBy>
<createdTime>2018-07-25 11:57:50 UTC</createdTime>
<ownerDesignName>cdb_c01l</ownerDesignName>
<object>MO99_SCREENING</object>
<public>YES</public>
<user>PUBLIC</user>
<referredObjectID>66B08357-2E4D-5FA3-15A6-57CA465884BF</referredObjectID>
</Synonym>
</synonyms>
<foreignKeys>
<ForeignKey class="oracle.dbtools.crest.model.design.storage.oracle.v10g.FKProxyOraclev10g" name="M099_M097_FK" id="C7AC2BC1-274A-502E-DF08-1E2152722712">
<createdBy>duncan.taylor</createdBy>
<createdTime>2018-07-31 12:33:13 UTC</createdTime>
<ownerDesignName>cdb_morphmaster</ownerDesignName>
</ForeignKey>
<ForeignKey class="oracle.dbtools.crest.model.design.storage.oracle.v10g.FKProxyOraclev10g" name="MO99_WF10_FK" id="E5D1F2F1-2BFB-AABE-1219-7B75F59F68F3">
<createdBy>duncan.taylor</createdBy>
<createdTime>2018-07-31 12:33:13 UTC</createdTime>
<ownerDesignName>cdb_morphmaster</ownerDesignName>
</ForeignKey>
</foreignKeys>
<primaryKeys>
<PrimaryKey class="oracle.dbtools.crest.model.design.storage.oracle.v10g.PKProxyOraclev10g" name="MO99_PK" id="D7906F4B-FCB6-6935-AE29-374FC43696CE">
<createdBy>duncan.taylor</createdBy>
<createdTime>2018-07-31 12:33:13 UTC</createdTime>
<ownerDesignName>cdb_morphmaster</ownerDesignName>
<segment>CCB81AF3-8F34-9E39-4DA3-6F9C76F2EB3D</segment>
<tableSpace>45DD7492-3B4B-F8A9-AB51-4519BCC608CC</tableSpace>
<existingIndex>22C4FAAD-E747-D03A-B28D-652BD85623F3</existingIndex>
<indexSegment>CCB81AF3-8F34-9E39-4DA3-6F9C76F2EB3D</indexSegment>
<indexSort>SORTED</indexSort>
<usingIndex>BY INDEX NAME</usingIndex>
</PrimaryKey>
</primaryKeys>
</TableProxyOraclev11g>