<?xml version = '1.0' encoding = 'UTF-8'?>
<TableProxyOraclev11g class="oracle.dbtools.crest.model.design.storage.oracle.v11g.TableProxyOraclev11g" name="MO17_RIP_VEG_IMPACT_SCORES" directorySegmentName="seg_16" id="699BE86F-97C6-2976-D434-2D5C1B6392B2">
<createdBy>Duncan.Taylor</createdBy>
<createdTime>2018-07-31 12:33:11 UTC</createdTime>
<ownerDesignName>cdb_morphmaster</ownerDesignName>
<schemaObject>B9747E78-31C9-E033-1072-BFCA55C723C9</schemaObject>
<iotPctThreshold>50</iotPctThreshold>
<logging>YES</logging>
<organization>INDEX</organization>
<partitionedRowMovement>DISABLE</partitionedRowMovement>
<segment>CCB81AF3-8F34-9E39-4DA3-6F9C76F2EB3D</segment>
<tableSpace>86F03238-F1C6-328D-B2DD-001403B5C274</tableSpace>
<temporaryChanged>false</temporaryChanged>
<accessDriverType>oracle_loader</accessDriverType>
<rejectLimit></rejectLimit>
<columnProxies itemClass="oracle.dbtools.crest.model.design.storage.oracle.v12c.ColumnProxyOraclev12c">
<ColumnProxy name="IMPACT_SCORE" id="6CB970C8-21B9-9719-62FD-FF26A1F4C91D">
<createdBy>duncan.taylor</createdBy>
<createdTime>2018-07-31 12:33:12 UTC</createdTime>
<ownerDesignName>cdb_morphmaster</ownerDesignName>
</ColumnProxy>
<ColumnProxy name="ST_CODE" id="91C41471-E7CB-91AB-8CB4-2FD938F1FE2C">
<createdBy>duncan.taylor</createdBy>
<createdTime>2018-07-31 12:33:12 UTC</createdTime>
<ownerDesignName>cdb_morphmaster</ownerDesignName>
</ColumnProxy>
<ColumnProxy name="ZONE_CODE" id="D7EFE50B-2011-11BD-8E93-237AFBA5A282">
<createdBy>duncan.taylor</createdBy>
<createdTime>2018-07-31 12:33:12 UTC</createdTime>
<ownerDesignName>cdb_morphmaster</ownerDesignName>
</ColumnProxy>
<ColumnProxy name="CATEGORY" id="F5C775F4-4E65-1C9C-053B-8E1E805D61E3">
<createdBy>duncan.taylor</createdBy>
<createdTime>2018-07-31 12:33:12 UTC</createdTime>
<ownerDesignName>cdb_morphmaster</ownerDesignName>
</ColumnProxy>
<ColumnProxy name="ST_CATEGORY" id="F7FD1850-08DF-CF25-8FD2-24FF52249825">
<createdBy>duncan.taylor</createdBy>
<createdTime>2018-07-31 12:33:12 UTC</createdTime>
<ownerDesignName>cdb_morphmaster</ownerDesignName>
</ColumnProxy>
</columnProxies>
<synonyms>
<Synonym class="oracle.dbtools.crest.model.design.storage.oracle.v10g.SynonymOraclev10g" name="MO17" directorySegmentName="seg_51" id="6553DA18-7080-EDC4-F22F-9FB647E18223">
<sourceConnName>Browser@C01L</sourceConnName>
<sourceObjSchema>PUBLIC</sourceObjSchema>
<sourceObjName>MO17</sourceObjName>
<createdBy>Duncan.Taylor</createdBy>
<createdTime>2018-07-25 11:57:50 UTC</createdTime>
<ownerDesignName>cdb_morphmaster</ownerDesignName>
<object>MO17_RIP_VEG_IMPACT_SCORES</object>
<public>YES</public>
<user>PUBLIC</user>
<referredObjectID>699BE86F-97C6-2976-D434-2D5C1B6392B2</referredObjectID>
</Synonym>
<Synonym class="oracle.dbtools.crest.model.design.storage.oracle.v10g.SynonymOraclev10g" name="MO17_RIP_VEG_IMPACT_SCORES" directorySegmentName="seg_51" id="F82E2987-0501-25F9-3B35-3D37EEAA2AD9">
<sourceConnName>Browser@C01L</sourceConnName>
<sourceObjSchema>PUBLIC</sourceObjSchema>
<sourceObjName>MO17_RIP_VEG_IMPACT_SCORES</sourceObjName>
<createdBy>Duncan.Taylor</createdBy>
<createdTime>2018-07-25 11:57:50 UTC</createdTime>
<ownerDesignName>cdb_morphmaster</ownerDesignName>
<object>MO17_RIP_VEG_IMPACT_SCORES</object>
<public>YES</public>
<user>PUBLIC</user>
<referredObjectID>699BE86F-97C6-2976-D434-2D5C1B6392B2</referredObjectID>
</Synonym>
</synonyms>
<foreignKeys>
<ForeignKey class="oracle.dbtools.crest.model.design.storage.oracle.v10g.FKProxyOraclev10g" name="MO17_GE31_FK" id="20263998-A047-DB8F-FE19-3763FBED5C2A">
<createdBy>duncan.taylor</createdBy>
<createdTime>2018-08-13 11:45:22 UTC</createdTime>
<ownerDesignName>cdb_morphmaster</ownerDesignName>
</ForeignKey>
<ForeignKey class="oracle.dbtools.crest.model.design.storage.oracle.v10g.FKProxyOraclev10g" name="MO17_MO16_FK" id="B3AA7D9D-5FA7-52BB-E3AB-3DE2BED07BCD">
<createdBy>duncan.taylor</createdBy>
<createdTime>2018-08-13 11:47:57 UTC</createdTime>
<ownerDesignName>cdb_morphmaster</ownerDesignName>
</ForeignKey>
</foreignKeys>
<primaryKeys>
<PrimaryKey class="oracle.dbtools.crest.model.design.storage.oracle.v10g.PKProxyOraclev10g" name="MO17_RIP_VEG_IMPACT_SCORE_PK" id="E5B433E9-DABF-537C-EB13-C0CCBEB3660C">
<createdBy>duncan.taylor</createdBy>
<createdTime>2018-07-31 12:33:12 UTC</createdTime>
<ownerDesignName>cdb_morphmaster</ownerDesignName>
<segment>CCB81AF3-8F34-9E39-4DA3-6F9C76F2EB3D</segment>
<tableSpace>86F03238-F1C6-328D-B2DD-001403B5C274</tableSpace>
<indexSegment>CCB81AF3-8F34-9E39-4DA3-6F9C76F2EB3D</indexSegment>
<indexSort>SORTED</indexSort>
</PrimaryKey>
</primaryKeys>
</TableProxyOraclev11g>