<?xml version = '1.0' encoding = 'UTF-8'?>
<TableProxyOraclev11g class="oracle.dbtools.crest.model.design.storage.oracle.v11g.TableProxyOraclev11g" name="WF11_PROTECTED_AREAS" directorySegmentName="seg_23" id="94BEB5A6-9738-FC97-0688-FFB2D19DF8A4">
<createdBy>Duncan.Taylor</createdBy>
<createdTime>2018-07-31 12:33:11 UTC</createdTime>
<ownerDesignName>cdb_morphmaster</ownerDesignName>
<schemaObject>06841B23-6140-E146-0E94-9D7A2B48ED83</schemaObject>
<logging>YES</logging>
<partitionedRowMovement>DISABLE</partitionedRowMovement>
<segment>59302EFA-DED9-7DC1-42E4-98A691AEBEEE</segment>
<tableSpace>D68F365E-74DB-92D8-B040-27B08D3C9EEB</tableSpace>
<temporaryChanged>false</temporaryChanged>
<accessDriverType>oracle_loader</accessDriverType>
<rejectLimit></rejectLimit>
<columnProxies itemClass="oracle.dbtools.crest.model.design.storage.oracle.v12c.ColumnProxyOraclev12c">
<ColumnProxy name="PA_ID" id="37B5FD5E-D77B-A693-2BAA-3BBE7A46C1AF">
<createdBy>duncan.taylor</createdBy>
<createdTime>2018-07-31 12:33:12 UTC</createdTime>
<ownerDesignName>cdb_morphmaster</ownerDesignName>
</ColumnProxy>
<ColumnProxy name="WATER_DEPENDENT" id="8F5C8A90-B9C6-C772-218B-2D9B39D043B5">
<createdBy>duncan.taylor</createdBy>
<createdTime>2018-07-31 12:33:12 UTC</createdTime>
<ownerDesignName>cdb_morphmaster</ownerDesignName>
</ColumnProxy>
<ColumnProxy name="EXPIRY_DATE" id="A22D1EED-38FB-4C1D-4486-308035DDC264">
<createdBy>duncan.taylor</createdBy>
<createdTime>2018-07-31 12:33:12 UTC</createdTime>
<ownerDesignName>cdb_morphmaster</ownerDesignName>
</ColumnProxy>
<ColumnProxy name="CHANGE_REASON" id="C519E07E-D5E0-8D4D-836F-034A1B0C4815">
<createdBy>duncan.taylor</createdBy>
<createdTime>2018-07-31 12:33:12 UTC</createdTime>
<ownerDesignName>cdb_morphmaster</ownerDesignName>
</ColumnProxy>
<ColumnProxy name="GENRE_ID" id="C8E9BC79-358D-E0E3-85CC-8D374211F6E6">
<createdBy>duncan.taylor</createdBy>
<createdTime>2018-07-31 12:33:12 UTC</createdTime>
<ownerDesignName>cdb_morphmaster</ownerDesignName>
</ColumnProxy>
<ColumnProxy name="DESCRIPTION" id="DF450D39-EC6E-E1DD-7B11-444D4A87662E">
<createdBy>duncan.taylor</createdBy>
<createdTime>2018-07-31 12:33:12 UTC</createdTime>
<ownerDesignName>cdb_morphmaster</ownerDesignName>
</ColumnProxy>
</columnProxies>
<indexProxies>
<IndexProxy class="oracle.dbtools.crest.model.design.storage.oracle.v10g.IndexProxyOraclev10g" name="WF11_WF02_FK" id="17137C61-A47A-D6D8-CE15-C0B46B19CF0B">
<createdBy>Duncan.Taylor</createdBy>
<createdTime>2018-07-25 11:57:42 UTC</createdTime>
<ownerDesignName>cdb_morphmaster</ownerDesignName>
</IndexProxy>
<IndexProxy class="oracle.dbtools.crest.model.design.storage.oracle.v10g.IndexProxyOraclev10g" name="WF11_WF02_FK_I" id="3F81193D-D4EE-55C7-4429-18A1ED43A5C1">
<createdBy>duncan.taylor</createdBy>
<createdTime>2018-07-31 12:33:12 UTC</createdTime>
<ownerDesignName>cdb_morphmaster</ownerDesignName>
<schemaObject>06841B23-6140-E146-0E94-9D7A2B48ED83</schemaObject>
<segment>CCB81AF3-8F34-9E39-4DA3-6F9C76F2EB3D</segment>
<tableSpace>BC6F0A33-687E-6432-7BA4-951530D11650</tableSpace>
</IndexProxy>
<IndexProxy class="oracle.dbtools.crest.model.design.storage.oracle.v10g.IndexProxyOraclev10g" name="WF11_WF50_FK" id="5E2BA854-1BBF-755E-3010-1D0FC3FF5D59">
<createdBy>Duncan.Taylor</createdBy>
<createdTime>2018-07-25 11:57:42 UTC</createdTime>
<ownerDesignName>cdb_morphmaster</ownerDesignName>
</IndexProxy>
<IndexProxy class="oracle.dbtools.crest.model.design.storage.oracle.v10g.IndexProxyOraclev10g" name="WF11_PK" id="F0E32D40-AD38-18D3-0636-08903CC9C513">
<createdBy>duncan.taylor</createdBy>
<createdTime>2018-07-31 12:33:12 UTC</createdTime>
<ownerDesignName>cdb_morphmaster</ownerDesignName>
<schemaObject>06841B23-6140-E146-0E94-9D7A2B48ED83</schemaObject>
<segment>CCB81AF3-8F34-9E39-4DA3-6F9C76F2EB3D</segment>
<tableSpace>BC6F0A33-687E-6432-7BA4-951530D11650</tableSpace>
</IndexProxy>
</indexProxies>
<synonyms>
<Synonym class="oracle.dbtools.crest.model.design.storage.oracle.v10g.SynonymOraclev10g" name="WF11" directorySegmentName="seg_110" id="9B13DD2D-78D1-30B9-E90E-915FB926ACE1">
<sourceConnName>Browser@C01L</sourceConnName>
<sourceObjSchema>PUBLIC</sourceObjSchema>
<sourceObjName>WF11</sourceObjName>
<createdBy>Duncan.Taylor</createdBy>
<createdTime>2018-07-25 11:57:56 UTC</createdTime>
<ownerDesignName>cdb_c01l</ownerDesignName>
<object>WF11_PROTECTED_AREAS</object>
<public>YES</public>
<user>PUBLIC</user>
<referredObjectID>94BEB5A6-9738-FC97-0688-FFB2D19DF8A4</referredObjectID>
</Synonym>
<Synonym class="oracle.dbtools.crest.model.design.storage.oracle.v10g.SynonymOraclev10g" name="WF11_PROTECTED_AREAS" directorySegmentName="seg_110" id="124EA090-7D85-AB0D-C06C-C02519040DA6">
<sourceConnName>Browser@C01L</sourceConnName>
<sourceObjSchema>PUBLIC</sourceObjSchema>
<sourceObjName>WF11_PROTECTED_AREAS</sourceObjName>
<createdBy>Duncan.Taylor</createdBy>
<createdTime>2018-07-25 11:57:56 UTC</createdTime>
<ownerDesignName>cdb_c01l</ownerDesignName>
<object>WF11_PROTECTED_AREAS</object>
<public>YES</public>
<user>PUBLIC</user>
<referredObjectID>94BEB5A6-9738-FC97-0688-FFB2D19DF8A4</referredObjectID>
</Synonym>
</synonyms>
<foreignKeys>
<ForeignKey class="oracle.dbtools.crest.model.design.storage.oracle.v10g.FKProxyOraclev10g" name="WF11_WF50_FK" id="639A2EC7-AC93-9185-47D1-42D0A93A3B3D">
<createdBy>duncan.taylor</createdBy>
<createdTime>2018-07-31 12:33:13 UTC</createdTime>
<ownerDesignName>cdb_morphmaster</ownerDesignName>
</ForeignKey>
<ForeignKey class="oracle.dbtools.crest.model.design.storage.oracle.v10g.FKProxyOraclev10g" name="WF11_WF02_FK" id="7BC3F2EA-8E18-4731-FA66-5F3663689EDA">
<createdBy>duncan.taylor</createdBy>
<createdTime>2018-07-31 12:33:13 UTC</createdTime>
<ownerDesignName>cdb_morphmaster</ownerDesignName>
</ForeignKey>
</foreignKeys>
<primaryKeys>
<PrimaryKey class="oracle.dbtools.crest.model.design.storage.oracle.v10g.PKProxyOraclev10g" name="WF11_PK" id="E9206B44-2B01-91FF-241C-8A7FC227BF81">
<createdBy>duncan.taylor</createdBy>
<createdTime>2018-07-31 12:33:13 UTC</createdTime>
<ownerDesignName>cdb_morphmaster</ownerDesignName>
<segment>CCB81AF3-8F34-9E39-4DA3-6F9C76F2EB3D</segment>
<tableSpace>BC6F0A33-687E-6432-7BA4-951530D11650</tableSpace>
<existingIndex>F0E32D40-AD38-18D3-0636-08903CC9C513</existingIndex>
<indexSegment>CCB81AF3-8F34-9E39-4DA3-6F9C76F2EB3D</indexSegment>
<indexSort>SORTED</indexSort>
<usingIndex>BY INDEX NAME</usingIndex>
</PrimaryKey>
</primaryKeys>
</TableProxyOraclev11g>