<?xml version = '1.0' encoding = 'UTF-8'?>
<FKIndexAssociation class="oracle.dbtools.crest.model.design.relational.FKIndexAssociation" directorySegmentName="seg_0" id="9299F12C-E722-0E82-C453-4E6A770A8F3B" containerWithKeyObject="699BE86F-97C6-2976-D434-2D5C1B6392B2" localFKIndex="B3AA7D9D-5FA7-52BB-E3AB-3DE2BED07BCD" name="MO17_MO16_FK">
<createdBy>duncan.taylor</createdBy>
<createdTime>2018-08-13 11:47:57 UTC</createdTime>
<ownerDesignName>cdb_morphmaster</ownerDesignName>
<referredTableLongName>MORPHMASTER.MO16_RIPARIAN_VEG_CATEGORIES</referredTableLongName>
<deleteRule>NO ACTION</deleteRule>
<referredTableID>44B9D5E7-11E9-B6E8-A6DF-A53AA562FB38</referredTableID>
<keyObject>79183ADB-A318-466C-6E3C-EC44025455CD</keyObject>
<referredKeyID>79183ADB-A318-466C-6E3C-EC44025455CD</referredKeyID>
<mandatory>true</mandatory>
<refColNames>ST_CODE,CATEGORY</refColNames>
<transferable>true</transferable>
<rely>false</rely>
<columnDependencyConstraintGenerateInDDL>true</columnDependencyConstraintGenerateInDDL>
</FKIndexAssociation>