<?xml version = '1.0' encoding = 'UTF-8'?>
<FKIndexAssociation class="oracle.dbtools.crest.model.design.relational.FKIndexAssociation" directorySegmentName="seg_0" id="C683A196-C103-8FC5-21FA-7BA8D4AF6190" containerWithKeyObject="699BE86F-97C6-2976-D434-2D5C1B6392B2" localFKIndex="20263998-A047-DB8F-FE19-3763FBED5C2A" name="MO17_GE31_FK">
<createdBy>duncan.taylor</createdBy>
<createdTime>2018-08-13 11:45:22 UTC</createdTime>
<ownerDesignName>cdb_morphmaster</ownerDesignName>
<referredTableLongName>GENERAL.GE31_SUBTYPOLOGY_CATEGORIES</referredTableLongName>
<deleteRule>NO ACTION</deleteRule>
<referredTableID>3B4E3AF7-295A-07D0-46DA-4E14FA343AF7</referredTableID>
<keyObject>621E965C-8C0C-8D2E-70DE-BCB11E84A192</keyObject>
<referredKeyID>621E965C-8C0C-8D2E-70DE-BCB11E84A192</referredKeyID>
<mandatory>true</mandatory>
<refColNames>ST_CODE,CATEGORY</refColNames>
<transferable>true</transferable>
<rely>false</rely>
<columnDependencyConstraintGenerateInDDL>true</columnDependencyConstraintGenerateInDDL>
</FKIndexAssociation>