<?xml version = '1.0' encoding = 'UTF-8'?>
<TableProxyOraclev11g class="oracle.dbtools.crest.model.design.storage.oracle.v11g.TableProxyOraclev11g" name="MO15_IMPACT_SCORES" directorySegmentName="seg_30" id="C3ECBF8C-C7EC-1083-3080-C40377AA1E20">
<createdBy>Duncan.Taylor</createdBy>
<createdTime>2018-07-31 12:33:11 UTC</createdTime>
<ownerDesignName>cdb_morphmaster</ownerDesignName>
<schemaObject>B9747E78-31C9-E033-1072-BFCA55C723C9</schemaObject>
<logging>YES</logging>
<partitionedRowMovement>DISABLE</partitionedRowMovement>
<segment>59302EFA-DED9-7DC1-42E4-98A691AEBEEE</segment>
<tableSpace>86F03238-F1C6-328D-B2DD-001403B5C274</tableSpace>
<temporaryChanged>false</temporaryChanged>
<accessDriverType>oracle_loader</accessDriverType>
<rejectLimit></rejectLimit>
<columnProxies itemClass="oracle.dbtools.crest.model.design.storage.oracle.v12c.ColumnProxyOraclev12c">
<ColumnProxy name="IMPACT_SCORE" id="47AC83C0-D797-70BD-89BE-D91E7BC14EBA">
<createdBy>duncan.taylor</createdBy>
<createdTime>2018-07-31 12:33:11 UTC</createdTime>
<ownerDesignName>cdb_morphmaster</ownerDesignName>
</ColumnProxy>
<ColumnProxy name="ACTIVITY_CODE" id="73F1E705-6170-8F48-35AE-E010390257AA">
<createdBy>duncan.taylor</createdBy>
<createdTime>2018-07-31 12:33:11 UTC</createdTime>
<ownerDesignName>cdb_morphmaster</ownerDesignName>
</ColumnProxy>
<ColumnProxy name="IS_ID" id="90613F4F-72C9-5823-EA49-D4040484F894">
<createdBy>duncan.taylor</createdBy>
<createdTime>2018-07-31 12:33:11 UTC</createdTime>
<ownerDesignName>cdb_morphmaster</ownerDesignName>
</ColumnProxy>
<ColumnProxy name="CATEGORY" id="A3A3A738-BA38-EB77-900E-A98BB3E91560">
<createdBy>duncan.taylor</createdBy>
<createdTime>2018-07-31 12:33:11 UTC</createdTime>
<ownerDesignName>cdb_morphmaster</ownerDesignName>
</ColumnProxy>
<ColumnProxy name="ZONE_CODE" id="C7AA7778-EC88-97FF-48A9-85F64F2390D4">
<createdBy>duncan.taylor</createdBy>
<createdTime>2018-07-31 12:33:11 UTC</createdTime>
<ownerDesignName>cdb_morphmaster</ownerDesignName>
</ColumnProxy>
<ColumnProxy name="ST_CODE" id="CAAA568A-A0ED-5EBF-0E1A-EFE666E64B84">
<createdBy>duncan.taylor</createdBy>
<createdTime>2018-07-31 12:33:11 UTC</createdTime>
<ownerDesignName>cdb_morphmaster</ownerDesignName>
</ColumnProxy>
</columnProxies>
<indexProxies>
<IndexProxy class="oracle.dbtools.crest.model.design.storage.oracle.v10g.IndexProxyOraclev10g" name="MO15_MO04_FK_I" id="3962035D-AE5C-6B79-32F3-5849F095EA61">
<createdBy>duncan.taylor</createdBy>
<createdTime>2018-07-31 12:33:12 UTC</createdTime>
<ownerDesignName>cdb_morphmaster</ownerDesignName>
<schemaObject>B9747E78-31C9-E033-1072-BFCA55C723C9</schemaObject>
<segment>CCB81AF3-8F34-9E39-4DA3-6F9C76F2EB3D</segment>
<tableSpace>45DD7492-3B4B-F8A9-AB51-4519BCC608CC</tableSpace>
</IndexProxy>
<IndexProxy class="oracle.dbtools.crest.model.design.storage.oracle.v10g.IndexProxyOraclev10g" name="MO15_PK" id="7ABB65D0-AD9C-A2F5-0D07-4D0C57AE1ECC">
<createdBy>duncan.taylor</createdBy>
<createdTime>2018-07-31 12:33:12 UTC</createdTime>
<ownerDesignName>cdb_morphmaster</ownerDesignName>
<schemaObject>B9747E78-31C9-E033-1072-BFCA55C723C9</schemaObject>
<segment>CCB81AF3-8F34-9E39-4DA3-6F9C76F2EB3D</segment>
<tableSpace>45DD7492-3B4B-F8A9-AB51-4519BCC608CC</tableSpace>
</IndexProxy>
<IndexProxy class="oracle.dbtools.crest.model.design.storage.oracle.v10g.IndexProxyOraclev10g" name="MO15_GE31_FK_I" id="B02F508D-E9BA-1DB2-D00F-3FF0534DB7B6">
<createdBy>duncan.taylor</createdBy>
<createdTime>2018-07-31 12:33:12 UTC</createdTime>
<ownerDesignName>cdb_morphmaster</ownerDesignName>
<schemaObject>B9747E78-31C9-E033-1072-BFCA55C723C9</schemaObject>
<segment>CCB81AF3-8F34-9E39-4DA3-6F9C76F2EB3D</segment>
<tableSpace>45DD7492-3B4B-F8A9-AB51-4519BCC608CC</tableSpace>
</IndexProxy>
<IndexProxy class="oracle.dbtools.crest.model.design.storage.oracle.v10g.IndexProxyOraclev10g" name="MO15_UK" id="CD9CAB1B-9CAD-EF3B-65F4-812787C9BB1E">
<createdBy>duncan.taylor</createdBy>
<createdTime>2018-07-31 12:33:12 UTC</createdTime>
<ownerDesignName>cdb_morphmaster</ownerDesignName>
<schemaObject>B9747E78-31C9-E033-1072-BFCA55C723C9</schemaObject>
<segment>CCB81AF3-8F34-9E39-4DA3-6F9C76F2EB3D</segment>
<tableSpace>45DD7492-3B4B-F8A9-AB51-4519BCC608CC</tableSpace>
</IndexProxy>
</indexProxies>
<synonyms>
<Synonym class="oracle.dbtools.crest.model.design.storage.oracle.v10g.SynonymOraclev10g" name="MO15" directorySegmentName="seg_51" id="18010167-6CDC-7EEB-7013-82A8EA6EEBB5">
<sourceConnName>Browser@C01L</sourceConnName>
<sourceObjSchema>PUBLIC</sourceObjSchema>
<sourceObjName>MO15</sourceObjName>
<createdBy>Duncan.Taylor</createdBy>
<createdTime>2018-07-25 11:57:50 UTC</createdTime>
<ownerDesignName>cdb_c01l</ownerDesignName>
<object>MO15_IMPACT_SCORES</object>
<public>YES</public>
<user>PUBLIC</user>
<referredObjectID>C3ECBF8C-C7EC-1083-3080-C40377AA1E20</referredObjectID>
</Synonym>
<Synonym class="oracle.dbtools.crest.model.design.storage.oracle.v10g.SynonymOraclev10g" name="MO15_IMPACT_SCORES" directorySegmentName="seg_51" id="005D907D-7594-904C-6922-AAC3552E88F2">
<sourceConnName>Browser@C01L</sourceConnName>
<sourceObjSchema>PUBLIC</sourceObjSchema>
<sourceObjName>MO15_IMPACT_SCORES</sourceObjName>
<createdBy>Duncan.Taylor</createdBy>
<createdTime>2018-07-25 11:57:50 UTC</createdTime>
<ownerDesignName>cdb_c01l</ownerDesignName>
<object>MO15_IMPACT_SCORES</object>
<public>YES</public>
<user>PUBLIC</user>
<referredObjectID>C3ECBF8C-C7EC-1083-3080-C40377AA1E20</referredObjectID>
</Synonym>
</synonyms>
<foreignKeys>
<ForeignKey class="oracle.dbtools.crest.model.design.storage.oracle.v10g.FKProxyOraclev10g" name="MO15_MO04_FK" id="115DAAA6-ABA8-6930-1C54-906D90250E09">
<createdBy>duncan.taylor</createdBy>
<createdTime>2018-07-31 12:33:13 UTC</createdTime>
<ownerDesignName>cdb_morphmaster</ownerDesignName>
</ForeignKey>
<ForeignKey class="oracle.dbtools.crest.model.design.storage.oracle.v10g.FKProxyOraclev10g" name="MO15_GE31_FK" id="520354FB-B71D-1536-E42E-8FEA33477EB3">
<createdBy>duncan.taylor</createdBy>
<createdTime>2018-07-31 12:33:13 UTC</createdTime>
<ownerDesignName>cdb_morphmaster</ownerDesignName>
</ForeignKey>
<ForeignKey class="oracle.dbtools.crest.model.design.storage.oracle.v10g.FKProxyOraclev10g" name="MO15_MO01_FK" id="F4BB982B-3F20-0EB1-8997-4A81B3ADDB9D">
<createdBy>duncan.taylor</createdBy>
<createdTime>2018-07-31 12:33:13 UTC</createdTime>
<ownerDesignName>cdb_morphmaster</ownerDesignName>
</ForeignKey>
</foreignKeys>
<primaryKeys>
<PrimaryKey class="oracle.dbtools.crest.model.design.storage.oracle.v10g.PKProxyOraclev10g" name="MO15_PK" id="2B71269F-9956-9434-F176-4CFE1A49B801">
<createdBy>duncan.taylor</createdBy>
<createdTime>2018-07-31 12:33:12 UTC</createdTime>
<ownerDesignName>cdb_morphmaster</ownerDesignName>
<segment>CCB81AF3-8F34-9E39-4DA3-6F9C76F2EB3D</segment>
<tableSpace>45DD7492-3B4B-F8A9-AB51-4519BCC608CC</tableSpace>
<existingIndex>7ABB65D0-AD9C-A2F5-0D07-4D0C57AE1ECC</existingIndex>
<indexSegment>CCB81AF3-8F34-9E39-4DA3-6F9C76F2EB3D</indexSegment>
<indexSort>SORTED</indexSort>
<usingIndex>BY INDEX NAME</usingIndex>
</PrimaryKey>
</primaryKeys>
<uniqueKeys>
<UniqueKey class="oracle.dbtools.crest.model.design.storage.oracle.v10g.UniqueOraclev10g" name="MO15_UK" id="E426F6FD-D462-EF51-2FCF-2C7B3266AD72">
<createdBy>duncan.taylor</createdBy>
<createdTime>2018-07-31 12:33:12 UTC</createdTime>
<ownerDesignName>cdb_morphmaster</ownerDesignName>
<segment>CCB81AF3-8F34-9E39-4DA3-6F9C76F2EB3D</segment>
<tableSpace>45DD7492-3B4B-F8A9-AB51-4519BCC608CC</tableSpace>
<existingIndex>CD9CAB1B-9CAD-EF3B-65F4-812787C9BB1E</existingIndex>
<indexSegment>CCB81AF3-8F34-9E39-4DA3-6F9C76F2EB3D</indexSegment>
<indexSort>SORTED</indexSort>
<usingIndex>BY INDEX NAME</usingIndex>
</UniqueKey>
</uniqueKeys>
</TableProxyOraclev11g>