<?xml version = '1.0' encoding = 'UTF-8'?>
<SynonymOraclev10g class="oracle.dbtools.crest.model.design.storage.oracle.v10g.SynonymOraclev10g" name="MO15_IMPACT_SCORES" directorySegmentName="seg_51" id="005D907D-7594-904C-6922-AAC3552E88F2">
<sourceConnName>Browser@C01L</sourceConnName>
<sourceObjSchema>PUBLIC</sourceObjSchema>
<sourceObjName>MO15_IMPACT_SCORES</sourceObjName>
<createdBy>Duncan.Taylor</createdBy>
<createdTime>2018-07-25 11:57:50 UTC</createdTime>
<ownerDesignName>cdb_morphmaster</ownerDesignName>
<object>MO15_IMPACT_SCORES</object>
<public>YES</public>
<user>PUBLIC</user>
<referredObjectID>C3ECBF8C-C7EC-1083-3080-C40377AA1E20</referredObjectID>
</SynonymOraclev10g>