<?xml version = '1.0' encoding = 'UTF-8'?>
<SynonymOraclev10g class="oracle.dbtools.crest.model.design.storage.oracle.v10g.SynonymOraclev10g" name="MO16_RIPARIAN_VEG_CATEGORIES" directorySegmentName="seg_51" id="05AB926C-8DD0-0091-51E6-635BB8E1C6A9">
<sourceConnName>Browser@C01L</sourceConnName>
<sourceObjSchema>PUBLIC</sourceObjSchema>
<sourceObjName>MO16_RIPARIAN_VEG_CATEGORIES</sourceObjName>
<createdBy>Duncan.Taylor</createdBy>
<createdTime>2018-07-25 11:57:50 UTC</createdTime>
<ownerDesignName>cdb_morphmaster</ownerDesignName>
<object>MO16_RIPARIAN_VEG_CATEGORIES</object>
<public>YES</public>
<user>PUBLIC</user>
<referredObjectID>44B9D5E7-11E9-B6E8-A6DF-A53AA562FB38</referredObjectID>
</SynonymOraclev10g>