<?xml version = '1.0' encoding = 'UTF-8'?>
<SynonymOraclev10g class="oracle.dbtools.crest.model.design.storage.oracle.v10g.SynonymOraclev10g" name="MO01" directorySegmentName="seg_51" id="0EE338E1-E836-C1B7-48B5-2874A10CF82E">
<sourceConnName>Browser@C01L</sourceConnName>
<sourceObjSchema>PUBLIC</sourceObjSchema>
<sourceObjName>MO01</sourceObjName>
<createdBy>Duncan.Taylor</createdBy>
<createdTime>2018-07-25 11:57:50 UTC</createdTime>
<ownerDesignName>cdb_morphmaster</ownerDesignName>
<object>MO01_ZONES</object>
<public>YES</public>
<user>PUBLIC</user>
<referredObjectID>230D76D0-EE8E-01F5-D95C-939C0CF926B2</referredObjectID>
</SynonymOraclev10g>