<?xml version = '1.0' encoding = 'UTF-8'?>
<SynonymOraclev10g class="oracle.dbtools.crest.model.design.storage.oracle.v10g.SynonymOraclev10g" name="MO30" directorySegmentName="seg_51" id="177D1D4E-3171-5D37-507E-7448394F8A67">
<sourceConnName>Browser@C01L</sourceConnName>
<sourceObjSchema>PUBLIC</sourceObjSchema>
<sourceObjName>MO30</sourceObjName>
<createdBy>Duncan.Taylor</createdBy>
<createdTime>2018-07-25 11:57:50 UTC</createdTime>
<ownerDesignName>cdb_morphmaster</ownerDesignName>
<object>MO30_PRESSURE_ACTIVITIES</object>
<public>YES</public>
<user>PUBLIC</user>
<referredObjectID>E421FD0A-A74B-C3E7-1DD5-9CAD0C35FF20</referredObjectID>
</SynonymOraclev10g>