<?xml version = '1.0' encoding = 'UTF-8'?>
<SynonymOraclev10g class="oracle.dbtools.crest.model.design.storage.oracle.v10g.SynonymOraclev10g" name="MO11_ASSESSMENTS" directorySegmentName="seg_51" id="2396C2E9-7C5F-6A88-68D8-54415FAC3A1D">
<sourceConnName>Browser@C01L</sourceConnName>
<sourceObjSchema>PUBLIC</sourceObjSchema>
<sourceObjName>MO11_ASSESSMENTS</sourceObjName>
<createdBy>Duncan.Taylor</createdBy>
<createdTime>2018-07-25 11:57:50 UTC</createdTime>
<ownerDesignName>cdb_morphmaster</ownerDesignName>
<object>MO11_ASSESSMENTS</object>
<public>YES</public>
<user>PUBLIC</user>
<referredObjectID>A01F1EF3-5B10-ECD1-33CF-87B87F868596</referredObjectID>
</SynonymOraclev10g>