<?xml version = '1.0' encoding = 'UTF-8'?>
<SynonymOraclev10g class="oracle.dbtools.crest.model.design.storage.oracle.v10g.SynonymOraclev10g" name="MO07" directorySegmentName="seg_51" id="2AF95307-DC79-8728-A614-1719179E94A9">
<sourceConnName>Browser@C01L</sourceConnName>
<sourceObjSchema>PUBLIC</sourceObjSchema>
<sourceObjName>MO07</sourceObjName>
<createdBy>Duncan.Taylor</createdBy>
<createdTime>2018-07-25 11:57:50 UTC</createdTime>
<ownerDesignName>cdb_morphmaster</ownerDesignName>
<object>MO07_MORPHOLOGICAL_WEIGHTINGS</object>
<public>YES</public>
<user>PUBLIC</user>
<referredObjectID>DFFF3846-F86F-302A-6AC2-2A430933896A</referredObjectID>
</SynonymOraclev10g>