<?xml version = '1.0' encoding = 'UTF-8'?>
<SynonymOraclev10g class="oracle.dbtools.crest.model.design.storage.oracle.v10g.SynonymOraclev10g" name="MO17" directorySegmentName="seg_51" id="6553DA18-7080-EDC4-F22F-9FB647E18223">
<sourceConnName>Browser@C01L</sourceConnName>
<sourceObjSchema>PUBLIC</sourceObjSchema>
<sourceObjName>MO17</sourceObjName>
<createdBy>Duncan.Taylor</createdBy>
<createdTime>2018-07-25 11:57:50 UTC</createdTime>
<ownerDesignName>cdb_morphmaster</ownerDesignName>
<object>MO17_RIP_VEG_IMPACT_SCORES</object>
<public>YES</public>
<user>PUBLIC</user>
<referredObjectID>699BE86F-97C6-2976-D434-2D5C1B6392B2</referredObjectID>
</SynonymOraclev10g>