<?xml version = '1.0' encoding = 'UTF-8'?>
<SynonymOraclev10g class="oracle.dbtools.crest.model.design.storage.oracle.v10g.SynonymOraclev10g" name="MO33" directorySegmentName="seg_51" id="67CF663D-4917-FADB-8B81-000EEF86D0EE">
<sourceConnName>Browser@C01L</sourceConnName>
<sourceObjSchema>PUBLIC</sourceObjSchema>
<sourceObjName>MO33</sourceObjName>
<createdBy>Duncan.Taylor</createdBy>
<createdTime>2018-07-25 11:57:50 UTC</createdTime>
<ownerDesignName>cdb_morphmaster</ownerDesignName>
<object>MO33_MORPHOLOGICAL_PRESSURES</object>
<public>YES</public>
<user>PUBLIC</user>
<referredObjectID>0B7CA974-4DD5-1864-DA5A-C3CCFC0DBF92</referredObjectID>
</SynonymOraclev10g>