<?xml version = '1.0' encoding = 'UTF-8'?>
<SynonymOraclev10g class="oracle.dbtools.crest.model.design.storage.oracle.v10g.SynonymOraclev10g" name="MO02" directorySegmentName="seg_51" id="6E8279B3-51D7-3B82-FFD4-61C7731F1A92">
<sourceConnName>Browser@C01L</sourceConnName>
<sourceObjSchema>PUBLIC</sourceObjSchema>
<sourceObjName>MO02</sourceObjName>
<createdBy>Duncan.Taylor</createdBy>
<createdTime>2018-07-25 11:57:50 UTC</createdTime>
<ownerDesignName>cdb_morphmaster</ownerDesignName>
<object>MO02_DIVISIONS</object>
<public>YES</public>
<user>PUBLIC</user>
<referredObjectID>26F59A68-F4F2-2EF6-A67B-7A3ED3FC839C</referredObjectID>
</SynonymOraclev10g>