<?xml version = '1.0' encoding = 'UTF-8'?>
<SynonymOraclev10g class="oracle.dbtools.crest.model.design.storage.oracle.v10g.SynonymOraclev10g" name="MO26" directorySegmentName="seg_51" id="6ECDDE39-1208-B6BE-4036-026E39A94268">
<sourceConnName>Browser@C01L</sourceConnName>
<sourceObjSchema>PUBLIC</sourceObjSchema>
<sourceObjName>MO26</sourceObjName>
<createdBy>Duncan.Taylor</createdBy>
<createdTime>2018-07-25 11:57:50 UTC</createdTime>
<ownerDesignName>cdb_morphmaster</ownerDesignName>
<object>MO26_MORPH_ASSESSMENT</object>
<public>YES</public>
<user>PUBLIC</user>
<referredObjectID>CFA0D3D5-ECDA-53E5-AA81-92FC013187CF</referredObjectID>
</SynonymOraclev10g>