<?xml version = '1.0' encoding = 'UTF-8'?>
<SynonymOraclev10g class="oracle.dbtools.crest.model.design.storage.oracle.v10g.SynonymOraclev10g" name="MO12_STANDARDS" directorySegmentName="seg_51" id="75316D66-5570-7A36-D1D6-FF18CFCBC725">
<sourceConnName>Browser@C01L</sourceConnName>
<sourceObjSchema>PUBLIC</sourceObjSchema>
<sourceObjName>MO12_STANDARDS</sourceObjName>
<createdBy>Duncan.Taylor</createdBy>
<createdTime>2018-07-25 11:57:50 UTC</createdTime>
<ownerDesignName>cdb_morphmaster</ownerDesignName>
<object>MO12_STANDARDS</object>
<public>YES</public>
<user>PUBLIC</user>
<referredObjectID>96774B7B-9789-72E5-A308-55FB71F12DFE</referredObjectID>
</SynonymOraclev10g>