<?xml version = '1.0' encoding = 'UTF-8'?>
<SynonymOraclev10g class="oracle.dbtools.crest.model.design.storage.oracle.v10g.SynonymOraclev10g" name="MO25" directorySegmentName="seg_51" id="76623801-BBB8-3465-EAEE-C91D30890E52">
<sourceConnName>Browser@C01L</sourceConnName>
<sourceObjSchema>PUBLIC</sourceObjSchema>
<sourceObjName>MO25</sourceObjName>
<createdBy>Duncan.Taylor</createdBy>
<createdTime>2018-07-25 11:57:50 UTC</createdTime>
<ownerDesignName>cdb_morphmaster</ownerDesignName>
<object>MO25_MPD_MIMAS</object>
<public>YES</public>
<user>PUBLIC</user>
<referredObjectID>A28C63F3-F697-E9F3-6893-319D9685EAF5</referredObjectID>
</SynonymOraclev10g>