<?xml version = '1.0' encoding = 'UTF-8'?>
<SynonymOraclev10g class="oracle.dbtools.crest.model.design.storage.oracle.v10g.SynonymOraclev10g" name="MO06" directorySegmentName="seg_51" id="7DBA84A2-5A7B-A5A2-9DC7-11720461CB50">
<sourceConnName>Browser@C01L</sourceConnName>
<sourceObjSchema>PUBLIC</sourceObjSchema>
<sourceObjName>MO06</sourceObjName>
<createdBy>Duncan.Taylor</createdBy>
<createdTime>2018-07-25 11:57:50 UTC</createdTime>
<ownerDesignName>cdb_morphmaster</ownerDesignName>
<object>MO06_ZONE_ACTIVITY_WEIGHTINGS</object>
<public>YES</public>
<user>PUBLIC</user>
<referredObjectID>6E9BA383-CBF0-3DBB-E440-1E11E7C63837</referredObjectID>
</SynonymOraclev10g>