<?xml version = '1.0' encoding = 'UTF-8'?>
<SynonymOraclev10g class="oracle.dbtools.crest.model.design.storage.oracle.v10g.SynonymOraclev10g" name="MO32_TYPE_ATTRIBUTE_MATRIX" directorySegmentName="seg_51" id="7F2277FC-16C0-49E0-D4E9-490264DD43DE">
<sourceConnName>Browser@C01L</sourceConnName>
<sourceObjSchema>PUBLIC</sourceObjSchema>
<sourceObjName>MO32_TYPE_ATTRIBUTE_MATRIX</sourceObjName>
<createdBy>Duncan.Taylor</createdBy>
<createdTime>2018-07-25 11:57:50 UTC</createdTime>
<ownerDesignName>cdb_morphmaster</ownerDesignName>
<object>MO32_TYPE_ATTRIBUTE_MATRIX</object>
<public>YES</public>
<user>PUBLIC</user>
<referredObjectID>D7D8256D-6F98-3C13-700C-C5ED9E1E8E96</referredObjectID>
</SynonymOraclev10g>