<?xml version = '1.0' encoding = 'UTF-8'?>
<SynonymOraclev10g class="oracle.dbtools.crest.model.design.storage.oracle.v10g.SynonymOraclev10g" name="MO27_MIMAS_ACTIVITY_BREAKDOWN" directorySegmentName="seg_51" id="82E03993-A797-9C2E-0410-144FBBDECDD9">
<sourceConnName>Browser@C01L</sourceConnName>
<sourceObjSchema>PUBLIC</sourceObjSchema>
<sourceObjName>MO27_MIMAS_ACTIVITY_BREAKDOWN</sourceObjName>
<createdBy>Duncan.Taylor</createdBy>
<createdTime>2018-07-25 11:57:50 UTC</createdTime>
<ownerDesignName>cdb_morphmaster</ownerDesignName>
<object>MO27_MIMAS_ACTIVITY_BREAKDOWN</object>
<public>YES</public>
<user>PUBLIC</user>
<referredObjectID>F112AFB2-A363-E0D5-F172-1E6E71EC0B28</referredObjectID>
</SynonymOraclev10g>