<?xml version = '1.0' encoding = 'UTF-8'?>
<SynonymOraclev10g class="oracle.dbtools.crest.model.design.storage.oracle.v10g.SynonymOraclev10g" name="MO28" directorySegmentName="seg_51" id="93132EAC-18A4-BC94-78F9-F6E9D899D3B8">
<sourceConnName>Browser@C01L</sourceConnName>
<sourceObjSchema>PUBLIC</sourceObjSchema>
<sourceObjName>MO28</sourceObjName>
<createdBy>Duncan.Taylor</createdBy>
<createdTime>2018-07-25 11:57:50 UTC</createdTime>
<ownerDesignName>cdb_morphmaster</ownerDesignName>
<object>MO28_PRESSURE_ASSESSMENT</object>
<public>YES</public>
<user>PUBLIC</user>
<referredObjectID>22F04381-97A8-F624-914F-14C5F7804772</referredObjectID>
</SynonymOraclev10g>