<?xml version = '1.0' encoding = 'UTF-8'?>
<SynonymOraclev10g class="oracle.dbtools.crest.model.design.storage.oracle.v10g.SynonymOraclev10g" name="MO31" directorySegmentName="seg_51" id="955ADD04-89E3-0980-831B-6AF97475D93D">
<sourceConnName>Browser@C01L</sourceConnName>
<sourceObjSchema>PUBLIC</sourceObjSchema>
<sourceObjName>MO31</sourceObjName>
<createdBy>Duncan.Taylor</createdBy>
<createdTime>2018-07-25 11:57:50 UTC</createdTime>
<ownerDesignName>cdb_morphmaster</ownerDesignName>
<object>MO31_ATTRIBUTE_CATEGORIES</object>
<public>YES</public>
<user>PUBLIC</user>
<referredObjectID>FBC01113-E0D1-B5CF-B00E-FF01419565A7</referredObjectID>
</SynonymOraclev10g>