<?xml version = '1.0' encoding = 'UTF-8'?>
<SynonymOraclev10g class="oracle.dbtools.crest.model.design.storage.oracle.v10g.SynonymOraclev10g" name="MO04_ACTIVITIES" directorySegmentName="seg_51" id="A4272FF9-DBF6-986B-F424-F271F8D18180">
<sourceConnName>Browser@C01L</sourceConnName>
<sourceObjSchema>PUBLIC</sourceObjSchema>
<sourceObjName>MO04_ACTIVITIES</sourceObjName>
<createdBy>Duncan.Taylor</createdBy>
<createdTime>2018-07-25 11:57:50 UTC</createdTime>
<ownerDesignName>cdb_morphmaster</ownerDesignName>
<object>MO04_ACTIVITIES</object>
<public>YES</public>
<user>PUBLIC</user>
<referredObjectID>D14D807D-D862-C12A-21E8-779F910D5C60</referredObjectID>
</SynonymOraclev10g>