<?xml version = '1.0' encoding = 'UTF-8'?>
<SynonymOraclev10g class="oracle.dbtools.crest.model.design.storage.oracle.v10g.SynonymOraclev10g" name="MO03_CHARACTERISTICS" directorySegmentName="seg_51" id="A7A7B23F-C82E-6B05-4274-D4236A04405E">
<sourceConnName>Browser@C01L</sourceConnName>
<sourceObjSchema>PUBLIC</sourceObjSchema>
<sourceObjName>MO03_CHARACTERISTICS</sourceObjName>
<createdBy>Duncan.Taylor</createdBy>
<createdTime>2018-07-25 11:57:50 UTC</createdTime>
<ownerDesignName>cdb_morphmaster</ownerDesignName>
<object>MO03_CHARACTERISTICS</object>
<public>YES</public>
<user>PUBLIC</user>
<referredObjectID>57498EF2-0161-F24E-2FAD-AD8C36137DA6</referredObjectID>
</SynonymOraclev10g>