<?xml version = '1.0' encoding = 'UTF-8'?>
<SynonymOraclev10g class="oracle.dbtools.crest.model.design.storage.oracle.v10g.SynonymOraclev10g" name="MO28_PRESSURE_ASSESSMENT" directorySegmentName="seg_51" id="A9F01066-29D4-60BF-ECCB-C3AF59596016">
<sourceConnName>Browser@C01L</sourceConnName>
<sourceObjSchema>PUBLIC</sourceObjSchema>
<sourceObjName>MO28_PRESSURE_ASSESSMENT</sourceObjName>
<createdBy>Duncan.Taylor</createdBy>
<createdTime>2018-07-25 11:57:50 UTC</createdTime>
<ownerDesignName>cdb_morphmaster</ownerDesignName>
<object>MO28_PRESSURE_ASSESSMENT</object>
<public>YES</public>
<user>PUBLIC</user>
<referredObjectID>22F04381-97A8-F624-914F-14C5F7804772</referredObjectID>
</SynonymOraclev10g>