<?xml version = '1.0' encoding = 'UTF-8'?>
<SynonymOraclev10g class="oracle.dbtools.crest.model.design.storage.oracle.v10g.SynonymOraclev10g" name="MO11" directorySegmentName="seg_51" id="BE34B687-026D-0EBA-8EBC-9EE6FE75972B">
<sourceConnName>Browser@C01L</sourceConnName>
<sourceObjSchema>PUBLIC</sourceObjSchema>
<sourceObjName>MO11</sourceObjName>
<createdBy>Duncan.Taylor</createdBy>
<createdTime>2018-07-25 11:57:50 UTC</createdTime>
<ownerDesignName>cdb_morphmaster</ownerDesignName>
<object>MO11_ASSESSMENTS</object>
<public>YES</public>
<user>PUBLIC</user>
<referredObjectID>A01F1EF3-5B10-ECD1-33CF-87B87F868596</referredObjectID>
</SynonymOraclev10g>