<?xml version = '1.0' encoding = 'UTF-8'?>
<SynonymOraclev10g class="oracle.dbtools.crest.model.design.storage.oracle.v10g.SynonymOraclev10g" name="MO03" directorySegmentName="seg_51" id="CF0A1A2D-15EF-4E45-9E42-831AD32FA264">
<sourceConnName>Browser@C01L</sourceConnName>
<sourceObjSchema>PUBLIC</sourceObjSchema>
<sourceObjName>MO03</sourceObjName>
<createdBy>Duncan.Taylor</createdBy>
<createdTime>2018-07-25 11:57:50 UTC</createdTime>
<ownerDesignName>cdb_morphmaster</ownerDesignName>
<object>MO03_CHARACTERISTICS</object>
<public>YES</public>
<user>PUBLIC</user>
<referredObjectID>57498EF2-0161-F24E-2FAD-AD8C36137DA6</referredObjectID>
</SynonymOraclev10g>