<?xml version = '1.0' encoding = 'UTF-8'?>
<SynonymOraclev10g class="oracle.dbtools.crest.model.design.storage.oracle.v10g.SynonymOraclev10g" name="MO08" directorySegmentName="seg_51" id="D0F906E3-E41B-5E00-194A-0C5F129A3003">
<sourceConnName>Browser@C01L</sourceConnName>
<sourceObjSchema>PUBLIC</sourceObjSchema>
<sourceObjName>MO08</sourceObjName>
<createdBy>Duncan.Taylor</createdBy>
<createdTime>2018-07-25 11:57:50 UTC</createdTime>
<ownerDesignName>cdb_morphmaster</ownerDesignName>
<object>MO08_ECOLOGICAL_WEIGHTINGS</object>
<public>YES</public>
<user>PUBLIC</user>
<referredObjectID>75A99719-2128-7FF5-12C9-BE1A2E993C7C</referredObjectID>
</SynonymOraclev10g>