<?xml version = '1.0' encoding = 'UTF-8'?>
<SynonymOraclev10g class="oracle.dbtools.crest.model.design.storage.oracle.v10g.SynonymOraclev10g" name="MO34" directorySegmentName="seg_51" id="D73EE6CE-7A91-D727-8B51-3CA847392A7F">
<sourceConnName>Browser@C01L</sourceConnName>
<sourceObjSchema>PUBLIC</sourceObjSchema>
<sourceObjName>MO34</sourceObjName>
<createdBy>Duncan.Taylor</createdBy>
<createdTime>2018-07-25 11:57:50 UTC</createdTime>
<ownerDesignName>cdb_morphmaster</ownerDesignName>
<object>MO34_PRESSURE_ATTRIBUTES</object>
<public>YES</public>
<user>PUBLIC</user>
<referredObjectID>E8106C5B-C6D3-3161-6F56-53CA9BA876D5</referredObjectID>
</SynonymOraclev10g>