<?xml version = '1.0' encoding = 'UTF-8'?>
<SynonymOraclev10g class="oracle.dbtools.crest.model.design.storage.oracle.v10g.SynonymOraclev10g" name="MO05_ACTIVITY_WEIGHTINGS" directorySegmentName="seg_51" id="D7FD7B3C-0C19-11F5-42C9-6E03F8F5BF86">
<sourceConnName>Browser@C01L</sourceConnName>
<sourceObjSchema>PUBLIC</sourceObjSchema>
<sourceObjName>MO05_ACTIVITY_WEIGHTINGS</sourceObjName>
<createdBy>Duncan.Taylor</createdBy>
<createdTime>2018-07-25 11:57:50 UTC</createdTime>
<ownerDesignName>cdb_morphmaster</ownerDesignName>
<object>MO05_ACTIVITY_WEIGHTINGS</object>
<public>YES</public>
<user>PUBLIC</user>
<referredObjectID>33B24BBD-2FBB-87B9-4785-AFBE0482107A</referredObjectID>
</SynonymOraclev10g>