<?xml version = '1.0' encoding = 'UTF-8'?>
<SynonymOraclev10g class="oracle.dbtools.crest.model.design.storage.oracle.v10g.SynonymOraclev10g" name="MO17_RIP_VEG_IMPACT_SCORES" directorySegmentName="seg_51" id="F82E2987-0501-25F9-3B35-3D37EEAA2AD9">
<sourceConnName>Browser@C01L</sourceConnName>
<sourceObjSchema>PUBLIC</sourceObjSchema>
<sourceObjName>MO17_RIP_VEG_IMPACT_SCORES</sourceObjName>
<createdBy>Duncan.Taylor</createdBy>
<createdTime>2018-07-25 11:57:50 UTC</createdTime>
<ownerDesignName>cdb_morphmaster</ownerDesignName>
<object>MO17_RIP_VEG_IMPACT_SCORES</object>
<public>YES</public>
<user>PUBLIC</user>
<referredObjectID>699BE86F-97C6-2976-D434-2D5C1B6392B2</referredObjectID>
</SynonymOraclev10g>