<?xml version = '1.0' encoding = 'UTF-8'?>
<SynonymOraclev10g class="oracle.dbtools.crest.model.design.storage.oracle.v10g.SynonymOraclev10g" name="MO26_MORPH_ASSESSMENT" directorySegmentName="seg_51" id="FB878703-4596-2F9C-84C9-68D4FC1A4F0C">
<sourceConnName>Browser@C01L</sourceConnName>
<sourceObjSchema>PUBLIC</sourceObjSchema>
<sourceObjName>MO26_MORPH_ASSESSMENT</sourceObjName>
<createdBy>Duncan.Taylor</createdBy>
<createdTime>2018-07-25 11:57:50 UTC</createdTime>
<ownerDesignName>cdb_morphmaster</ownerDesignName>
<object>MO26_MORPH_ASSESSMENT</object>
<public>YES</public>
<user>PUBLIC</user>
<referredObjectID>CFA0D3D5-ECDA-53E5-AA81-92FC013187CF</referredObjectID>
</SynonymOraclev10g>