<?xml version = '1.0' encoding = 'UTF-8'?>
<SynonymOraclev10g class="oracle.dbtools.crest.model.design.storage.oracle.v10g.SynonymOraclev10g" name="MO09_ENVIRONMENTAL_STANDARDS" directorySegmentName="seg_51" id="FDF4D074-66EA-A838-E9E2-AD6148B2D16D">
<sourceConnName>Browser@C01L</sourceConnName>
<sourceObjSchema>PUBLIC</sourceObjSchema>
<sourceObjName>MO09_ENVIRONMENTAL_STANDARDS</sourceObjName>
<createdBy>Duncan.Taylor</createdBy>
<createdTime>2018-07-25 11:57:50 UTC</createdTime>
<ownerDesignName>cdb_morphmaster</ownerDesignName>
<object>MO09_ENVIRONMENTAL_STANDARDS</object>
<public>YES</public>
<user>PUBLIC</user>
<referredObjectID>2946D50B-70FA-1723-46DA-E5AF75037674</referredObjectID>
</SynonymOraclev10g>