<?xml version = '1.0' encoding = 'UTF-8'?>
<Table class="oracle.dbtools.crest.model.design.relational.Table" directorySegmentName="seg_1" id="5BD92544-468E-6D64-0B1B-4D284AE3712A" schemaObject="B1402178-3A6C-11FF-4231-BA73D239EB21" name="AUTHORISED_ACTIVITIES">
<sourceConnName>Browser@C01L</sourceConnName>
<sourceObjSchema>CLASMASTER</sourceObjSchema>
<sourceObjName>AUTHORISED_ACTIVITIES</sourceObjName>
<createdBy>Duncan.Taylor</createdBy>
<createdTime>2018-07-25 11:56:49 UTC</createdTime>
<ownerDesignName>cdb_c01l</ownerDesignName>
<allowColumnReorder>false</allowColumnReorder>
<existDependencyGenerateInDDl>true</existDependencyGenerateInDDl>
<parsed>true</parsed>
<columns itemClass="oracle.dbtools.crest.model.design.relational.Column">
<Column name="AUTH_AUTHORISATION_ID" id="7A7F2172-A3FD-803B-136A-41F2C40AEFB4">
<sourceConnName>Browser@C01L</sourceConnName>
<sourceObjSchema>AUTHORISED_ACTIVITIES</sourceObjSchema>
<sourceObjName>AUTH_AUTHORISATION_ID</sourceObjName>
<createdBy>Duncan.Taylor</createdBy>
<createdTime>2018-07-25 11:57:00 UTC</createdTime>
<commentInRDBMS>A sequentially issued number which uniquely identifies each Authorisation, Authorisation IP and Authorisation IPS</commentInRDBMS>
<ownerDesignName>cdb_c01l</ownerDesignName>
<useDomainConstraints>false</useDomainConstraints>
<use>1</use>
<logicalDatatype>LOGDT019</logicalDatatype>
<dataTypePrecision>10</dataTypePrecision>
<dataTypeScale>0</dataTypeScale>
<ownDataTypeParameters>,10,0</ownDataTypeParameters>
<autoIncrementCycle>false</autoIncrementCycle>
</Column>
<Column name="ACC_CATEGORY_NUMBER" id="7CE64556-8137-AC4E-F026-C7A53B2C9CAE">
<sourceConnName>Browser@C01L</sourceConnName>
<sourceObjSchema>AUTHORISED_ACTIVITIES</sourceObjSchema>
<sourceObjName>ACC_CATEGORY_NUMBER</sourceObjName>
<createdBy>Duncan.Taylor</createdBy>
<createdTime>2018-07-25 11:57:00 UTC</createdTime>
<commentInRDBMS>A number identifying the category (e.g. 1, 2, etc)</commentInRDBMS>
<ownerDesignName>cdb_c01l</ownerDesignName>
<useDomainConstraints>false</useDomainConstraints>
<use>1</use>
<logicalDatatype>LOGDT019</logicalDatatype>
<dataTypePrecision>6</dataTypePrecision>
<dataTypeScale>0</dataTypeScale>
<ownDataTypeParameters>,6,0</ownDataTypeParameters>
<autoIncrementCycle>false</autoIncrementCycle>
</Column>
<Column name="INS_INSTALLATION_ID" id="41C07770-6496-07BE-890B-1DF4F31F01AC">
<sourceConnName>Browser@C01L</sourceConnName>
<sourceObjSchema>AUTHORISED_ACTIVITIES</sourceObjSchema>
<sourceObjName>INS_INSTALLATION_ID</sourceObjName>
<createdBy>Duncan.Taylor</createdBy>
<createdTime>2018-07-25 11:57:00 UTC</createdTime>
<commentInRDBMS>A number which uniquely indentifies each installation (sequentially issued)</commentInRDBMS>
<ownerDesignName>cdb_c01l</ownerDesignName>
<nullsAllowed>true</nullsAllowed>
<useDomainConstraints>false</useDomainConstraints>
<use>1</use>
<logicalDatatype>LOGDT019</logicalDatatype>
<dataTypePrecision>10</dataTypePrecision>
<dataTypeScale>0</dataTypeScale>
<ownDataTypeParameters>,10,0</ownDataTypeParameters>
<autoIncrementCycle>false</autoIncrementCycle>
</Column>
<Column name="YN_PRIMARY" id="41343EC5-CD2E-28CA-DF44-1396FD0E1373">
<sourceConnName>Browser@C01L</sourceConnName>
<sourceObjSchema>AUTHORISED_ACTIVITIES</sourceObjSchema>
<sourceObjName>YN_PRIMARY</sourceObjName>
<createdBy>Duncan.Taylor</createdBy>
<createdTime>2018-07-25 11:57:00 UTC</createdTime>
<commentInRDBMS>Indicates primary / main activity</commentInRDBMS>
<ownerDesignName>cdb_c01l</ownerDesignName>
<useDomainConstraints>false</useDomainConstraints>
<use>1</use>
<logicalDatatype>LOGDT024</logicalDatatype>
<dataTypeSize>1 BYTE</dataTypeSize>
<ownDataTypeParameters>1 BYTE,,</ownDataTypeParameters>
<autoIncrementCycle>false</autoIncrementCycle>
</Column>
<Column name="CHANGE_NUMBER" id="5A56FD16-2DBC-F62C-42E5-9BE438B4EFE3">
<sourceConnName>Browser@C01L</sourceConnName>
<sourceObjSchema>AUTHORISED_ACTIVITIES</sourceObjSchema>
<sourceObjName>CHANGE_NUMBER</sourceObjName>
<createdBy>Duncan.Taylor</createdBy>
<createdTime>2018-07-25 11:57:00 UTC</createdTime>
<ownerDesignName>cdb_c01l</ownerDesignName>
<nullsAllowed>true</nullsAllowed>
<useDomainConstraints>false</useDomainConstraints>
<use>1</use>
<logicalDatatype>LOGDT019</logicalDatatype>
<dataTypePrecision>10</dataTypePrecision>
<dataTypeScale>0</dataTypeScale>
<ownDataTypeParameters>,10,0</ownDataTypeParameters>
<autoIncrementCycle>false</autoIncrementCycle>
</Column>
</columns>
<indexes itemClass="oracle.dbtools.crest.model.design.relational.Index">
<ind_PK_UK id="CC1482EE-0465-9C14-49C8-CE4F4D07AE15" name="AUA_PK">
<sourceConnName>Browser@C01L</sourceConnName>
<sourceObjSchema>CLASMASTER</sourceObjSchema>
<sourceObjName>AUA_PK</sourceObjName>
<createdBy>Duncan.Taylor</createdBy>
<createdTime>2018-07-25 11:57:23 UTC</createdTime>
<ownerDesignName>cdb_c01l</ownerDesignName>
<pk>true</pk>
<indexState>Primary Constraint</indexState>
<isSurrogateKey>false</isSurrogateKey>
<indexColumnUsage>
<colUsage columnID="7A7F2172-A3FD-803B-136A-41F2C40AEFB4"/>
<colUsage columnID="7CE64556-8137-AC4E-F026-C7A53B2C9CAE"/>
</indexColumnUsage>
</ind_PK_UK>
<ind_PK_UK id="839FB7D1-9D3E-2AC9-464C-0D5015E0B509" schemaObject="B1402178-3A6C-11FF-4231-BA73D239EB21" name="AUA_ACC_FK_I">
<sourceConnName>Browser@C01L</sourceConnName>
<sourceObjSchema>CLASMASTER</sourceObjSchema>
<sourceObjName>AUA_ACC_FK_I</sourceObjName>
<createdBy>Duncan.Taylor</createdBy>
<createdTime>2018-07-25 11:57:18 UTC</createdTime>
<ownerDesignName>cdb_c01l</ownerDesignName>
<isSurrogateKey>false</isSurrogateKey>
<indexColumnUsage>
<colUsage columnID="7CE64556-8137-AC4E-F026-C7A53B2C9CAE"/>
</indexColumnUsage>
</ind_PK_UK>
<ind_PK_UK id="BCB3089A-B80E-E48F-81EE-9834FF03A516" schemaObject="B1402178-3A6C-11FF-4231-BA73D239EB21" name="AUA_AUTH_FK_I">
<sourceConnName>Browser@C01L</sourceConnName>
<sourceObjSchema>CLASMASTER</sourceObjSchema>
<sourceObjName>AUA_AUTH_FK_I</sourceObjName>
<createdBy>Duncan.Taylor</createdBy>
<createdTime>2018-07-25 11:57:18 UTC</createdTime>
<ownerDesignName>cdb_c01l</ownerDesignName>
<isSurrogateKey>false</isSurrogateKey>
<indexColumnUsage>
<colUsage columnID="7A7F2172-A3FD-803B-136A-41F2C40AEFB4"/>
</indexColumnUsage>
</ind_PK_UK>
<ind_PK_UK id="581EB130-CD8A-F63C-CC73-34D611449FE6" schemaObject="B1402178-3A6C-11FF-4231-BA73D239EB21" name="AUA_INS_FK_I">
<sourceConnName>Browser@C01L</sourceConnName>
<sourceObjSchema>CLASMASTER</sourceObjSchema>
<sourceObjName>AUA_INS_FK_I</sourceObjName>
<createdBy>Duncan.Taylor</createdBy>
<createdTime>2018-07-25 11:57:18 UTC</createdTime>
<ownerDesignName>cdb_c01l</ownerDesignName>
<isSurrogateKey>false</isSurrogateKey>
<indexColumnUsage>
<colUsage columnID="41C07770-6496-07BE-890B-1DF4F31F01AC"/>
</indexColumnUsage>
</ind_PK_UK>
<ind_PK_UK id="EF38F369-8D6F-D19E-4748-41ADA00C5521" schemaObject="B1402178-3A6C-11FF-4231-BA73D239EB21" name="AUA_PK">
<sourceConnName>Browser@C01L</sourceConnName>
<sourceObjSchema>CLASMASTER</sourceObjSchema>
<sourceObjName>AUA_PK</sourceObjName>
<createdBy>Duncan.Taylor</createdBy>
<createdTime>2018-07-25 11:57:18 UTC</createdTime>
<ownerDesignName>cdb_c01l</ownerDesignName>
<indexState>Unique Plain Index</indexState>
<isSurrogateKey>false</isSurrogateKey>
<indexColumnUsage>
<colUsage columnID="7A7F2172-A3FD-803B-136A-41F2C40AEFB4"/>
<colUsage columnID="7CE64556-8137-AC4E-F026-C7A53B2C9CAE"/>
</indexColumnUsage>
</ind_PK_UK>
<ind_PK_UK id="E3C67CC1-E7B3-66A7-FED6-CE99B511DA2D" name="AUA_ACC_FK">
<createdBy>Duncan.Taylor</createdBy>
<createdTime>2018-07-25 11:57:40 UTC</createdTime>
<ownerDesignName>cdb_c01l</ownerDesignName>
<indexState>Foreign Key</indexState>
<isSurrogateKey>false</isSurrogateKey>
<indexColumnUsage>
<colUsage columnID="7CE64556-8137-AC4E-F026-C7A53B2C9CAE"/>
</indexColumnUsage>
</ind_PK_UK>
<ind_PK_UK id="B1459007-2705-8397-F90B-F0A1DA2BBB5F" name="AUA_AUTH_FK">
<createdBy>Duncan.Taylor</createdBy>
<createdTime>2018-07-25 11:57:40 UTC</createdTime>
<ownerDesignName>cdb_c01l</ownerDesignName>
<indexState>Foreign Key</indexState>
<isSurrogateKey>false</isSurrogateKey>
<indexColumnUsage>
<colUsage columnID="7A7F2172-A3FD-803B-136A-41F2C40AEFB4"/>
</indexColumnUsage>
</ind_PK_UK>
<ind_PK_UK id="366D08EC-16CC-F06B-14D1-982DF0076721" name="AUA_INS_FK">
<createdBy>Duncan.Taylor</createdBy>
<createdTime>2018-07-25 11:57:40 UTC</createdTime>
<ownerDesignName>cdb_c01l</ownerDesignName>
<indexState>Foreign Key</indexState>
<isSurrogateKey>false</isSurrogateKey>
<indexColumnUsage>
<colUsage columnID="41C07770-6496-07BE-890B-1DF4F31F01AC"/>
</indexColumnUsage>
</ind_PK_UK>
<ind_PK_UK id="151CC24E-9B65-3EC2-0566-12F6F53BEC47" name="AUA_ACC_FK">
<createdBy>duncan.taylor</createdBy>
<createdTime>2018-07-31 12:33:28 UTC</createdTime>
<ownerDesignName>cdb_morphmaster</ownerDesignName>
<indexState>Foreign Key</indexState>
<isSurrogateKey>false</isSurrogateKey>
<indexColumnUsage>
<colUsage columnID="7CE64556-8137-AC4E-F026-C7A53B2C9CAE"/>
</indexColumnUsage>
</ind_PK_UK>
<ind_PK_UK id="C47BDAF4-62B0-7069-466B-1D9659FF01FE" name="AUA_AUTH_FK">
<createdBy>duncan.taylor</createdBy>
<createdTime>2018-07-31 12:33:28 UTC</createdTime>
<ownerDesignName>cdb_morphmaster</ownerDesignName>
<indexState>Foreign Key</indexState>
<isSurrogateKey>false</isSurrogateKey>
<indexColumnUsage>
<colUsage columnID="7A7F2172-A3FD-803B-136A-41F2C40AEFB4"/>
</indexColumnUsage>
</ind_PK_UK>
<ind_PK_UK id="D9EDA5B4-07E9-3318-0901-94E1B8F8193C" name="AUA_INS_FK">
<createdBy>duncan.taylor</createdBy>
<createdTime>2018-07-31 12:33:28 UTC</createdTime>
<ownerDesignName>cdb_morphmaster</ownerDesignName>
<indexState>Foreign Key</indexState>
<isSurrogateKey>false</isSurrogateKey>
<indexColumnUsage>
<colUsage columnID="41C07770-6496-07BE-890B-1DF4F31F01AC"/>
</indexColumnUsage>
</ind_PK_UK>
</indexes>
</Table>