<?xml version = '1.0' encoding = 'UTF-8'?>
<Table class="oracle.dbtools.crest.model.design.relational.Table" directorySegmentName="seg_20" id="01AA0CF7-0C58-4E3B-ADDE-D4D3A0A3235C" schemaObject="B9747E78-31C9-E033-1072-BFCA55C723C9" name="MORPH_ASSESS_20080623">
<sourceConnName>Browser@C01L</sourceConnName>
<sourceObjSchema>MORPHMASTER</sourceObjSchema>
<sourceObjName>MORPH_ASSESS_20080623</sourceObjName>
<createdBy>Duncan.Taylor</createdBy>
<createdTime>2018-07-25 11:56:53 UTC</createdTime>
<ownerDesignName>cdb_c01l</ownerDesignName>
<allowColumnReorder>false</allowColumnReorder>
<existDependencyGenerateInDDl>true</existDependencyGenerateInDDl>
<parsed>true</parsed>
<columns itemClass="oracle.dbtools.crest.model.design.relational.Column">
<Column name="WBID" id="DBA6CCDA-250C-BE2F-CB49-2C00EE412B17">
<sourceConnName>Browser@C01L</sourceConnName>
<sourceObjSchema>MORPH_ASSESS_20080623</sourceObjSchema>
<sourceObjName>WBID</sourceObjName>
<createdBy>Duncan.Taylor</createdBy>
<createdTime>2018-07-25 11:57:08 UTC</createdTime>
<ownerDesignName>cdb_c01l</ownerDesignName>
<nullsAllowed>true</nullsAllowed>
<useDomainConstraints>false</useDomainConstraints>
<use>1</use>
<logicalDatatype>LOGDT024</logicalDatatype>
<dataTypeSize>16 BYTE</dataTypeSize>
<ownDataTypeParameters>16 BYTE,,</ownDataTypeParameters>
<autoIncrementCycle>false</autoIncrementCycle>
</Column>
<Column name="NAME" id="96AF1653-6911-2BE7-F537-BE826D869150">
<sourceConnName>Browser@C01L</sourceConnName>
<sourceObjSchema>MORPH_ASSESS_20080623</sourceObjSchema>
<sourceObjName>NAME</sourceObjName>
<createdBy>Duncan.Taylor</createdBy>
<createdTime>2018-07-25 11:57:08 UTC</createdTime>
<ownerDesignName>cdb_c01l</ownerDesignName>
<nullsAllowed>true</nullsAllowed>
<useDomainConstraints>false</useDomainConstraints>
<use>1</use>
<logicalDatatype>LOGDT024</logicalDatatype>
<dataTypeSize>80 BYTE</dataTypeSize>
<ownDataTypeParameters>80 BYTE,,</ownDataTypeParameters>
<autoIncrementCycle>false</autoIncrementCycle>
</Column>
<Column name="RBD" id="2F538B92-9627-A220-C308-4DA0C684BE34">
<sourceConnName>Browser@C01L</sourceConnName>
<sourceObjSchema>MORPH_ASSESS_20080623</sourceObjSchema>
<sourceObjName>RBD</sourceObjName>
<createdBy>Duncan.Taylor</createdBy>
<createdTime>2018-07-25 11:57:08 UTC</createdTime>
<ownerDesignName>cdb_c01l</ownerDesignName>
<useDomainConstraints>false</useDomainConstraints>
<use>1</use>
<logicalDatatype>LOGDT024</logicalDatatype>
<dataTypeSize>240 BYTE</dataTypeSize>
<ownDataTypeParameters>240 BYTE,,</ownDataTypeParameters>
<autoIncrementCycle>false</autoIncrementCycle>
</Column>
<Column name="SUB_BASIN_DISTRICT" id="20CED178-2E96-AD10-CB3F-9151F317269F">
<sourceConnName>Browser@C01L</sourceConnName>
<sourceObjSchema>MORPH_ASSESS_20080623</sourceObjSchema>
<sourceObjName>SUB_BASIN_DISTRICT</sourceObjName>
<createdBy>Duncan.Taylor</createdBy>
<createdTime>2018-07-25 11:57:08 UTC</createdTime>
<ownerDesignName>cdb_c01l</ownerDesignName>
<useDomainConstraints>false</useDomainConstraints>
<use>1</use>
<logicalDatatype>LOGDT024</logicalDatatype>
<dataTypeSize>240 BYTE</dataTypeSize>
<ownDataTypeParameters>240 BYTE,,</ownDataTypeParameters>
<autoIncrementCycle>false</autoIncrementCycle>
</Column>
<Column name="CATCHMENT" id="44765B17-655E-04A8-2594-8CDF86F2E395">
<sourceConnName>Browser@C01L</sourceConnName>
<sourceObjSchema>MORPH_ASSESS_20080623</sourceObjSchema>
<sourceObjName>CATCHMENT</sourceObjName>
<createdBy>Duncan.Taylor</createdBy>
<createdTime>2018-07-25 11:57:08 UTC</createdTime>
<ownerDesignName>cdb_c01l</ownerDesignName>
<nullsAllowed>true</nullsAllowed>
<useDomainConstraints>false</useDomainConstraints>
<use>1</use>
<logicalDatatype>LOGDT024</logicalDatatype>
<dataTypeSize>30 BYTE</dataTypeSize>
<ownDataTypeParameters>30 BYTE,,</ownDataTypeParameters>
<autoIncrementCycle>false</autoIncrementCycle>
</Column>
<Column name="PRESSURE_ID" id="0C6F8302-5AA9-1C51-2FF4-1D571A6E5C07">
<sourceConnName>Browser@C01L</sourceConnName>
<sourceObjSchema>MORPH_ASSESS_20080623</sourceObjSchema>
<sourceObjName>PRESSURE_ID</sourceObjName>
<createdBy>Duncan.Taylor</createdBy>
<createdTime>2018-07-25 11:57:08 UTC</createdTime>
<ownerDesignName>cdb_c01l</ownerDesignName>
<nullsAllowed>true</nullsAllowed>
<useDomainConstraints>false</useDomainConstraints>
<use>1</use>
<logicalDatatype>LOGDT019</logicalDatatype>
<dataTypePrecision>10</dataTypePrecision>
<dataTypeScale>0</dataTypeScale>
<ownDataTypeParameters>,10,0</ownDataTypeParameters>
<autoIncrementCycle>false</autoIncrementCycle>
</Column>
<Column name="ACTIVITY" id="5562DB60-94A0-8432-DB67-5EFB6DC5DCAA">
<sourceConnName>Browser@C01L</sourceConnName>
<sourceObjSchema>MORPH_ASSESS_20080623</sourceObjSchema>
<sourceObjName>ACTIVITY</sourceObjName>
<createdBy>Duncan.Taylor</createdBy>
<createdTime>2018-07-25 11:57:08 UTC</createdTime>
<ownerDesignName>cdb_c01l</ownerDesignName>
<nullsAllowed>true</nullsAllowed>
<useDomainConstraints>false</useDomainConstraints>
<use>1</use>
<logicalDatatype>LOGDT024</logicalDatatype>
<dataTypeSize>50 BYTE</dataTypeSize>
<ownDataTypeParameters>50 BYTE,,</ownDataTypeParameters>
<autoIncrementCycle>false</autoIncrementCycle>
</Column>
<Column name="ZONE" id="67E3C01E-6FE3-D563-3852-343C9D49470B">
<sourceConnName>Browser@C01L</sourceConnName>
<sourceObjSchema>MORPH_ASSESS_20080623</sourceObjSchema>
<sourceObjName>ZONE</sourceObjName>
<createdBy>Duncan.Taylor</createdBy>
<createdTime>2018-07-25 11:57:08 UTC</createdTime>
<ownerDesignName>cdb_c01l</ownerDesignName>
<nullsAllowed>true</nullsAllowed>
<useDomainConstraints>false</useDomainConstraints>
<use>1</use>
<logicalDatatype>LOGDT024</logicalDatatype>
<dataTypeSize>7 BYTE</dataTypeSize>
<ownDataTypeParameters>7 BYTE,,</ownDataTypeParameters>
<autoIncrementCycle>false</autoIncrementCycle>
</Column>
<Column name="PR_IMPACT_IN_AU" id="216E916C-0B84-6BA6-564C-9D062CB21E3B">
<sourceConnName>Browser@C01L</sourceConnName>
<sourceObjSchema>MORPH_ASSESS_20080623</sourceObjSchema>
<sourceObjName>PR_IMPACT_IN_AU</sourceObjName>
<createdBy>Duncan.Taylor</createdBy>
<createdTime>2018-07-25 11:57:08 UTC</createdTime>
<ownerDesignName>cdb_c01l</ownerDesignName>
<nullsAllowed>true</nullsAllowed>
<useDomainConstraints>false</useDomainConstraints>
<use>1</use>
<logicalDatatype>LOGDT019</logicalDatatype>
<ownDataTypeParameters>,,</ownDataTypeParameters>
<autoIncrementCycle>false</autoIncrementCycle>
</Column>
<Column name="SA_PRESSURE_IMPACT" id="2CA417E8-ACED-F065-4D85-7CC2A99CCD46">
<sourceConnName>Browser@C01L</sourceConnName>
<sourceObjSchema>MORPH_ASSESS_20080623</sourceObjSchema>
<sourceObjName>SA_PRESSURE_IMPACT</sourceObjName>
<createdBy>Duncan.Taylor</createdBy>
<createdTime>2018-07-25 11:57:08 UTC</createdTime>
<ownerDesignName>cdb_c01l</ownerDesignName>
<nullsAllowed>true</nullsAllowed>
<useDomainConstraints>false</useDomainConstraints>
<use>1</use>
<logicalDatatype>LOGDT019</logicalDatatype>
<ownDataTypeParameters>,,</ownDataTypeParameters>
<autoIncrementCycle>false</autoIncrementCycle>
</Column>
<Column name="CATCHMENT_ID" id="E5442A37-856B-3F26-DFA4-106725347B9C">
<sourceConnName>Browser@C01L</sourceConnName>
<sourceObjSchema>MORPH_ASSESS_20080623</sourceObjSchema>
<sourceObjName>CATCHMENT_ID</sourceObjName>
<createdBy>Duncan.Taylor</createdBy>
<createdTime>2018-07-25 11:57:08 UTC</createdTime>
<ownerDesignName>cdb_c01l</ownerDesignName>
<useDomainConstraints>false</useDomainConstraints>
<use>1</use>
<logicalDatatype>LOGDT019</logicalDatatype>
<dataTypePrecision>6</dataTypePrecision>
<dataTypeScale>0</dataTypeScale>
<ownDataTypeParameters>,6,0</ownDataTypeParameters>
<autoIncrementCycle>false</autoIncrementCycle>
</Column>
<Column name="RIVER_NUMBER" id="29EF657C-D37C-D4BA-3ACC-AAE784FAAF83">
<sourceConnName>Browser@C01L</sourceConnName>
<sourceObjSchema>MORPH_ASSESS_20080623</sourceObjSchema>
<sourceObjName>RIVER_NUMBER</sourceObjName>
<createdBy>Duncan.Taylor</createdBy>
<createdTime>2018-07-25 11:57:08 UTC</createdTime>
<ownerDesignName>cdb_c01l</ownerDesignName>
<useDomainConstraints>false</useDomainConstraints>
<use>1</use>
<logicalDatatype>LOGDT019</logicalDatatype>
<dataTypePrecision>6</dataTypePrecision>
<dataTypeScale>3</dataTypeScale>
<ownDataTypeParameters>,6,3</ownDataTypeParameters>
<autoIncrementCycle>false</autoIncrementCycle>
</Column>
<Column name="PR_DOWN_M" id="5976BC9F-B9A2-1B0F-08BD-0D4FBC959656">
<sourceConnName>Browser@C01L</sourceConnName>
<sourceObjSchema>MORPH_ASSESS_20080623</sourceObjSchema>
<sourceObjName>PR_DOWN_M</sourceObjName>
<createdBy>Duncan.Taylor</createdBy>
<createdTime>2018-07-25 11:57:08 UTC</createdTime>
<ownerDesignName>cdb_c01l</ownerDesignName>
<nullsAllowed>true</nullsAllowed>
<useDomainConstraints>false</useDomainConstraints>
<use>1</use>
<logicalDatatype>LOGDT019</logicalDatatype>
<ownDataTypeParameters>,,</ownDataTypeParameters>
<autoIncrementCycle>false</autoIncrementCycle>
</Column>
<Column name="PR_UP_M" id="B525A007-F33E-AF14-00D4-12F069834E74">
<sourceConnName>Browser@C01L</sourceConnName>
<sourceObjSchema>MORPH_ASSESS_20080623</sourceObjSchema>
<sourceObjName>PR_UP_M</sourceObjName>
<createdBy>Duncan.Taylor</createdBy>
<createdTime>2018-07-25 11:57:08 UTC</createdTime>
<ownerDesignName>cdb_c01l</ownerDesignName>
<nullsAllowed>true</nullsAllowed>
<useDomainConstraints>false</useDomainConstraints>
<use>1</use>
<logicalDatatype>LOGDT019</logicalDatatype>
<ownDataTypeParameters>,,</ownDataTypeParameters>
<autoIncrementCycle>false</autoIncrementCycle>
</Column>
</columns>
<indexes itemClass="oracle.dbtools.crest.model.design.relational.Index">
<ind_PK_UK id="2EAAEF64-BB97-73A5-4840-AD3B3B8EF656" schemaObject="B9747E78-31C9-E033-1072-BFCA55C723C9" name="MORPH_ASSESS_CI_IDX">
<sourceConnName>Browser@C01L</sourceConnName>
<sourceObjSchema>MORPHMASTER</sourceObjSchema>
<sourceObjName>MORPH_ASSESS_CI_IDX</sourceObjName>
<createdBy>Duncan.Taylor</createdBy>
<createdTime>2018-07-25 11:57:20 UTC</createdTime>
<ownerDesignName>cdb_c01l</ownerDesignName>
<isSurrogateKey>false</isSurrogateKey>
<indexColumnUsage>
<colUsage columnID="E5442A37-856B-3F26-DFA4-106725347B9C"/>
</indexColumnUsage>
</ind_PK_UK>
<ind_PK_UK id="7B97950A-5928-D8E9-6CE2-9A5D7025F5BD" schemaObject="B9747E78-31C9-E033-1072-BFCA55C723C9" name="MORPH_ASSESS_RN_IDX">
<sourceConnName>Browser@C01L</sourceConnName>
<sourceObjSchema>MORPHMASTER</sourceObjSchema>
<sourceObjName>MORPH_ASSESS_RN_IDX</sourceObjName>
<createdBy>Duncan.Taylor</createdBy>
<createdTime>2018-07-25 11:57:20 UTC</createdTime>
<ownerDesignName>cdb_c01l</ownerDesignName>
<isSurrogateKey>false</isSurrogateKey>
<indexColumnUsage>
<colUsage columnID="29EF657C-D37C-D4BA-3ACC-AAE784FAAF83"/>
</indexColumnUsage>
</ind_PK_UK>
<ind_PK_UK id="45AA5A3A-03D1-8CC4-BBD4-AC4F3E89CF05" schemaObject="B9747E78-31C9-E033-1072-BFCA55C723C9" name="MORPH_ASSESS_SBD_IDX">
<sourceConnName>Browser@C01L</sourceConnName>
<sourceObjSchema>MORPHMASTER</sourceObjSchema>
<sourceObjName>MORPH_ASSESS_SBD_IDX</sourceObjName>
<createdBy>Duncan.Taylor</createdBy>
<createdTime>2018-07-25 11:57:20 UTC</createdTime>
<ownerDesignName>cdb_c01l</ownerDesignName>
<isSurrogateKey>false</isSurrogateKey>
<indexColumnUsage>
<colUsage columnID="20CED178-2E96-AD10-CB3F-9151F317269F"/>
</indexColumnUsage>
</ind_PK_UK>
<ind_PK_UK id="2DD0497C-70EF-823E-D4C2-391E15F8D1B5" schemaObject="B9747E78-31C9-E033-1072-BFCA55C723C9" name="MORPH_ASSESS_WBID">
<sourceConnName>Browser@C01L</sourceConnName>
<sourceObjSchema>MORPHMASTER</sourceObjSchema>
<sourceObjName>MORPH_ASSESS_WBID</sourceObjName>
<createdBy>Duncan.Taylor</createdBy>
<createdTime>2018-07-25 11:57:20 UTC</createdTime>
<ownerDesignName>cdb_c01l</ownerDesignName>
<isSurrogateKey>false</isSurrogateKey>
<indexColumnUsage>
<colUsage columnID="DBA6CCDA-250C-BE2F-CB49-2C00EE412B17"/>
</indexColumnUsage>
</ind_PK_UK>
</indexes>
</Table>