<?xml version = '1.0' encoding = 'UTF-8'?>
<Table class="oracle.dbtools.crest.model.design.relational.Table" directorySegmentName="seg_20" id="0B7CA974-4DD5-1864-DA5A-C3CCFC0DBF92" schemaObject="B9747E78-31C9-E033-1072-BFCA55C723C9" name="MO33_MORPHOLOGICAL_PRESSURES">
<sourceConnName>Browser@C01L</sourceConnName>
<sourceObjSchema>MORPHMASTER</sourceObjSchema>
<sourceObjName>MO33_MORPHOLOGICAL_PRESSURES</sourceObjName>
<createdBy>Duncan.Taylor</createdBy>
<createdTime>2018-07-25 11:56:53 UTC</createdTime>
<ownerDesignName>cdb_c01l</ownerDesignName>
<allowColumnReorder>false</allowColumnReorder>
<existDependencyGenerateInDDl>true</existDependencyGenerateInDDl>
<parsed>true</parsed>
<columns itemClass="oracle.dbtools.crest.model.design.relational.Column">
<Column name="PRESSURE_ID" id="F1234AAB-87D3-9539-144F-0DDD0BE6D4C0">
<sourceConnName>Browser@C01L</sourceConnName>
<sourceObjSchema>MO33_MORPHOLOGICAL_PRESSURES</sourceObjSchema>
<sourceObjName>PRESSURE_ID</sourceObjName>
<createdBy>Duncan.Taylor</createdBy>
<createdTime>2018-07-25 11:57:08 UTC</createdTime>
<ownerDesignName>cdb_c01l</ownerDesignName>
<useDomainConstraints>false</useDomainConstraints>
<use>1</use>
<logicalDatatype>LOGDT019</logicalDatatype>
<dataTypePrecision>10</dataTypePrecision>
<dataTypeScale>0</dataTypeScale>
<ownDataTypeParameters>,10,0</ownDataTypeParameters>
<autoIncrementCycle>false</autoIncrementCycle>
</Column>
<Column name="ACTIVITY_TYPE_ID" id="FE9306F3-8FE6-F59F-5C6C-CD873CFF60E3">
<sourceConnName>Browser@C01L</sourceConnName>
<sourceObjSchema>MO33_MORPHOLOGICAL_PRESSURES</sourceObjSchema>
<sourceObjName>ACTIVITY_TYPE_ID</sourceObjName>
<createdBy>Duncan.Taylor</createdBy>
<createdTime>2018-07-25 11:57:08 UTC</createdTime>
<ownerDesignName>cdb_c01l</ownerDesignName>
<useDomainConstraints>false</useDomainConstraints>
<use>1</use>
<logicalDatatype>LOGDT019</logicalDatatype>
<dataTypePrecision>6</dataTypePrecision>
<dataTypeScale>0</dataTypeScale>
<ownDataTypeParameters>,6,0</ownDataTypeParameters>
<autoIncrementCycle>false</autoIncrementCycle>
<associations>
<colAssociation fkAssociation="0AD91D15-53AC-3148-57C1-FEB18EDE32F0" referredColumn="CF70FB31-520A-A412-B3AE-F07D2EBC367C"/>
</associations>
</Column>
<Column name="CLAS_AUTHORISATION_ID" id="7275C657-6DF0-88A6-9AB4-22F22E44B4B5">
<sourceConnName>Browser@C01L</sourceConnName>
<sourceObjSchema>MO33_MORPHOLOGICAL_PRESSURES</sourceObjSchema>
<sourceObjName>CLAS_AUTHORISATION_ID</sourceObjName>
<createdBy>Duncan.Taylor</createdBy>
<createdTime>2018-07-25 11:57:08 UTC</createdTime>
<ownerDesignName>cdb_c01l</ownerDesignName>
<nullsAllowed>true</nullsAllowed>
<useDomainConstraints>false</useDomainConstraints>
<use>1</use>
<logicalDatatype>LOGDT019</logicalDatatype>
<dataTypePrecision>10</dataTypePrecision>
<dataTypeScale>0</dataTypeScale>
<ownDataTypeParameters>,10,0</ownDataTypeParameters>
<autoIncrementCycle>false</autoIncrementCycle>
<associations>
<colAssociation fkAssociation="4B9E9C04-192F-DEA4-60C0-1C194BB9BA35" referredColumn="7A7F2172-A3FD-803B-136A-41F2C40AEFB4"/>
</associations>
</Column>
<Column name="CLAS_CATEGORY_NUMBER" id="1E494B52-DD7F-1331-8FA5-A1FEF988C29D">
<sourceConnName>Browser@C01L</sourceConnName>
<sourceObjSchema>MO33_MORPHOLOGICAL_PRESSURES</sourceObjSchema>
<sourceObjName>CLAS_CATEGORY_NUMBER</sourceObjName>
<createdBy>Duncan.Taylor</createdBy>
<createdTime>2018-07-25 11:57:08 UTC</createdTime>
<ownerDesignName>cdb_c01l</ownerDesignName>
<nullsAllowed>true</nullsAllowed>
<useDomainConstraints>false</useDomainConstraints>
<use>1</use>
<logicalDatatype>LOGDT019</logicalDatatype>
<dataTypePrecision>6</dataTypePrecision>
<dataTypeScale>0</dataTypeScale>
<ownDataTypeParameters>,6,0</ownDataTypeParameters>
<autoIncrementCycle>false</autoIncrementCycle>
<associations>
<colAssociation fkAssociation="4B9E9C04-192F-DEA4-60C0-1C194BB9BA35" referredColumn="7CE64556-8137-AC4E-F026-C7A53B2C9CAE"/>
</associations>
</Column>
<Column name="COMPLETE" id="071ECDD7-3B1A-5BD1-D38B-42F207FF6E4F">
<sourceConnName>Browser@C01L</sourceConnName>
<sourceObjSchema>MO33_MORPHOLOGICAL_PRESSURES</sourceObjSchema>
<sourceObjName>COMPLETE</sourceObjName>
<createdBy>Duncan.Taylor</createdBy>
<createdTime>2018-07-25 11:57:08 UTC</createdTime>
<ownerDesignName>cdb_c01l</ownerDesignName>
<useDomainConstraints>false</useDomainConstraints>
<use>1</use>
<logicalDatatype>LOGDT024</logicalDatatype>
<dataTypeSize>1 BYTE</dataTypeSize>
<defaultValue>&apos;N&apos;</defaultValue>
<ownDataTypeParameters>1 BYTE,,</ownDataTypeParameters>
<autoIncrementCycle>false</autoIncrementCycle>
</Column>
<Column name="DATE_PRESSURE_REMOVED" id="78F38205-C218-D1D5-887B-480E6F57BC96">
<sourceConnName>Browser@C01L</sourceConnName>
<sourceObjSchema>MO33_MORPHOLOGICAL_PRESSURES</sourceObjSchema>
<sourceObjName>DATE_PRESSURE_REMOVED</sourceObjName>
<createdBy>Duncan.Taylor</createdBy>
<createdTime>2018-07-25 11:57:08 UTC</createdTime>
<ownerDesignName>cdb_c01l</ownerDesignName>
<nullsAllowed>true</nullsAllowed>
<useDomainConstraints>false</useDomainConstraints>
<use>1</use>
<logicalDatatype>LOGDT007</logicalDatatype>
<dataTypeSize>7</dataTypeSize>
<ownDataTypeParameters>7,,</ownDataTypeParameters>
<autoIncrementCycle>false</autoIncrementCycle>
</Column>
<Column name="USER_STAMP" id="42C20799-24C5-745A-2E9A-B28FD0C7EA4B">
<sourceConnName>Browser@C01L</sourceConnName>
<sourceObjSchema>MO33_MORPHOLOGICAL_PRESSURES</sourceObjSchema>
<sourceObjName>USER_STAMP</sourceObjName>
<createdBy>Duncan.Taylor</createdBy>
<createdTime>2018-07-25 11:57:08 UTC</createdTime>
<ownerDesignName>cdb_c01l</ownerDesignName>
<useDomainConstraints>false</useDomainConstraints>
<use>1</use>
<logicalDatatype>LOGDT024</logicalDatatype>
<dataTypeSize>40 BYTE</dataTypeSize>
<ownDataTypeParameters>40 BYTE,,</ownDataTypeParameters>
<autoIncrementCycle>false</autoIncrementCycle>
</Column>
<Column name="DATE_STAMP" id="6F88AFB6-6A87-D0AF-5923-AFE8BACA3279">
<sourceConnName>Browser@C01L</sourceConnName>
<sourceObjSchema>MO33_MORPHOLOGICAL_PRESSURES</sourceObjSchema>
<sourceObjName>DATE_STAMP</sourceObjName>
<createdBy>Duncan.Taylor</createdBy>
<createdTime>2018-07-25 11:57:08 UTC</createdTime>
<ownerDesignName>cdb_c01l</ownerDesignName>
<useDomainConstraints>false</useDomainConstraints>
<use>1</use>
<logicalDatatype>LOGDT007</logicalDatatype>
<dataTypeSize>7</dataTypeSize>
<ownDataTypeParameters>7,,</ownDataTypeParameters>
<autoIncrementCycle>false</autoIncrementCycle>
</Column>
<Column name="CLAS_LOCATION_NUMBER" id="A33811CC-5DE3-2B11-D6B9-299E23BE418C">
<sourceConnName>Browser@C01L</sourceConnName>
<sourceObjSchema>MO33_MORPHOLOGICAL_PRESSURES</sourceObjSchema>
<sourceObjName>CLAS_LOCATION_NUMBER</sourceObjName>
<createdBy>Duncan.Taylor</createdBy>
<createdTime>2018-07-25 11:57:08 UTC</createdTime>
<ownerDesignName>cdb_c01l</ownerDesignName>
<nullsAllowed>true</nullsAllowed>
<useDomainConstraints>false</useDomainConstraints>
<use>1</use>
<logicalDatatype>LOGDT019</logicalDatatype>
<dataTypePrecision>3</dataTypePrecision>
<dataTypeScale>0</dataTypeScale>
<ownDataTypeParameters>,3,0</ownDataTypeParameters>
<autoIncrementCycle>false</autoIncrementCycle>
</Column>
</columns>
<indexes itemClass="oracle.dbtools.crest.model.design.relational.Index">
<ind_PK_UK id="FC424EFF-72AE-C5F6-3509-240AE4E50A2A" name="MO33_PK">
<sourceConnName>Browser@C01L</sourceConnName>
<sourceObjSchema>MORPHMASTER</sourceObjSchema>
<sourceObjName>MO33_PK</sourceObjName>
<createdBy>Duncan.Taylor</createdBy>
<createdTime>2018-07-25 11:57:29 UTC</createdTime>
<ownerDesignName>cdb_c01l</ownerDesignName>
<pk>true</pk>
<indexState>Primary Constraint</indexState>
<isSurrogateKey>false</isSurrogateKey>
<indexColumnUsage>
<colUsage columnID="F1234AAB-87D3-9539-144F-0DDD0BE6D4C0"/>
</indexColumnUsage>
</ind_PK_UK>
<ind_PK_UK id="D60A73AD-093A-A44E-CA3D-D72E2550E402" name="MO33_UK">
<sourceConnName>Browser@C01L</sourceConnName>
<sourceObjSchema>MORPHMASTER</sourceObjSchema>
<sourceObjName>MO33_UK</sourceObjName>
<createdBy>Duncan.Taylor</createdBy>
<createdTime>2018-07-25 11:57:29 UTC</createdTime>
<ownerDesignName>cdb_c01l</ownerDesignName>
<indexState>Unique Constraint</indexState>
<isSurrogateKey>false</isSurrogateKey>
<indexColumnUsage>
<colUsage columnID="FE9306F3-8FE6-F59F-5C6C-CD873CFF60E3"/>
<colUsage columnID="F1234AAB-87D3-9539-144F-0DDD0BE6D4C0"/>
</indexColumnUsage>
</ind_PK_UK>
<ind_PK_UK id="93D1DD92-6B75-0BEB-AC37-806B745255E8" schemaObject="B9747E78-31C9-E033-1072-BFCA55C723C9" name="MO33_AUTH_ACT_I">
<sourceConnName>Browser@C01L</sourceConnName>
<sourceObjSchema>MORPHMASTER</sourceObjSchema>
<sourceObjName>MO33_AUTH_ACT_I</sourceObjName>
<createdBy>Duncan.Taylor</createdBy>
<createdTime>2018-07-25 11:57:20 UTC</createdTime>
<ownerDesignName>cdb_c01l</ownerDesignName>
<isSurrogateKey>false</isSurrogateKey>
<indexColumnUsage>
<colUsage columnID="7275C657-6DF0-88A6-9AB4-22F22E44B4B5"/>
<colUsage columnID="1E494B52-DD7F-1331-8FA5-A1FEF988C29D"/>
</indexColumnUsage>
</ind_PK_UK>
<ind_PK_UK id="32B88346-65C5-755E-A128-50AAD36A7B78" schemaObject="B9747E78-31C9-E033-1072-BFCA55C723C9" name="MO33_MO30_I">
<sourceConnName>Browser@C01L</sourceConnName>
<sourceObjSchema>MORPHMASTER</sourceObjSchema>
<sourceObjName>MO33_MO30_I</sourceObjName>
<createdBy>Duncan.Taylor</createdBy>
<createdTime>2018-07-25 11:57:20 UTC</createdTime>
<ownerDesignName>cdb_c01l</ownerDesignName>
<isSurrogateKey>false</isSurrogateKey>
<indexColumnUsage>
<colUsage columnID="FE9306F3-8FE6-F59F-5C6C-CD873CFF60E3"/>
</indexColumnUsage>
</ind_PK_UK>
<ind_PK_UK id="5FE7118D-AF34-7360-716C-E5180D97A2BA" schemaObject="B9747E78-31C9-E033-1072-BFCA55C723C9" name="MO33_PK">
<sourceConnName>Browser@C01L</sourceConnName>
<sourceObjSchema>MORPHMASTER</sourceObjSchema>
<sourceObjName>MO33_PK</sourceObjName>
<createdBy>Duncan.Taylor</createdBy>
<createdTime>2018-07-25 11:57:20 UTC</createdTime>
<ownerDesignName>cdb_c01l</ownerDesignName>
<indexState>Unique Plain Index</indexState>
<isSurrogateKey>false</isSurrogateKey>
<indexColumnUsage>
<colUsage columnID="F1234AAB-87D3-9539-144F-0DDD0BE6D4C0"/>
</indexColumnUsage>
</ind_PK_UK>
<ind_PK_UK id="993964BD-516C-68AF-E0A4-A08A2ACD45FE" schemaObject="B9747E78-31C9-E033-1072-BFCA55C723C9" name="MO33_UK">
<sourceConnName>Browser@C01L</sourceConnName>
<sourceObjSchema>MORPHMASTER</sourceObjSchema>
<sourceObjName>MO33_UK</sourceObjName>
<createdBy>Duncan.Taylor</createdBy>
<createdTime>2018-07-25 11:57:20 UTC</createdTime>
<ownerDesignName>cdb_c01l</ownerDesignName>
<indexState>Unique Plain Index</indexState>
<isSurrogateKey>false</isSurrogateKey>
<indexColumnUsage>
<colUsage columnID="FE9306F3-8FE6-F59F-5C6C-CD873CFF60E3"/>
<colUsage columnID="F1234AAB-87D3-9539-144F-0DDD0BE6D4C0"/>
</indexColumnUsage>
</ind_PK_UK>
<ind_PK_UK id="EDFE6548-2C77-9347-CF94-8FD361B98ED5" name="MO33_AUTH_ACT_FK">
<createdBy>Duncan.Taylor</createdBy>
<createdTime>2018-07-25 11:57:41 UTC</createdTime>
<ownerDesignName>cdb_c01l</ownerDesignName>
<indexState>Foreign Key</indexState>
<isSurrogateKey>false</isSurrogateKey>
<indexColumnUsage>
<colUsage columnID="7275C657-6DF0-88A6-9AB4-22F22E44B4B5"/>
<colUsage columnID="1E494B52-DD7F-1331-8FA5-A1FEF988C29D"/>
</indexColumnUsage>
</ind_PK_UK>
<ind_PK_UK id="B3927FD0-6D3F-E95C-F003-1D1E0BC153FD" name="MO33_MO30_FK">
<createdBy>Duncan.Taylor</createdBy>
<createdTime>2018-07-25 11:57:41 UTC</createdTime>
<ownerDesignName>cdb_c01l</ownerDesignName>
<indexState>Foreign Key</indexState>
<isSurrogateKey>false</isSurrogateKey>
<indexColumnUsage>
<colUsage columnID="FE9306F3-8FE6-F59F-5C6C-CD873CFF60E3"/>
</indexColumnUsage>
</ind_PK_UK>
</indexes>
</Table>