<?xml version = '1.0' encoding = 'UTF-8'?>
<Table class="oracle.dbtools.crest.model.design.relational.Table" directorySegmentName="seg_20" id="22F04381-97A8-F624-914F-14C5F7804772" schemaObject="B9747E78-31C9-E033-1072-BFCA55C723C9" name="MO28_PRESSURE_ASSESSMENT">
<sourceConnName>Browser@C01L</sourceConnName>
<sourceObjSchema>MORPHMASTER</sourceObjSchema>
<sourceObjName>MO28_PRESSURE_ASSESSMENT</sourceObjName>
<createdBy>Duncan.Taylor</createdBy>
<createdTime>2018-07-25 11:56:53 UTC</createdTime>
<ownerDesignName>cdb_c01l</ownerDesignName>
<allowColumnReorder>false</allowColumnReorder>
<existDependencyGenerateInDDl>true</existDependencyGenerateInDDl>
<parsed>true</parsed>
<columns itemClass="oracle.dbtools.crest.model.design.relational.Column">
<Column name="MO28_ID" id="1333D07B-FF9C-A687-DF1E-1684BD18E2E9">
<sourceConnName>Browser@C01L</sourceConnName>
<sourceObjSchema>MO28_PRESSURE_ASSESSMENT</sourceObjSchema>
<sourceObjName>MO28_ID</sourceObjName>
<createdBy>Duncan.Taylor</createdBy>
<createdTime>2018-07-25 11:57:08 UTC</createdTime>
<ownerDesignName>cdb_c01l</ownerDesignName>
<useDomainConstraints>false</useDomainConstraints>
<use>1</use>
<logicalDatatype>LOGDT019</logicalDatatype>
<ownDataTypeParameters>,,</ownDataTypeParameters>
<autoIncrementCycle>false</autoIncrementCycle>
</Column>
<Column name="CLASSIFICATION_RUN_ID" id="92541C05-244A-5DF0-BE76-2E6E260BD3E3">
<sourceConnName>Browser@C01L</sourceConnName>
<sourceObjSchema>MO28_PRESSURE_ASSESSMENT</sourceObjSchema>
<sourceObjName>CLASSIFICATION_RUN_ID</sourceObjName>
<createdBy>Duncan.Taylor</createdBy>
<createdTime>2018-07-25 11:57:08 UTC</createdTime>
<ownerDesignName>cdb_c01l</ownerDesignName>
<useDomainConstraints>false</useDomainConstraints>
<use>1</use>
<logicalDatatype>LOGDT019</logicalDatatype>
<dataTypePrecision>16</dataTypePrecision>
<dataTypeScale>0</dataTypeScale>
<ownDataTypeParameters>,16,0</ownDataTypeParameters>
<autoIncrementCycle>false</autoIncrementCycle>
<associations>
<colAssociation fkAssociation="454E45E9-7440-4F8D-B082-002EA90997F4" referredColumn="F240E7FB-E0BD-31DE-9F75-04036BB3F0D3"/>
</associations>
</Column>
<Column name="AU_ID" id="E4DCD609-2140-219B-79B4-F8E92291143A">
<sourceConnName>Browser@C01L</sourceConnName>
<sourceObjSchema>MO28_PRESSURE_ASSESSMENT</sourceObjSchema>
<sourceObjName>AU_ID</sourceObjName>
<createdBy>Duncan.Taylor</createdBy>
<createdTime>2018-07-25 11:57:08 UTC</createdTime>
<ownerDesignName>cdb_c01l</ownerDesignName>
<useDomainConstraints>false</useDomainConstraints>
<use>1</use>
<logicalDatatype>LOGDT024</logicalDatatype>
<dataTypeSize>16 BYTE</dataTypeSize>
<ownDataTypeParameters>16 BYTE,,</ownDataTypeParameters>
<autoIncrementCycle>false</autoIncrementCycle>
</Column>
<Column name="ZONE_CODE" id="BC2FE34F-B081-794F-5E3D-DFD44683241B">
<sourceConnName>Browser@C01L</sourceConnName>
<sourceObjSchema>MO28_PRESSURE_ASSESSMENT</sourceObjSchema>
<sourceObjName>ZONE_CODE</sourceObjName>
<createdBy>Duncan.Taylor</createdBy>
<createdTime>2018-07-25 11:57:08 UTC</createdTime>
<ownerDesignName>cdb_c01l</ownerDesignName>
<useDomainConstraints>false</useDomainConstraints>
<use>1</use>
<logicalDatatype>LOGDT019</logicalDatatype>
<dataTypePrecision>8</dataTypePrecision>
<dataTypeScale>0</dataTypeScale>
<ownDataTypeParameters>,8,0</ownDataTypeParameters>
<autoIncrementCycle>false</autoIncrementCycle>
</Column>
<Column name="PRESSURE_ID" id="457077FC-7D8F-F9ED-3FCF-F7693383AB7B">
<sourceConnName>Browser@C01L</sourceConnName>
<sourceObjSchema>MO28_PRESSURE_ASSESSMENT</sourceObjSchema>
<sourceObjName>PRESSURE_ID</sourceObjName>
<createdBy>Duncan.Taylor</createdBy>
<createdTime>2018-07-25 11:57:08 UTC</createdTime>
<ownerDesignName>cdb_c01l</ownerDesignName>
<useDomainConstraints>false</useDomainConstraints>
<use>1</use>
<logicalDatatype>LOGDT019</logicalDatatype>
<dataTypePrecision>10</dataTypePrecision>
<dataTypeScale>0</dataTypeScale>
<ownDataTypeParameters>,10,0</ownDataTypeParameters>
<autoIncrementCycle>false</autoIncrementCycle>
</Column>
<Column name="PR_IMPACT_IN_AU" id="7E14A3F5-6CFC-07B7-354E-067EEAAA8C75">
<sourceConnName>Browser@C01L</sourceConnName>
<sourceObjSchema>MO28_PRESSURE_ASSESSMENT</sourceObjSchema>
<sourceObjName>PR_IMPACT_IN_AU</sourceObjName>
<createdBy>Duncan.Taylor</createdBy>
<createdTime>2018-07-25 11:57:08 UTC</createdTime>
<ownerDesignName>cdb_c01l</ownerDesignName>
<nullsAllowed>true</nullsAllowed>
<useDomainConstraints>false</useDomainConstraints>
<use>1</use>
<logicalDatatype>LOGDT019</logicalDatatype>
<ownDataTypeParameters>,,</ownDataTypeParameters>
<autoIncrementCycle>false</autoIncrementCycle>
</Column>
<Column name="SA_PRESSURE_IMPACT" id="3CF8B78D-B4ED-E68B-8E85-797B85282884">
<sourceConnName>Browser@C01L</sourceConnName>
<sourceObjSchema>MO28_PRESSURE_ASSESSMENT</sourceObjSchema>
<sourceObjName>SA_PRESSURE_IMPACT</sourceObjName>
<createdBy>Duncan.Taylor</createdBy>
<createdTime>2018-07-25 11:57:08 UTC</createdTime>
<ownerDesignName>cdb_c01l</ownerDesignName>
<nullsAllowed>true</nullsAllowed>
<useDomainConstraints>false</useDomainConstraints>
<use>1</use>
<logicalDatatype>LOGDT019</logicalDatatype>
<ownDataTypeParameters>,,</ownDataTypeParameters>
<autoIncrementCycle>false</autoIncrementCycle>
</Column>
<Column name="PRESSURE_CU" id="AB06664F-A09D-B8D5-BA78-8C4DA0406937">
<sourceConnName>Browser@C01L</sourceConnName>
<sourceObjSchema>MO28_PRESSURE_ASSESSMENT</sourceObjSchema>
<sourceObjName>PRESSURE_CU</sourceObjName>
<createdBy>Duncan.Taylor</createdBy>
<createdTime>2018-07-25 11:57:08 UTC</createdTime>
<ownerDesignName>cdb_c01l</ownerDesignName>
<nullsAllowed>true</nullsAllowed>
<useDomainConstraints>false</useDomainConstraints>
<use>1</use>
<logicalDatatype>LOGDT019</logicalDatatype>
<ownDataTypeParameters>,,</ownDataTypeParameters>
<autoIncrementCycle>false</autoIncrementCycle>
</Column>
<Column name="PRESS_SA_CU" id="231661AA-2054-00D3-9E8B-76B9F2FFA2A5">
<sourceConnName>Browser@C01L</sourceConnName>
<sourceObjSchema>MO28_PRESSURE_ASSESSMENT</sourceObjSchema>
<sourceObjName>PRESS_SA_CU</sourceObjName>
<createdBy>Duncan.Taylor</createdBy>
<createdTime>2018-07-25 11:57:08 UTC</createdTime>
<ownerDesignName>cdb_c01l</ownerDesignName>
<nullsAllowed>true</nullsAllowed>
<useDomainConstraints>false</useDomainConstraints>
<use>1</use>
<logicalDatatype>LOGDT019</logicalDatatype>
<ownDataTypeParameters>,,</ownDataTypeParameters>
<autoIncrementCycle>false</autoIncrementCycle>
</Column>
<Column name="WB_LEN_KM" id="E624309F-EE94-5F72-2104-780E04958721">
<sourceConnName>Browser@C01L</sourceConnName>
<sourceObjSchema>MO28_PRESSURE_ASSESSMENT</sourceObjSchema>
<sourceObjName>WB_LEN_KM</sourceObjName>
<createdBy>Duncan.Taylor</createdBy>
<createdTime>2018-07-25 11:57:08 UTC</createdTime>
<ownerDesignName>cdb_c01l</ownerDesignName>
<nullsAllowed>true</nullsAllowed>
<useDomainConstraints>false</useDomainConstraints>
<use>1</use>
<logicalDatatype>LOGDT019</logicalDatatype>
<ownDataTypeParameters>,,</ownDataTypeParameters>
<autoIncrementCycle>false</autoIncrementCycle>
</Column>
</columns>
<indexes itemClass="oracle.dbtools.crest.model.design.relational.Index">
<ind_PK_UK id="996F9DCF-24BB-3709-9392-EC742DC94EC4" name="MO28_PK">
<sourceConnName>Browser@C01L</sourceConnName>
<sourceObjSchema>MORPHMASTER</sourceObjSchema>
<sourceObjName>MO28_PK</sourceObjName>
<createdBy>Duncan.Taylor</createdBy>
<createdTime>2018-07-25 11:57:29 UTC</createdTime>
<ownerDesignName>cdb_c01l</ownerDesignName>
<pk>true</pk>
<indexState>Primary Constraint</indexState>
<isSurrogateKey>false</isSurrogateKey>
<indexColumnUsage>
<colUsage columnID="1333D07B-FF9C-A687-DF1E-1684BD18E2E9"/>
</indexColumnUsage>
</ind_PK_UK>
<ind_PK_UK id="232F4E3F-F5B0-B6D3-5A15-3D98FEAD338E" schemaObject="B9747E78-31C9-E033-1072-BFCA55C723C9" name="MO28_PK">
<sourceConnName>Browser@C01L</sourceConnName>
<sourceObjSchema>MORPHMASTER</sourceObjSchema>
<sourceObjName>MO28_PK</sourceObjName>
<createdBy>Duncan.Taylor</createdBy>
<createdTime>2018-07-25 11:57:20 UTC</createdTime>
<ownerDesignName>cdb_c01l</ownerDesignName>
<indexState>Unique Plain Index</indexState>
<isSurrogateKey>false</isSurrogateKey>
<indexColumnUsage>
<colUsage columnID="1333D07B-FF9C-A687-DF1E-1684BD18E2E9"/>
</indexColumnUsage>
</ind_PK_UK>
<ind_PK_UK id="C4885DB0-35DC-AB3E-89BE-27E14C112157" schemaObject="B9747E78-31C9-E033-1072-BFCA55C723C9" name="MO28_RUN_ID_IDX">
<sourceConnName>Browser@C01L</sourceConnName>
<sourceObjSchema>MORPHMASTER</sourceObjSchema>
<sourceObjName>MO28_RUN_ID_IDX</sourceObjName>
<createdBy>Duncan.Taylor</createdBy>
<createdTime>2018-07-25 11:57:20 UTC</createdTime>
<ownerDesignName>cdb_c01l</ownerDesignName>
<isSurrogateKey>false</isSurrogateKey>
<indexColumnUsage>
<colUsage columnID="92541C05-244A-5DF0-BE76-2E6E260BD3E3"/>
<colUsage columnID="E4DCD609-2140-219B-79B4-F8E92291143A"/>
<colUsage columnID="BC2FE34F-B081-794F-5E3D-DFD44683241B"/>
</indexColumnUsage>
</ind_PK_UK>
<ind_PK_UK id="8A214F7B-7377-D37B-F6DC-82FD8CF1E0B8" name="MO28_MO40_FK">
<createdBy>Duncan.Taylor</createdBy>
<createdTime>2018-07-25 11:57:41 UTC</createdTime>
<ownerDesignName>cdb_c01l</ownerDesignName>
<indexState>Foreign Key</indexState>
<isSurrogateKey>false</isSurrogateKey>
<indexColumnUsage>
<colUsage columnID="92541C05-244A-5DF0-BE76-2E6E260BD3E3"/>
</indexColumnUsage>
</ind_PK_UK>
</indexes>
</Table>