<?xml version = '1.0' encoding = 'UTF-8'?>
<Table class="oracle.dbtools.crest.model.design.relational.Table" directorySegmentName="seg_20" id="2946D50B-70FA-1723-46DA-E5AF75037674" schemaObject="B9747E78-31C9-E033-1072-BFCA55C723C9" name="MO09_ENVIRONMENTAL_STANDARDS">
<sourceConnName>Browser@C01L</sourceConnName>
<sourceObjSchema>MORPHMASTER</sourceObjSchema>
<sourceObjName>MO09_ENVIRONMENTAL_STANDARDS</sourceObjName>
<createdBy>Duncan.Taylor</createdBy>
<createdTime>2018-07-25 11:56:53 UTC</createdTime>
<ownerDesignName>cdb_morphmaster</ownerDesignName>
<allowColumnReorder>false</allowColumnReorder>
<existDependencyGenerateInDDl>true</existDependencyGenerateInDDl>
<parsed>true</parsed>
<columns itemClass="oracle.dbtools.crest.model.design.relational.Column">
<Column name="ENV_STND_CODE" id="25F08F8B-3F75-2463-C248-B3E387207044">
<sourceConnName>Browser@C01L</sourceConnName>
<sourceObjSchema>MO09_ENVIRONMENTAL_STANDARDS</sourceObjSchema>
<sourceObjName>ENV_STND_CODE</sourceObjName>
<createdBy>Duncan.Taylor</createdBy>
<createdTime>2018-07-25 11:57:08 UTC</createdTime>
<ownerDesignName>cdb_morphmaster</ownerDesignName>
<useDomainConstraints>false</useDomainConstraints>
<use>1</use>
<logicalDatatype>LOGDT019</logicalDatatype>
<dataTypePrecision>8</dataTypePrecision>
<dataTypeScale>0</dataTypeScale>
<ownDataTypeParameters>,8,0</ownDataTypeParameters>
<autoIncrementCycle>false</autoIncrementCycle>
</Column>
<Column name="ZONE_CODE" id="EDCDA11F-677A-AAEA-F313-0821909EFB92">
<sourceConnName>Browser@C01L</sourceConnName>
<sourceObjSchema>MO09_ENVIRONMENTAL_STANDARDS</sourceObjSchema>
<sourceObjName>ZONE_CODE</sourceObjName>
<createdBy>Duncan.Taylor</createdBy>
<createdTime>2018-07-25 11:57:08 UTC</createdTime>
<ownerDesignName>cdb_morphmaster</ownerDesignName>
<useDomainConstraints>false</useDomainConstraints>
<use>1</use>
<logicalDatatype>LOGDT019</logicalDatatype>
<dataTypePrecision>8</dataTypePrecision>
<dataTypeScale>0</dataTypeScale>
<ownDataTypeParameters>,8,0</ownDataTypeParameters>
<autoIncrementCycle>false</autoIncrementCycle>
<associations>
<colAssociation fkAssociation="63AE7B8F-7297-EBBC-6B30-D9FFC4F4C02C" referredColumn="66B34DDB-B6CA-8163-EAAB-77401B20F68F"/>
</associations>
</Column>
<Column name="STND_CODE" id="89E747B1-7A2D-5210-4C7A-82ACEC8BC09D">
<sourceConnName>Browser@C01L</sourceConnName>
<sourceObjSchema>MO09_ENVIRONMENTAL_STANDARDS</sourceObjSchema>
<sourceObjName>STND_CODE</sourceObjName>
<createdBy>Duncan.Taylor</createdBy>
<createdTime>2018-07-25 11:57:08 UTC</createdTime>
<ownerDesignName>cdb_morphmaster</ownerDesignName>
<useDomainConstraints>false</useDomainConstraints>
<use>1</use>
<logicalDatatype>LOGDT019</logicalDatatype>
<dataTypePrecision>2</dataTypePrecision>
<dataTypeScale>0</dataTypeScale>
<ownDataTypeParameters>,2,0</ownDataTypeParameters>
<autoIncrementCycle>false</autoIncrementCycle>
<associations>
<colAssociation fkAssociation="EA0E3317-35B2-8B06-F63E-FC48580359F4" referredColumn="9DDBCC94-8C6E-836E-FE33-45FB4AA3CABB"/>
</associations>
</Column>
<Column name="VALUE" id="92A53D85-FA2F-C9A2-A1DE-5CA9FA342F85">
<sourceConnName>Browser@C01L</sourceConnName>
<sourceObjSchema>MO09_ENVIRONMENTAL_STANDARDS</sourceObjSchema>
<sourceObjName>VALUE</sourceObjName>
<createdBy>Duncan.Taylor</createdBy>
<createdTime>2018-07-25 11:57:08 UTC</createdTime>
<ownerDesignName>cdb_morphmaster</ownerDesignName>
<useDomainConstraints>false</useDomainConstraints>
<use>1</use>
<logicalDatatype>LOGDT019</logicalDatatype>
<dataTypePrecision>2</dataTypePrecision>
<dataTypeScale>0</dataTypeScale>
<ownDataTypeParameters>,2,0</ownDataTypeParameters>
<autoIncrementCycle>false</autoIncrementCycle>
</Column>
<Column name="VALID" id="D18D8960-09A1-74F3-D550-19F3033C497E">
<sourceConnName>Browser@C01L</sourceConnName>
<sourceObjSchema>MO09_ENVIRONMENTAL_STANDARDS</sourceObjSchema>
<sourceObjName>VALID</sourceObjName>
<createdBy>Duncan.Taylor</createdBy>
<createdTime>2018-07-25 11:57:08 UTC</createdTime>
<ownerDesignName>cdb_morphmaster</ownerDesignName>
<constraintName>AVCON_1148636563_VALID_007</constraintName>
<nullsAllowed>true</nullsAllowed>
<useDomainConstraints>false</useDomainConstraints>
<use>1</use>
<logicalDatatype>LOGDT024</logicalDatatype>
<dataTypeSize>1 BYTE</dataTypeSize>
<listOfValues>
<valueDef value="&apos;N&apos;" description=""/>
<valueDef value="&apos;Y&apos;" description=""/>
</listOfValues>
<ownDataTypeParameters>1 BYTE,,</ownDataTypeParameters>
<autoIncrementCycle>false</autoIncrementCycle>
</Column>
</columns>
<indexes itemClass="oracle.dbtools.crest.model.design.relational.Index">
<ind_PK_UK id="C13B7916-C0BD-F4C5-875D-99BA41213E52" name="MO09_PK">
<sourceConnName>Browser@C01L</sourceConnName>
<sourceObjSchema>MORPHMASTER</sourceObjSchema>
<sourceObjName>MO09_PK</sourceObjName>
<createdBy>Duncan.Taylor</createdBy>
<createdTime>2018-07-25 11:57:29 UTC</createdTime>
<ownerDesignName>cdb_morphmaster</ownerDesignName>
<pk>true</pk>
<indexState>Primary Constraint</indexState>
<isSurrogateKey>false</isSurrogateKey>
<indexColumnUsage>
<colUsage columnID="25F08F8B-3F75-2463-C248-B3E387207044"/>
</indexColumnUsage>
</ind_PK_UK>
<ind_PK_UK id="87B0E3D4-6BB3-EA48-BA42-3AA1B7CF3DA4" schemaObject="B9747E78-31C9-E033-1072-BFCA55C723C9" name="MO09_MO01_FK_I">
<sourceConnName>Browser@C01L</sourceConnName>
<sourceObjSchema>MORPHMASTER</sourceObjSchema>
<sourceObjName>MO09_MO01_FK_I</sourceObjName>
<createdBy>Duncan.Taylor</createdBy>
<createdTime>2018-07-25 11:57:20 UTC</createdTime>
<ownerDesignName>cdb_morphmaster</ownerDesignName>
<isSurrogateKey>false</isSurrogateKey>
<indexColumnUsage>
<colUsage columnID="EDCDA11F-677A-AAEA-F313-0821909EFB92"/>
</indexColumnUsage>
</ind_PK_UK>
<ind_PK_UK id="B38CF003-B8A5-EACC-758D-688E65D07301" schemaObject="B9747E78-31C9-E033-1072-BFCA55C723C9" name="MO09_PK">
<sourceConnName>Browser@C01L</sourceConnName>
<sourceObjSchema>MORPHMASTER</sourceObjSchema>
<sourceObjName>MO09_PK</sourceObjName>
<createdBy>Duncan.Taylor</createdBy>
<createdTime>2018-07-25 11:57:20 UTC</createdTime>
<ownerDesignName>cdb_morphmaster</ownerDesignName>
<indexState>Unique Plain Index</indexState>
<isSurrogateKey>false</isSurrogateKey>
<indexColumnUsage>
<colUsage columnID="25F08F8B-3F75-2463-C248-B3E387207044"/>
</indexColumnUsage>
</ind_PK_UK>
<ind_PK_UK id="A4B38C3D-A629-4840-7F6C-A1A148790C8F" name="MO09_MO01_FK">
<createdBy>Duncan.Taylor</createdBy>
<createdTime>2018-07-25 11:57:41 UTC</createdTime>
<ownerDesignName>cdb_morphmaster</ownerDesignName>
<indexState>Foreign Key</indexState>
<isSurrogateKey>false</isSurrogateKey>
<indexColumnUsage>
<colUsage columnID="EDCDA11F-677A-AAEA-F313-0821909EFB92"/>
</indexColumnUsage>
</ind_PK_UK>
<ind_PK_UK id="AEB36572-BC4F-6A09-5794-A76418B10076" name="MO09_MO12_FK">
<createdBy>Duncan.Taylor</createdBy>
<createdTime>2018-07-25 11:57:41 UTC</createdTime>
<ownerDesignName>cdb_morphmaster</ownerDesignName>
<indexState>Foreign Key</indexState>
<isSurrogateKey>false</isSurrogateKey>
<indexColumnUsage>
<colUsage columnID="89E747B1-7A2D-5210-4C7A-82ACEC8BC09D"/>
</indexColumnUsage>
</ind_PK_UK>
</indexes>
</Table>