<?xml version = '1.0' encoding = 'UTF-8'?>
<Table class="oracle.dbtools.crest.model.design.relational.Table" directorySegmentName="seg_20" id="30C94BF6-2599-DFC6-69C0-F39E71616FF8" schemaObject="B9747E78-31C9-E033-1072-BFCA55C723C9" name="MO40_CLASSIFICATION_RUNS">
<sourceConnName>Browser@C01L</sourceConnName>
<sourceObjSchema>MORPHMASTER</sourceObjSchema>
<sourceObjName>MO40_CLASSIFICATION_RUNS</sourceObjName>
<createdBy>Duncan.Taylor</createdBy>
<createdTime>2018-07-25 11:56:53 UTC</createdTime>
<ownerDesignName>cdb_morphmaster</ownerDesignName>
<allowColumnReorder>false</allowColumnReorder>
<existDependencyGenerateInDDl>true</existDependencyGenerateInDDl>
<parsed>true</parsed>
<columns itemClass="oracle.dbtools.crest.model.design.relational.Column">
<Column name="CLASSIFICATION_RUN_ID" id="F240E7FB-E0BD-31DE-9F75-04036BB3F0D3">
<sourceConnName>Browser@C01L</sourceConnName>
<sourceObjSchema>MO40_CLASSIFICATION_RUNS</sourceObjSchema>
<sourceObjName>CLASSIFICATION_RUN_ID</sourceObjName>
<createdBy>Duncan.Taylor</createdBy>
<createdTime>2018-07-25 11:57:08 UTC</createdTime>
<ownerDesignName>cdb_morphmaster</ownerDesignName>
<useDomainConstraints>false</useDomainConstraints>
<use>1</use>
<logicalDatatype>LOGDT019</logicalDatatype>
<dataTypePrecision>16</dataTypePrecision>
<dataTypeScale>0</dataTypeScale>
<ownDataTypeParameters>,16,0</ownDataTypeParameters>
<autoIncrementCycle>false</autoIncrementCycle>
</Column>
<Column name="CLASSIFICATION_TYPE" id="3642E2FE-48D2-505C-EAF6-D2B235AAF418">
<sourceConnName>Browser@C01L</sourceConnName>
<sourceObjSchema>MO40_CLASSIFICATION_RUNS</sourceObjSchema>
<sourceObjName>CLASSIFICATION_TYPE</sourceObjName>
<createdBy>Duncan.Taylor</createdBy>
<createdTime>2018-07-25 11:57:08 UTC</createdTime>
<ownerDesignName>cdb_morphmaster</ownerDesignName>
<useDomainConstraints>false</useDomainConstraints>
<use>1</use>
<logicalDatatype>LOGDT024</logicalDatatype>
<dataTypeSize>20 BYTE</dataTypeSize>
<ownDataTypeParameters>20 BYTE,,</ownDataTypeParameters>
<autoIncrementCycle>false</autoIncrementCycle>
</Column>
<Column name="REASON" id="8D7FCDD5-D3DB-CF3E-D468-8D20ACC09974">
<sourceConnName>Browser@C01L</sourceConnName>
<sourceObjSchema>MO40_CLASSIFICATION_RUNS</sourceObjSchema>
<sourceObjName>REASON</sourceObjName>
<createdBy>Duncan.Taylor</createdBy>
<createdTime>2018-07-25 11:57:08 UTC</createdTime>
<ownerDesignName>cdb_morphmaster</ownerDesignName>
<useDomainConstraints>false</useDomainConstraints>
<use>1</use>
<logicalDatatype>LOGDT024</logicalDatatype>
<dataTypeSize>200 BYTE</dataTypeSize>
<ownDataTypeParameters>200 BYTE,,</ownDataTypeParameters>
<autoIncrementCycle>false</autoIncrementCycle>
</Column>
<Column name="DATE_CREATED" id="40F30E3A-5121-FB4F-31A4-9636B189F7A4">
<sourceConnName>Browser@C01L</sourceConnName>
<sourceObjSchema>MO40_CLASSIFICATION_RUNS</sourceObjSchema>
<sourceObjName>DATE_CREATED</sourceObjName>
<createdBy>Duncan.Taylor</createdBy>
<createdTime>2018-07-25 11:57:08 UTC</createdTime>
<ownerDesignName>cdb_morphmaster</ownerDesignName>
<useDomainConstraints>false</useDomainConstraints>
<use>1</use>
<logicalDatatype>LOGDT007</logicalDatatype>
<dataTypeSize>7</dataTypeSize>
<ownDataTypeParameters>7,,</ownDataTypeParameters>
<autoIncrementCycle>false</autoIncrementCycle>
</Column>
<Column name="USER_STAMP" id="F5B65ECA-F8A4-40A5-967D-E789DC614E96">
<sourceConnName>Browser@C01L</sourceConnName>
<sourceObjSchema>MO40_CLASSIFICATION_RUNS</sourceObjSchema>
<sourceObjName>USER_STAMP</sourceObjName>
<createdBy>Duncan.Taylor</createdBy>
<createdTime>2018-07-25 11:57:08 UTC</createdTime>
<ownerDesignName>cdb_morphmaster</ownerDesignName>
<useDomainConstraints>false</useDomainConstraints>
<use>1</use>
<logicalDatatype>LOGDT024</logicalDatatype>
<dataTypeSize>256 BYTE</dataTypeSize>
<ownDataTypeParameters>256 BYTE,,</ownDataTypeParameters>
<autoIncrementCycle>false</autoIncrementCycle>
</Column>
<Column name="LAST_UPDATED" id="317CA304-C8DD-4792-30DA-E2456D5F8860">
<sourceConnName>Browser@C01L</sourceConnName>
<sourceObjSchema>MO40_CLASSIFICATION_RUNS</sourceObjSchema>
<sourceObjName>LAST_UPDATED</sourceObjName>
<createdBy>Duncan.Taylor</createdBy>
<createdTime>2018-07-25 11:57:08 UTC</createdTime>
<ownerDesignName>cdb_morphmaster</ownerDesignName>
<useDomainConstraints>false</useDomainConstraints>
<use>1</use>
<logicalDatatype>LOGDT007</logicalDatatype>
<dataTypeSize>7</dataTypeSize>
<ownDataTypeParameters>7,,</ownDataTypeParameters>
<autoIncrementCycle>false</autoIncrementCycle>
</Column>
<Column name="RUN_STATUS" id="3935B04A-2954-F90B-CB41-AED865E06554">
<sourceConnName>Browser@C01L</sourceConnName>
<sourceObjSchema>MO40_CLASSIFICATION_RUNS</sourceObjSchema>
<sourceObjName>RUN_STATUS</sourceObjName>
<createdBy>Duncan.Taylor</createdBy>
<createdTime>2018-07-25 11:57:08 UTC</createdTime>
<ownerDesignName>cdb_morphmaster</ownerDesignName>
<useDomainConstraints>false</useDomainConstraints>
<use>1</use>
<logicalDatatype>LOGDT024</logicalDatatype>
<dataTypeSize>20 BYTE</dataTypeSize>
<ownDataTypeParameters>20 BYTE,,</ownDataTypeParameters>
<autoIncrementCycle>false</autoIncrementCycle>
</Column>
</columns>
<indexes itemClass="oracle.dbtools.crest.model.design.relational.Index">
<ind_PK_UK id="A0A4B8F3-381D-8D16-ABD9-2F39F2C9FD44" name="MO40_PK">
<sourceConnName>Browser@C01L</sourceConnName>
<sourceObjSchema>MORPHMASTER</sourceObjSchema>
<sourceObjName>MO40_PK</sourceObjName>
<createdBy>Duncan.Taylor</createdBy>
<createdTime>2018-07-25 11:57:29 UTC</createdTime>
<ownerDesignName>cdb_morphmaster</ownerDesignName>
<pk>true</pk>
<indexState>Primary Constraint</indexState>
<isSurrogateKey>false</isSurrogateKey>
<indexColumnUsage>
<colUsage columnID="F240E7FB-E0BD-31DE-9F75-04036BB3F0D3"/>
</indexColumnUsage>
</ind_PK_UK>
<ind_PK_UK id="00FEFCDC-980F-E8EA-A87E-6F8B8904929E" schemaObject="B9747E78-31C9-E033-1072-BFCA55C723C9" name="MO40_PK">
<sourceConnName>Browser@C01L</sourceConnName>
<sourceObjSchema>MORPHMASTER</sourceObjSchema>
<sourceObjName>MO40_PK</sourceObjName>
<createdBy>Duncan.Taylor</createdBy>
<createdTime>2018-07-25 11:57:20 UTC</createdTime>
<ownerDesignName>cdb_morphmaster</ownerDesignName>
<indexState>Unique Plain Index</indexState>
<isSurrogateKey>false</isSurrogateKey>
<indexColumnUsage>
<colUsage columnID="F240E7FB-E0BD-31DE-9F75-04036BB3F0D3"/>
</indexColumnUsage>
</ind_PK_UK>
</indexes>
</Table>