<?xml version = '1.0' encoding = 'UTF-8'?>
<Table class="oracle.dbtools.crest.model.design.relational.Table" directorySegmentName="seg_20" id="30CF2BA5-37BC-FE00-52AA-8B6A280272CD" schemaObject="B9747E78-31C9-E033-1072-BFCA55C723C9" name="MO39_RIPARIAN_VEG_WATERCOURSES">
<sourceConnName>Browser@C01L</sourceConnName>
<sourceObjSchema>MORPHMASTER</sourceObjSchema>
<sourceObjName>MO39_RIPARIAN_VEG_WATERCOURSES</sourceObjName>
<createdBy>Duncan.Taylor</createdBy>
<createdTime>2018-07-25 11:56:53 UTC</createdTime>
<ownerDesignName>cdb_c01l</ownerDesignName>
<allowColumnReorder>false</allowColumnReorder>
<existDependencyGenerateInDDl>true</existDependencyGenerateInDDl>
<parsed>true</parsed>
<columns itemClass="oracle.dbtools.crest.model.design.relational.Column">
<Column name="SEGMENT_ID" id="882BA3AF-B329-C5C8-FD64-6D8E730FEDC0">
<sourceConnName>Browser@C01L</sourceConnName>
<sourceObjSchema>MO39_RIPARIAN_VEG_WATERCOURSES</sourceObjSchema>
<sourceObjName>SEGMENT_ID</sourceObjName>
<createdBy>Duncan.Taylor</createdBy>
<createdTime>2018-07-25 11:57:08 UTC</createdTime>
<ownerDesignName>cdb_c01l</ownerDesignName>
<useDomainConstraints>false</useDomainConstraints>
<use>1</use>
<logicalDatatype>LOGDT019</logicalDatatype>
<dataTypePrecision>10</dataTypePrecision>
<dataTypeScale>0</dataTypeScale>
<ownDataTypeParameters>,10,0</ownDataTypeParameters>
<autoIncrementCycle>false</autoIncrementCycle>
</Column>
<Column name="CATCHMENT_ID" id="0FCA66EF-0EB8-97DE-1A0B-5D0D61151C6C">
<sourceConnName>Browser@C01L</sourceConnName>
<sourceObjSchema>MO39_RIPARIAN_VEG_WATERCOURSES</sourceObjSchema>
<sourceObjName>CATCHMENT_ID</sourceObjName>
<createdBy>Duncan.Taylor</createdBy>
<createdTime>2018-07-25 11:57:08 UTC</createdTime>
<ownerDesignName>cdb_c01l</ownerDesignName>
<useDomainConstraints>false</useDomainConstraints>
<use>1</use>
<logicalDatatype>LOGDT019</logicalDatatype>
<dataTypePrecision>6</dataTypePrecision>
<dataTypeScale>0</dataTypeScale>
<ownDataTypeParameters>,6,0</ownDataTypeParameters>
<autoIncrementCycle>false</autoIncrementCycle>
<associations>
<colAssociation fkAssociation="8EB76AC3-3374-F744-4CB0-1186F13A5AED" referredColumn="DA3A4CB7-2EF2-A970-6312-CCE0B287C657"/>
</associations>
</Column>
<Column name="RIVER_NUMBER" id="597DD628-6031-A97F-5885-7FC068E0BD5D">
<sourceConnName>Browser@C01L</sourceConnName>
<sourceObjSchema>MO39_RIPARIAN_VEG_WATERCOURSES</sourceObjSchema>
<sourceObjName>RIVER_NUMBER</sourceObjName>
<createdBy>Duncan.Taylor</createdBy>
<createdTime>2018-07-25 11:57:08 UTC</createdTime>
<ownerDesignName>cdb_c01l</ownerDesignName>
<useDomainConstraints>false</useDomainConstraints>
<use>1</use>
<logicalDatatype>LOGDT019</logicalDatatype>
<dataTypePrecision>6</dataTypePrecision>
<dataTypeScale>3</dataTypeScale>
<ownDataTypeParameters>,6,3</ownDataTypeParameters>
<autoIncrementCycle>false</autoIncrementCycle>
<associations>
<colAssociation fkAssociation="8EB76AC3-3374-F744-4CB0-1186F13A5AED" referredColumn="9CD8A74B-8E94-995E-1759-FA73F78B2DFD"/>
</associations>
</Column>
<Column name="DOWNSTREAM_DISTANCE" id="F27F9B0E-1CB2-69EB-5A0A-C184A39EAF28">
<sourceConnName>Browser@C01L</sourceConnName>
<sourceObjSchema>MO39_RIPARIAN_VEG_WATERCOURSES</sourceObjSchema>
<sourceObjName>DOWNSTREAM_DISTANCE</sourceObjName>
<createdBy>Duncan.Taylor</createdBy>
<createdTime>2018-07-25 11:57:08 UTC</createdTime>
<ownerDesignName>cdb_c01l</ownerDesignName>
<useDomainConstraints>false</useDomainConstraints>
<use>1</use>
<logicalDatatype>LOGDT019</logicalDatatype>
<dataTypePrecision>6</dataTypePrecision>
<dataTypeScale>3</dataTypeScale>
<ownDataTypeParameters>,6,3</ownDataTypeParameters>
<autoIncrementCycle>false</autoIncrementCycle>
</Column>
<Column name="UPSTREAM_DISTANCE" id="D9313253-3886-C625-5114-4EF45BD4322F">
<sourceConnName>Browser@C01L</sourceConnName>
<sourceObjSchema>MO39_RIPARIAN_VEG_WATERCOURSES</sourceObjSchema>
<sourceObjName>UPSTREAM_DISTANCE</sourceObjName>
<createdBy>Duncan.Taylor</createdBy>
<createdTime>2018-07-25 11:57:08 UTC</createdTime>
<ownerDesignName>cdb_c01l</ownerDesignName>
<nullsAllowed>true</nullsAllowed>
<useDomainConstraints>false</useDomainConstraints>
<use>1</use>
<logicalDatatype>LOGDT019</logicalDatatype>
<dataTypePrecision>6</dataTypePrecision>
<dataTypeScale>3</dataTypeScale>
<ownDataTypeParameters>,6,3</ownDataTypeParameters>
<autoIncrementCycle>false</autoIncrementCycle>
</Column>
<Column name="ST_CODE" id="526BD6DE-289A-0CE4-B1C0-C8CC3A1C9DB3">
<sourceConnName>Browser@C01L</sourceConnName>
<sourceObjSchema>MO39_RIPARIAN_VEG_WATERCOURSES</sourceObjSchema>
<sourceObjName>ST_CODE</sourceObjName>
<createdBy>Duncan.Taylor</createdBy>
<createdTime>2018-07-25 11:57:08 UTC</createdTime>
<ownerDesignName>cdb_c01l</ownerDesignName>
<useDomainConstraints>false</useDomainConstraints>
<use>1</use>
<logicalDatatype>LOGDT024</logicalDatatype>
<dataTypeSize>4 BYTE</dataTypeSize>
<ownDataTypeParameters>4 BYTE,,</ownDataTypeParameters>
<autoIncrementCycle>false</autoIncrementCycle>
<associations>
<colAssociation fkAssociation="DDF4FC57-8664-8226-B783-FD6DE5D6F9D9" referredColumn="E7F45653-20E6-AD0C-C388-A1DCF48CC9B7"/>
</associations>
</Column>
<Column name="CATEGORY" id="E6F23D1A-A0B1-5A50-DB8F-67D3DBA33E56">
<sourceConnName>Browser@C01L</sourceConnName>
<sourceObjSchema>MO39_RIPARIAN_VEG_WATERCOURSES</sourceObjSchema>
<sourceObjName>CATEGORY</sourceObjName>
<createdBy>Duncan.Taylor</createdBy>
<createdTime>2018-07-25 11:57:08 UTC</createdTime>
<ownerDesignName>cdb_c01l</ownerDesignName>
<useDomainConstraints>false</useDomainConstraints>
<use>1</use>
<logicalDatatype>LOGDT019</logicalDatatype>
<dataTypePrecision>3</dataTypePrecision>
<dataTypeScale>0</dataTypeScale>
<ownDataTypeParameters>,3,0</ownDataTypeParameters>
<autoIncrementCycle>false</autoIncrementCycle>
<associations>
<colAssociation fkAssociation="DDF4FC57-8664-8226-B783-FD6DE5D6F9D9" referredColumn="A32258ED-77C5-5168-E1D6-A9B4C6B0B887"/>
</associations>
</Column>
<Column name="CONFIDENCE" id="8528B949-E2EB-BF83-5EB7-890C29262AC6">
<sourceConnName>Browser@C01L</sourceConnName>
<sourceObjSchema>MO39_RIPARIAN_VEG_WATERCOURSES</sourceObjSchema>
<sourceObjName>CONFIDENCE</sourceObjName>
<createdBy>Duncan.Taylor</createdBy>
<createdTime>2018-07-25 11:57:08 UTC</createdTime>
<ownerDesignName>cdb_c01l</ownerDesignName>
<nullsAllowed>true</nullsAllowed>
<useDomainConstraints>false</useDomainConstraints>
<use>1</use>
<logicalDatatype>LOGDT024</logicalDatatype>
<dataTypeSize>32 BYTE</dataTypeSize>
<ownDataTypeParameters>32 BYTE,,</ownDataTypeParameters>
<autoIncrementCycle>false</autoIncrementCycle>
</Column>
<Column name="BANK" id="B68613BD-D475-8B1B-7741-51068102A3D0">
<sourceConnName>Browser@C01L</sourceConnName>
<sourceObjSchema>MO39_RIPARIAN_VEG_WATERCOURSES</sourceObjSchema>
<sourceObjName>BANK</sourceObjName>
<createdBy>Duncan.Taylor</createdBy>
<createdTime>2018-07-25 11:57:08 UTC</createdTime>
<ownerDesignName>cdb_c01l</ownerDesignName>
<constraintName>AVCON_1237977914_BANK_000</constraintName>
<nullsAllowed>true</nullsAllowed>
<useDomainConstraints>false</useDomainConstraints>
<use>1</use>
<logicalDatatype>LOGDT024</logicalDatatype>
<dataTypeSize>6 BYTE</dataTypeSize>
<listOfValues>
<valueDef value="&apos;Left&apos;" description=""/>
<valueDef value="&apos;Right&apos;" description=""/>
</listOfValues>
<ownDataTypeParameters>6 BYTE,,</ownDataTypeParameters>
<autoIncrementCycle>false</autoIncrementCycle>
</Column>
</columns>
<indexes itemClass="oracle.dbtools.crest.model.design.relational.Index">
<ind_PK_UK id="79BDE616-1E66-ED4C-64E7-33FB998CAEA1" name="MO39_PK">
<sourceConnName>Browser@C01L</sourceConnName>
<sourceObjSchema>MORPHMASTER</sourceObjSchema>
<sourceObjName>MO39_PK</sourceObjName>
<createdBy>Duncan.Taylor</createdBy>
<createdTime>2018-07-25 11:57:29 UTC</createdTime>
<ownerDesignName>cdb_c01l</ownerDesignName>
<pk>true</pk>
<indexState>Primary Constraint</indexState>
<isSurrogateKey>false</isSurrogateKey>
<indexColumnUsage>
<colUsage columnID="882BA3AF-B329-C5C8-FD64-6D8E730FEDC0"/>
</indexColumnUsage>
</ind_PK_UK>
<ind_PK_UK id="AFFBE134-6650-33B9-FABC-C730DDA7BBAC" schemaObject="B9747E78-31C9-E033-1072-BFCA55C723C9" name="MO39_GE9_FK_I">
<sourceConnName>Browser@C01L</sourceConnName>
<sourceObjSchema>MORPHMASTER</sourceObjSchema>
<sourceObjName>MO39_GE9_FK_I</sourceObjName>
<createdBy>Duncan.Taylor</createdBy>
<createdTime>2018-07-25 11:57:20 UTC</createdTime>
<ownerDesignName>cdb_c01l</ownerDesignName>
<isSurrogateKey>false</isSurrogateKey>
<indexColumnUsage>
<colUsage columnID="597DD628-6031-A97F-5885-7FC068E0BD5D"/>
<colUsage columnID="0FCA66EF-0EB8-97DE-1A0B-5D0D61151C6C"/>
</indexColumnUsage>
</ind_PK_UK>
<ind_PK_UK id="A71BF1A9-27DF-4820-DA37-9EA4745747C0" schemaObject="B9747E78-31C9-E033-1072-BFCA55C723C9" name="MO39_PK">
<sourceConnName>Browser@C01L</sourceConnName>
<sourceObjSchema>MORPHMASTER</sourceObjSchema>
<sourceObjName>MO39_PK</sourceObjName>
<createdBy>Duncan.Taylor</createdBy>
<createdTime>2018-07-25 11:57:20 UTC</createdTime>
<ownerDesignName>cdb_c01l</ownerDesignName>
<indexState>Unique Plain Index</indexState>
<isSurrogateKey>false</isSurrogateKey>
<indexColumnUsage>
<colUsage columnID="882BA3AF-B329-C5C8-FD64-6D8E730FEDC0"/>
</indexColumnUsage>
</ind_PK_UK>
<ind_PK_UK id="74DA173F-3737-4CB6-A358-E4260928BB14" name="MO39_GE3_FK">
<createdBy>Duncan.Taylor</createdBy>
<createdTime>2018-07-25 11:57:41 UTC</createdTime>
<ownerDesignName>cdb_c01l</ownerDesignName>
<indexState>Foreign Key</indexState>
<isSurrogateKey>false</isSurrogateKey>
<indexColumnUsage>
<colUsage columnID="0FCA66EF-0EB8-97DE-1A0B-5D0D61151C6C"/>
<colUsage columnID="597DD628-6031-A97F-5885-7FC068E0BD5D"/>
</indexColumnUsage>
</ind_PK_UK>
<ind_PK_UK id="FA29ED9E-274A-9A46-1DDB-A3548A95191D" name="MO39_MO16_FK">
<createdBy>Duncan.Taylor</createdBy>
<createdTime>2018-07-25 11:57:41 UTC</createdTime>
<ownerDesignName>cdb_c01l</ownerDesignName>
<indexState>Foreign Key</indexState>
<isSurrogateKey>false</isSurrogateKey>
<indexColumnUsage>
<colUsage columnID="526BD6DE-289A-0CE4-B1C0-C8CC3A1C9DB3"/>
<colUsage columnID="E6F23D1A-A0B1-5A50-DB8F-67D3DBA33E56"/>
</indexColumnUsage>
</ind_PK_UK>
</indexes>
</Table>