<?xml version = '1.0' encoding = 'UTF-8'?>
<Table class="oracle.dbtools.crest.model.design.relational.Table" directorySegmentName="seg_20" id="30DB35CC-5FFD-E059-03EF-8BEE67F2FB49" schemaObject="B9747E78-31C9-E033-1072-BFCA55C723C9" name="MO94_SCREENING_AVAIL_CAP_AUDIT">
<sourceConnName>Browser@C01L</sourceConnName>
<sourceObjSchema>MORPHMASTER</sourceObjSchema>
<sourceObjName>MO94_SCREENING_AVAIL_CAP_AUDIT</sourceObjName>
<createdBy>Duncan.Taylor</createdBy>
<createdTime>2018-07-25 11:56:53 UTC</createdTime>
<ownerDesignName>cdb_morphmaster</ownerDesignName>
<allowColumnReorder>false</allowColumnReorder>
<existDependencyGenerateInDDl>true</existDependencyGenerateInDDl>
<parsed>true</parsed>
<columns itemClass="oracle.dbtools.crest.model.design.relational.Column">
<Column name="WB_ID" id="9D9BCF73-E179-4BAD-2765-514659A02BEB">
<sourceConnName>Browser@C01L</sourceConnName>
<sourceObjSchema>MO94_SCREENING_AVAIL_CAP_AUDIT</sourceObjSchema>
<sourceObjName>WB_ID</sourceObjName>
<createdBy>Duncan.Taylor</createdBy>
<createdTime>2018-07-25 11:57:08 UTC</createdTime>
<ownerDesignName>cdb_morphmaster</ownerDesignName>
<useDomainConstraints>false</useDomainConstraints>
<use>1</use>
<logicalDatatype>LOGDT019</logicalDatatype>
<dataTypePrecision>6</dataTypePrecision>
<dataTypeScale>0</dataTypeScale>
<ownDataTypeParameters>,6,0</ownDataTypeParameters>
<autoIncrementCycle>false</autoIncrementCycle>
<associations>
<colAssociation fkAssociation="211E4A48-5531-9F5E-FDDD-992022C4E100" referredColumn="F5280911-80DD-85BD-7FDB-09FCE95CCE3A"/>
</associations>
</Column>
<Column name="PREVIOUS_AVAILABLE_CAPACITY" id="BAB59877-FF3A-2FD5-46E1-8C7D2A4CCFA7">
<sourceConnName>Browser@C01L</sourceConnName>
<sourceObjSchema>MO94_SCREENING_AVAIL_CAP_AUDIT</sourceObjSchema>
<sourceObjName>PREVIOUS_AVAILABLE_CAPACITY</sourceObjName>
<createdBy>Duncan.Taylor</createdBy>
<createdTime>2018-07-25 11:57:08 UTC</createdTime>
<ownerDesignName>cdb_morphmaster</ownerDesignName>
<nullsAllowed>true</nullsAllowed>
<useDomainConstraints>false</useDomainConstraints>
<use>1</use>
<logicalDatatype>LOGDT019</logicalDatatype>
<dataTypePrecision>6</dataTypePrecision>
<dataTypeScale>3</dataTypeScale>
<ownDataTypeParameters>,6,3</ownDataTypeParameters>
<autoIncrementCycle>false</autoIncrementCycle>
</Column>
<Column name="NEW_AVAILABLE_CAPACITY" id="99852BC1-9323-FC43-8EA6-411D6DD97F67">
<sourceConnName>Browser@C01L</sourceConnName>
<sourceObjSchema>MO94_SCREENING_AVAIL_CAP_AUDIT</sourceObjSchema>
<sourceObjName>NEW_AVAILABLE_CAPACITY</sourceObjName>
<createdBy>Duncan.Taylor</createdBy>
<createdTime>2018-07-25 11:57:08 UTC</createdTime>
<ownerDesignName>cdb_morphmaster</ownerDesignName>
<nullsAllowed>true</nullsAllowed>
<useDomainConstraints>false</useDomainConstraints>
<use>1</use>
<logicalDatatype>LOGDT019</logicalDatatype>
<dataTypePrecision>6</dataTypePrecision>
<dataTypeScale>3</dataTypeScale>
<ownDataTypeParameters>,6,3</ownDataTypeParameters>
<autoIncrementCycle>false</autoIncrementCycle>
</Column>
<Column name="USER_ID" id="8DE1DA1A-2984-5E35-3B25-E6CF531F1942">
<sourceConnName>Browser@C01L</sourceConnName>
<sourceObjSchema>MO94_SCREENING_AVAIL_CAP_AUDIT</sourceObjSchema>
<sourceObjName>USER_ID</sourceObjName>
<createdBy>Duncan.Taylor</createdBy>
<createdTime>2018-07-25 11:57:08 UTC</createdTime>
<ownerDesignName>cdb_morphmaster</ownerDesignName>
<useDomainConstraints>false</useDomainConstraints>
<use>1</use>
<logicalDatatype>LOGDT024</logicalDatatype>
<dataTypeSize>256 BYTE</dataTypeSize>
<ownDataTypeParameters>256 BYTE,,</ownDataTypeParameters>
<autoIncrementCycle>false</autoIncrementCycle>
</Column>
<Column name="CHANGE_TIMESTAMP" id="FC8FEB41-FC70-FF4C-D67A-C92EAF95559B">
<sourceConnName>Browser@C01L</sourceConnName>
<sourceObjSchema>MO94_SCREENING_AVAIL_CAP_AUDIT</sourceObjSchema>
<sourceObjName>CHANGE_TIMESTAMP</sourceObjName>
<createdBy>Duncan.Taylor</createdBy>
<createdTime>2018-07-25 11:57:08 UTC</createdTime>
<ownerDesignName>cdb_morphmaster</ownerDesignName>
<useDomainConstraints>false</useDomainConstraints>
<use>1</use>
<logicalDatatype>LOGDT015</logicalDatatype>
<dataTypePrecision>6</dataTypePrecision>
<ownDataTypeParameters>,6,</ownDataTypeParameters>
<autoIncrementCycle>false</autoIncrementCycle>
</Column>
<Column name="CHANGE_REASON" id="5B0ABA7D-DF85-C27B-1084-7FBCDF2043F8">
<sourceConnName>Browser@C01L</sourceConnName>
<sourceObjSchema>MO94_SCREENING_AVAIL_CAP_AUDIT</sourceObjSchema>
<sourceObjName>CHANGE_REASON</sourceObjName>
<createdBy>Duncan.Taylor</createdBy>
<createdTime>2018-07-25 11:57:08 UTC</createdTime>
<ownerDesignName>cdb_morphmaster</ownerDesignName>
<useDomainConstraints>false</useDomainConstraints>
<use>1</use>
<logicalDatatype>LOGDT024</logicalDatatype>
<dataTypeSize>250 BYTE</dataTypeSize>
<ownDataTypeParameters>250 BYTE,,</ownDataTypeParameters>
<autoIncrementCycle>false</autoIncrementCycle>
</Column>
</columns>
<indexes itemClass="oracle.dbtools.crest.model.design.relational.Index">
<ind_PK_UK id="77FFF293-25E3-3684-8FB7-520A23596ED1" name="MO94_PK">
<sourceConnName>Browser@C01L</sourceConnName>
<sourceObjSchema>MORPHMASTER</sourceObjSchema>
<sourceObjName>MO94_PK</sourceObjName>
<createdBy>Duncan.Taylor</createdBy>
<createdTime>2018-07-25 11:57:29 UTC</createdTime>
<ownerDesignName>cdb_morphmaster</ownerDesignName>
<pk>true</pk>
<indexState>Primary Constraint</indexState>
<isSurrogateKey>false</isSurrogateKey>
<indexColumnUsage>
<colUsage columnID="9D9BCF73-E179-4BAD-2765-514659A02BEB"/>
<colUsage columnID="FC8FEB41-FC70-FF4C-D67A-C92EAF95559B"/>
</indexColumnUsage>
</ind_PK_UK>
<ind_PK_UK id="F2E8C9C7-5C96-0595-4E37-9662FE0D24EC" schemaObject="B9747E78-31C9-E033-1072-BFCA55C723C9" name="MO94_PK">
<sourceConnName>Browser@C01L</sourceConnName>
<sourceObjSchema>MORPHMASTER</sourceObjSchema>
<sourceObjName>MO94_PK</sourceObjName>
<createdBy>Duncan.Taylor</createdBy>
<createdTime>2018-07-25 11:57:20 UTC</createdTime>
<ownerDesignName>cdb_morphmaster</ownerDesignName>
<indexState>Unique Plain Index</indexState>
<isSurrogateKey>false</isSurrogateKey>
<indexColumnUsage>
<colUsage columnID="9D9BCF73-E179-4BAD-2765-514659A02BEB"/>
<colUsage columnID="FC8FEB41-FC70-FF4C-D67A-C92EAF95559B"/>
</indexColumnUsage>
</ind_PK_UK>
<ind_PK_UK id="8BCF5CE7-DE1B-541C-D85B-AFCFC0E4D819" name="MO94_WF10_FK">
<createdBy>Duncan.Taylor</createdBy>
<createdTime>2018-07-25 11:57:41 UTC</createdTime>
<ownerDesignName>cdb_morphmaster</ownerDesignName>
<indexState>Foreign Key</indexState>
<isSurrogateKey>false</isSurrogateKey>
<indexColumnUsage>
<colUsage columnID="9D9BCF73-E179-4BAD-2765-514659A02BEB"/>
</indexColumnUsage>
</ind_PK_UK>
</indexes>
</Table>