<?xml version = '1.0' encoding = 'UTF-8'?>
<Table class="oracle.dbtools.crest.model.design.relational.Table" directorySegmentName="seg_20" id="33B24BBD-2FBB-87B9-4785-AFBE0482107A" schemaObject="B9747E78-31C9-E033-1072-BFCA55C723C9" name="MO05_ACTIVITY_WEIGHTINGS">
<sourceConnName>Browser@C01L</sourceConnName>
<sourceObjSchema>MORPHMASTER</sourceObjSchema>
<sourceObjName>MO05_ACTIVITY_WEIGHTINGS</sourceObjName>
<createdBy>Duncan.Taylor</createdBy>
<createdTime>2018-07-25 11:56:53 UTC</createdTime>
<ownerDesignName>cdb_c01l</ownerDesignName>
<allowColumnReorder>false</allowColumnReorder>
<existDependencyGenerateInDDl>true</existDependencyGenerateInDDl>
<parsed>true</parsed>
<columns itemClass="oracle.dbtools.crest.model.design.relational.Column">
<Column name="ACT_WGHT_CODE" id="C07CC681-41C3-4ED4-EFCB-CB7494D620C4">
<sourceConnName>Browser@C01L</sourceConnName>
<sourceObjSchema>MO05_ACTIVITY_WEIGHTINGS</sourceObjSchema>
<sourceObjName>ACT_WGHT_CODE</sourceObjName>
<createdBy>Duncan.Taylor</createdBy>
<createdTime>2018-07-25 11:57:08 UTC</createdTime>
<ownerDesignName>cdb_c01l</ownerDesignName>
<useDomainConstraints>false</useDomainConstraints>
<use>1</use>
<logicalDatatype>LOGDT019</logicalDatatype>
<dataTypePrecision>8</dataTypePrecision>
<dataTypeScale>0</dataTypeScale>
<ownDataTypeParameters>,8,0</ownDataTypeParameters>
<autoIncrementCycle>false</autoIncrementCycle>
</Column>
<Column name="CHARACTERISTIC_CODE" id="C1CDB8E5-78C3-6A16-9C90-B922B7796452">
<sourceConnName>Browser@C01L</sourceConnName>
<sourceObjSchema>MO05_ACTIVITY_WEIGHTINGS</sourceObjSchema>
<sourceObjName>CHARACTERISTIC_CODE</sourceObjName>
<createdBy>Duncan.Taylor</createdBy>
<createdTime>2018-07-25 11:57:08 UTC</createdTime>
<ownerDesignName>cdb_c01l</ownerDesignName>
<useDomainConstraints>false</useDomainConstraints>
<use>1</use>
<logicalDatatype>LOGDT019</logicalDatatype>
<dataTypePrecision>8</dataTypePrecision>
<dataTypeScale>0</dataTypeScale>
<ownDataTypeParameters>,8,0</ownDataTypeParameters>
<autoIncrementCycle>false</autoIncrementCycle>
<associations>
<colAssociation fkAssociation="96478B8A-D8DB-D21F-CE21-323B6F1B41BB" referredColumn="75B063C9-A3AC-C18F-3A57-79DD2E189A60"/>
</associations>
</Column>
<Column name="ACTIVITY_CODE" id="B87DEE9B-D79C-6DEF-5CA5-67B4F7CEF181">
<sourceConnName>Browser@C01L</sourceConnName>
<sourceObjSchema>MO05_ACTIVITY_WEIGHTINGS</sourceObjSchema>
<sourceObjName>ACTIVITY_CODE</sourceObjName>
<createdBy>Duncan.Taylor</createdBy>
<createdTime>2018-07-25 11:57:08 UTC</createdTime>
<ownerDesignName>cdb_c01l</ownerDesignName>
<useDomainConstraints>false</useDomainConstraints>
<use>1</use>
<logicalDatatype>LOGDT019</logicalDatatype>
<dataTypePrecision>8</dataTypePrecision>
<dataTypeScale>0</dataTypeScale>
<ownDataTypeParameters>,8,0</ownDataTypeParameters>
<autoIncrementCycle>false</autoIncrementCycle>
<associations>
<colAssociation fkAssociation="16D8EA7F-F21B-B1DC-28AC-516C984401CF" referredColumn="FE028571-E840-9D79-5E09-8B29CC1FAA1B"/>
</associations>
</Column>
<Column name="VALUE" id="5CA0E441-E3C7-CC59-FE94-008DBC969846">
<sourceConnName>Browser@C01L</sourceConnName>
<sourceObjSchema>MO05_ACTIVITY_WEIGHTINGS</sourceObjSchema>
<sourceObjName>VALUE</sourceObjName>
<createdBy>Duncan.Taylor</createdBy>
<createdTime>2018-07-25 11:57:08 UTC</createdTime>
<ownerDesignName>cdb_c01l</ownerDesignName>
<useDomainConstraints>false</useDomainConstraints>
<use>1</use>
<logicalDatatype>LOGDT019</logicalDatatype>
<dataTypePrecision>3</dataTypePrecision>
<dataTypeScale>1</dataTypeScale>
<ownDataTypeParameters>,3,1</ownDataTypeParameters>
<autoIncrementCycle>false</autoIncrementCycle>
</Column>
<Column name="DATE_ENTERED" id="1B39BF8D-2F7F-5E2B-5498-FEAC2A40F36C">
<sourceConnName>Browser@C01L</sourceConnName>
<sourceObjSchema>MO05_ACTIVITY_WEIGHTINGS</sourceObjSchema>
<sourceObjName>DATE_ENTERED</sourceObjName>
<createdBy>Duncan.Taylor</createdBy>
<createdTime>2018-07-25 11:57:08 UTC</createdTime>
<ownerDesignName>cdb_c01l</ownerDesignName>
<nullsAllowed>true</nullsAllowed>
<useDomainConstraints>false</useDomainConstraints>
<use>1</use>
<logicalDatatype>LOGDT007</logicalDatatype>
<dataTypeSize>7</dataTypeSize>
<ownDataTypeParameters>7,,</ownDataTypeParameters>
<autoIncrementCycle>false</autoIncrementCycle>
</Column>
<Column name="VERSION" id="D80A42EC-CDB0-7909-E11F-EC2BA92C9504">
<sourceConnName>Browser@C01L</sourceConnName>
<sourceObjSchema>MO05_ACTIVITY_WEIGHTINGS</sourceObjSchema>
<sourceObjName>VERSION</sourceObjName>
<createdBy>Duncan.Taylor</createdBy>
<createdTime>2018-07-25 11:57:08 UTC</createdTime>
<ownerDesignName>cdb_c01l</ownerDesignName>
<useDomainConstraints>false</useDomainConstraints>
<use>1</use>
<logicalDatatype>LOGDT024</logicalDatatype>
<dataTypeSize>5 BYTE</dataTypeSize>
<ownDataTypeParameters>5 BYTE,,</ownDataTypeParameters>
<autoIncrementCycle>false</autoIncrementCycle>
</Column>
<Column name="VALID" id="F327953F-9599-097C-553F-A8326C2E62BB">
<sourceConnName>Browser@C01L</sourceConnName>
<sourceObjSchema>MO05_ACTIVITY_WEIGHTINGS</sourceObjSchema>
<sourceObjName>VALID</sourceObjName>
<createdBy>Duncan.Taylor</createdBy>
<createdTime>2018-07-25 11:57:08 UTC</createdTime>
<ownerDesignName>cdb_c01l</ownerDesignName>
<constraintName>AVCON_1148636563_VALID_008</constraintName>
<nullsAllowed>true</nullsAllowed>
<useDomainConstraints>false</useDomainConstraints>
<use>1</use>
<logicalDatatype>LOGDT024</logicalDatatype>
<dataTypeSize>1 BYTE</dataTypeSize>
<listOfValues>
<valueDef value="&apos;N&apos;" description=""/>
<valueDef value="&apos;Y&apos;" description=""/>
</listOfValues>
<ownDataTypeParameters>1 BYTE,,</ownDataTypeParameters>
<autoIncrementCycle>false</autoIncrementCycle>
</Column>
</columns>
<indexes itemClass="oracle.dbtools.crest.model.design.relational.Index">
<ind_PK_UK id="ECA63A53-0D98-E4CB-75B3-A8D45FB5F4F8" name="MO05_PK">
<sourceConnName>Browser@C01L</sourceConnName>
<sourceObjSchema>MORPHMASTER</sourceObjSchema>
<sourceObjName>MO05_PK</sourceObjName>
<createdBy>Duncan.Taylor</createdBy>
<createdTime>2018-07-25 11:57:29 UTC</createdTime>
<ownerDesignName>cdb_c01l</ownerDesignName>
<pk>true</pk>
<indexState>Primary Constraint</indexState>
<isSurrogateKey>false</isSurrogateKey>
<indexColumnUsage>
<colUsage columnID="C07CC681-41C3-4ED4-EFCB-CB7494D620C4"/>
</indexColumnUsage>
</ind_PK_UK>
<ind_PK_UK id="C50477CE-A9C6-2B52-88F9-34114FC4B76E" schemaObject="B9747E78-31C9-E033-1072-BFCA55C723C9" name="MO05_MO03_FK_I">
<sourceConnName>Browser@C01L</sourceConnName>
<sourceObjSchema>MORPHMASTER</sourceObjSchema>
<sourceObjName>MO05_MO03_FK_I</sourceObjName>
<createdBy>Duncan.Taylor</createdBy>
<createdTime>2018-07-25 11:57:20 UTC</createdTime>
<ownerDesignName>cdb_c01l</ownerDesignName>
<isSurrogateKey>false</isSurrogateKey>
<indexColumnUsage>
<colUsage columnID="C1CDB8E5-78C3-6A16-9C90-B922B7796452"/>
</indexColumnUsage>
</ind_PK_UK>
<ind_PK_UK id="1FA75363-FCF5-DECE-C4DB-B749D0691E17" schemaObject="B9747E78-31C9-E033-1072-BFCA55C723C9" name="MO05_MO04_FK_I">
<sourceConnName>Browser@C01L</sourceConnName>
<sourceObjSchema>MORPHMASTER</sourceObjSchema>
<sourceObjName>MO05_MO04_FK_I</sourceObjName>
<createdBy>Duncan.Taylor</createdBy>
<createdTime>2018-07-25 11:57:20 UTC</createdTime>
<ownerDesignName>cdb_c01l</ownerDesignName>
<isSurrogateKey>false</isSurrogateKey>
<indexColumnUsage>
<colUsage columnID="B87DEE9B-D79C-6DEF-5CA5-67B4F7CEF181"/>
</indexColumnUsage>
</ind_PK_UK>
<ind_PK_UK id="145B81BE-C271-786C-C008-415C6D24E989" schemaObject="B9747E78-31C9-E033-1072-BFCA55C723C9" name="MO05_PK">
<sourceConnName>Browser@C01L</sourceConnName>
<sourceObjSchema>MORPHMASTER</sourceObjSchema>
<sourceObjName>MO05_PK</sourceObjName>
<createdBy>Duncan.Taylor</createdBy>
<createdTime>2018-07-25 11:57:20 UTC</createdTime>
<ownerDesignName>cdb_c01l</ownerDesignName>
<indexState>Unique Plain Index</indexState>
<isSurrogateKey>false</isSurrogateKey>
<indexColumnUsage>
<colUsage columnID="C07CC681-41C3-4ED4-EFCB-CB7494D620C4"/>
</indexColumnUsage>
</ind_PK_UK>
<ind_PK_UK id="706DDAF3-1FA9-2FAC-E0D0-CFB0A3439D36" name="MO05_MO03_FK">
<createdBy>Duncan.Taylor</createdBy>
<createdTime>2018-07-25 11:57:41 UTC</createdTime>
<ownerDesignName>cdb_c01l</ownerDesignName>
<indexState>Foreign Key</indexState>
<isSurrogateKey>false</isSurrogateKey>
<indexColumnUsage>
<colUsage columnID="C1CDB8E5-78C3-6A16-9C90-B922B7796452"/>
</indexColumnUsage>
</ind_PK_UK>
<ind_PK_UK id="E87958DC-79C0-DAD0-DF52-5DA641FD4213" name="MO05_MO04_FK">
<createdBy>Duncan.Taylor</createdBy>
<createdTime>2018-07-25 11:57:41 UTC</createdTime>
<ownerDesignName>cdb_c01l</ownerDesignName>
<indexState>Foreign Key</indexState>
<isSurrogateKey>false</isSurrogateKey>
<indexColumnUsage>
<colUsage columnID="B87DEE9B-D79C-6DEF-5CA5-67B4F7CEF181"/>
</indexColumnUsage>
</ind_PK_UK>
</indexes>
</Table>