<?xml version = '1.0' encoding = 'UTF-8'?>
<Table class="oracle.dbtools.crest.model.design.relational.Table" directorySegmentName="seg_20" id="44B9D5E7-11E9-B6E8-A6DF-A53AA562FB38" schemaObject="B9747E78-31C9-E033-1072-BFCA55C723C9" name="MO16_RIPARIAN_VEG_CATEGORIES">
<sourceConnName>Browser@C01L</sourceConnName>
<sourceObjSchema>MORPHMASTER</sourceObjSchema>
<sourceObjName>MO16_RIPARIAN_VEG_CATEGORIES</sourceObjName>
<createdBy>Duncan.Taylor</createdBy>
<createdTime>2018-07-25 11:56:53 UTC</createdTime>
<ownerDesignName>cdb_morphmaster</ownerDesignName>
<abbreviation>MO16</abbreviation>
<allowColumnReorder>false</allowColumnReorder>
<existDependencyGenerateInDDl>true</existDependencyGenerateInDDl>
<parsed>true</parsed>
<columns itemClass="oracle.dbtools.crest.model.design.relational.Column">
<Column name="ST_CODE" id="E7F45653-20E6-AD0C-C388-A1DCF48CC9B7">
<sourceConnName>Browser@C01L</sourceConnName>
<sourceObjSchema>MO16_RIPARIAN_VEG_CATEGORIES</sourceObjSchema>
<sourceObjName>ST_CODE</sourceObjName>
<createdBy>Duncan.Taylor</createdBy>
<createdTime>2018-07-25 11:57:08 UTC</createdTime>
<ownerDesignName>cdb_morphmaster</ownerDesignName>
<useDomainConstraints>false</useDomainConstraints>
<use>1</use>
<logicalDatatype>LOGDT024</logicalDatatype>
<dataTypeSize>4 BYTE</dataTypeSize>
<ownDataTypeParameters>4 BYTE,,</ownDataTypeParameters>
<autoIncrementCycle>false</autoIncrementCycle>
</Column>
<Column name="CATEGORY" id="A32258ED-77C5-5168-E1D6-A9B4C6B0B887">
<sourceConnName>Browser@C01L</sourceConnName>
<sourceObjSchema>MO16_RIPARIAN_VEG_CATEGORIES</sourceObjSchema>
<sourceObjName>CATEGORY</sourceObjName>
<createdBy>Duncan.Taylor</createdBy>
<createdTime>2018-07-25 11:57:08 UTC</createdTime>
<ownerDesignName>cdb_morphmaster</ownerDesignName>
<useDomainConstraints>false</useDomainConstraints>
<use>1</use>
<logicalDatatype>LOGDT019</logicalDatatype>
<dataTypePrecision>3</dataTypePrecision>
<dataTypeScale>0</dataTypeScale>
<ownDataTypeParameters>,3,0</ownDataTypeParameters>
<autoIncrementCycle>false</autoIncrementCycle>
</Column>
<Column name="SHORT_DESCRIPTION" id="F69E908E-933F-1E33-2B56-24CBC6DED959">
<sourceConnName>Browser@C01L</sourceConnName>
<sourceObjSchema>MO16_RIPARIAN_VEG_CATEGORIES</sourceObjSchema>
<sourceObjName>SHORT_DESCRIPTION</sourceObjName>
<createdBy>Duncan.Taylor</createdBy>
<createdTime>2018-07-25 11:57:08 UTC</createdTime>
<ownerDesignName>cdb_morphmaster</ownerDesignName>
<nullsAllowed>true</nullsAllowed>
<useDomainConstraints>false</useDomainConstraints>
<use>1</use>
<logicalDatatype>LOGDT024</logicalDatatype>
<dataTypeSize>30 BYTE</dataTypeSize>
<ownDataTypeParameters>30 BYTE,,</ownDataTypeParameters>
<autoIncrementCycle>false</autoIncrementCycle>
</Column>
<Column name="LONG_DESCRIPTION" id="9008A122-374A-2FE9-2586-6DC3802BF5C3">
<sourceConnName>Browser@C01L</sourceConnName>
<sourceObjSchema>MO16_RIPARIAN_VEG_CATEGORIES</sourceObjSchema>
<sourceObjName>LONG_DESCRIPTION</sourceObjName>
<createdBy>Duncan.Taylor</createdBy>
<createdTime>2018-07-25 11:57:08 UTC</createdTime>
<ownerDesignName>cdb_morphmaster</ownerDesignName>
<nullsAllowed>true</nullsAllowed>
<useDomainConstraints>false</useDomainConstraints>
<use>1</use>
<logicalDatatype>LOGDT024</logicalDatatype>
<dataTypeSize>240 BYTE</dataTypeSize>
<ownDataTypeParameters>240 BYTE,,</ownDataTypeParameters>
<autoIncrementCycle>false</autoIncrementCycle>
</Column>
</columns>
<indexes itemClass="oracle.dbtools.crest.model.design.relational.Index">
<ind_PK_UK id="79183ADB-A318-466C-6E3C-EC44025455CD" name="MO16_PK">
<sourceConnName>Browser@C01L</sourceConnName>
<sourceObjSchema>MORPHMASTER</sourceObjSchema>
<sourceObjName>MO16_PK</sourceObjName>
<createdBy>Duncan.Taylor</createdBy>
<createdTime>2018-07-25 11:57:29 UTC</createdTime>
<ownerDesignName>cdb_morphmaster</ownerDesignName>
<pk>true</pk>
<indexState>Primary Constraint</indexState>
<isSurrogateKey>false</isSurrogateKey>
<indexColumnUsage>
<colUsage columnID="E7F45653-20E6-AD0C-C388-A1DCF48CC9B7"/>
<colUsage columnID="A32258ED-77C5-5168-E1D6-A9B4C6B0B887"/>
</indexColumnUsage>
</ind_PK_UK>
<ind_PK_UK id="A3612A58-42DA-2AE0-2024-C37DD3981E80" schemaObject="B9747E78-31C9-E033-1072-BFCA55C723C9" name="MO16_PK">
<sourceConnName>Browser@C01L</sourceConnName>
<sourceObjSchema>MORPHMASTER</sourceObjSchema>
<sourceObjName>MO16_PK</sourceObjName>
<createdBy>Duncan.Taylor</createdBy>
<createdTime>2018-07-25 11:57:20 UTC</createdTime>
<ownerDesignName>cdb_morphmaster</ownerDesignName>
<indexState>Unique Plain Index</indexState>
<isSurrogateKey>false</isSurrogateKey>
<indexColumnUsage>
<colUsage columnID="E7F45653-20E6-AD0C-C388-A1DCF48CC9B7"/>
<colUsage columnID="A32258ED-77C5-5168-E1D6-A9B4C6B0B887"/>
</indexColumnUsage>
</ind_PK_UK>
</indexes>
</Table>