<?xml version = '1.0' encoding = 'UTF-8'?>
<Table class="oracle.dbtools.crest.model.design.relational.Table" directorySegmentName="seg_20" id="546AA26A-5467-AB53-C6FF-80681533B4B5" schemaObject="B9747E78-31C9-E033-1072-BFCA55C723C9" name="MO36_ATTRIBUTE_LOOKUP">
<sourceConnName>Browser@C01L</sourceConnName>
<sourceObjSchema>MORPHMASTER</sourceObjSchema>
<sourceObjName>MO36_ATTRIBUTE_LOOKUP</sourceObjName>
<createdBy>Duncan.Taylor</createdBy>
<createdTime>2018-07-25 11:56:53 UTC</createdTime>
<ownerDesignName>cdb_morphmaster</ownerDesignName>
<allowColumnReorder>false</allowColumnReorder>
<existDependencyGenerateInDDl>true</existDependencyGenerateInDDl>
<parsed>true</parsed>
<columns itemClass="oracle.dbtools.crest.model.design.relational.Column">
<Column name="LOOKUP_ID" id="E474A558-9D17-8EE1-4E9C-683B0DC85986">
<sourceConnName>Browser@C01L</sourceConnName>
<sourceObjSchema>MO36_ATTRIBUTE_LOOKUP</sourceObjSchema>
<sourceObjName>LOOKUP_ID</sourceObjName>
<createdBy>Duncan.Taylor</createdBy>
<createdTime>2018-07-25 11:57:08 UTC</createdTime>
<ownerDesignName>cdb_morphmaster</ownerDesignName>
<useDomainConstraints>false</useDomainConstraints>
<use>1</use>
<logicalDatatype>LOGDT019</logicalDatatype>
<dataTypePrecision>6</dataTypePrecision>
<dataTypeScale>0</dataTypeScale>
<ownDataTypeParameters>,6,0</ownDataTypeParameters>
<autoIncrementCycle>false</autoIncrementCycle>
</Column>
<Column name="ATTRIBUTE_ID" id="A9E164AE-FD56-0B66-EE85-F1796D638BA1">
<sourceConnName>Browser@C01L</sourceConnName>
<sourceObjSchema>MO36_ATTRIBUTE_LOOKUP</sourceObjSchema>
<sourceObjName>ATTRIBUTE_ID</sourceObjName>
<createdBy>Duncan.Taylor</createdBy>
<createdTime>2018-07-25 11:57:08 UTC</createdTime>
<ownerDesignName>cdb_morphmaster</ownerDesignName>
<useDomainConstraints>false</useDomainConstraints>
<use>1</use>
<logicalDatatype>LOGDT019</logicalDatatype>
<dataTypePrecision>10</dataTypePrecision>
<dataTypeScale>0</dataTypeScale>
<ownDataTypeParameters>,10,0</ownDataTypeParameters>
<autoIncrementCycle>false</autoIncrementCycle>
<associations>
<colAssociation fkAssociation="E1EB9953-7842-F51D-A5DC-3099D22A45EC" referredColumn="6CA76CB5-AB97-5462-4C2D-E65E00A7B401"/>
</associations>
</Column>
<Column name="ABBREV" id="234832D4-2437-C68D-687C-35F2426A624C">
<sourceConnName>Browser@C01L</sourceConnName>
<sourceObjSchema>MO36_ATTRIBUTE_LOOKUP</sourceObjSchema>
<sourceObjName>ABBREV</sourceObjName>
<createdBy>Duncan.Taylor</createdBy>
<createdTime>2018-07-25 11:57:08 UTC</createdTime>
<ownerDesignName>cdb_morphmaster</ownerDesignName>
<useDomainConstraints>false</useDomainConstraints>
<use>1</use>
<logicalDatatype>LOGDT024</logicalDatatype>
<dataTypeSize>4 BYTE</dataTypeSize>
<ownDataTypeParameters>4 BYTE,,</ownDataTypeParameters>
<autoIncrementCycle>false</autoIncrementCycle>
</Column>
<Column name="ATTRIBUTE_VALUE" id="79C5E3A5-AFD3-8433-D5FF-F30DE6340314">
<sourceConnName>Browser@C01L</sourceConnName>
<sourceObjSchema>MO36_ATTRIBUTE_LOOKUP</sourceObjSchema>
<sourceObjName>ATTRIBUTE_VALUE</sourceObjName>
<createdBy>Duncan.Taylor</createdBy>
<createdTime>2018-07-25 11:57:08 UTC</createdTime>
<ownerDesignName>cdb_morphmaster</ownerDesignName>
<useDomainConstraints>false</useDomainConstraints>
<use>1</use>
<logicalDatatype>LOGDT024</logicalDatatype>
<dataTypeSize>30 BYTE</dataTypeSize>
<ownDataTypeParameters>30 BYTE,,</ownDataTypeParameters>
<autoIncrementCycle>false</autoIncrementCycle>
</Column>
<Column name="ACTIVITY_SCOPE" id="3D2DC0E9-0ECD-92F9-7410-B8F224734D45">
<sourceConnName>Browser@C01L</sourceConnName>
<sourceObjSchema>MO36_ATTRIBUTE_LOOKUP</sourceObjSchema>
<sourceObjName>ACTIVITY_SCOPE</sourceObjName>
<createdBy>Duncan.Taylor</createdBy>
<createdTime>2018-07-25 11:57:08 UTC</createdTime>
<ownerDesignName>cdb_morphmaster</ownerDesignName>
<nullsAllowed>true</nullsAllowed>
<useDomainConstraints>false</useDomainConstraints>
<use>1</use>
<logicalDatatype>LOGDT024</logicalDatatype>
<dataTypeSize>250 BYTE</dataTypeSize>
<ownDataTypeParameters>250 BYTE,,</ownDataTypeParameters>
<autoIncrementCycle>false</autoIncrementCycle>
</Column>
<Column name="ATTRIBUTE_DESCRIPTION" id="5CB66CAE-0D89-619A-C6A0-8B83A4C1C7D6">
<sourceConnName>Browser@C01L</sourceConnName>
<sourceObjSchema>MO36_ATTRIBUTE_LOOKUP</sourceObjSchema>
<sourceObjName>ATTRIBUTE_DESCRIPTION</sourceObjName>
<createdBy>Duncan.Taylor</createdBy>
<createdTime>2018-07-25 11:57:08 UTC</createdTime>
<ownerDesignName>cdb_morphmaster</ownerDesignName>
<nullsAllowed>true</nullsAllowed>
<useDomainConstraints>false</useDomainConstraints>
<use>1</use>
<logicalDatatype>LOGDT024</logicalDatatype>
<dataTypeSize>80 BYTE</dataTypeSize>
<ownDataTypeParameters>80 BYTE,,</ownDataTypeParameters>
<autoIncrementCycle>false</autoIncrementCycle>
</Column>
</columns>
<indexes itemClass="oracle.dbtools.crest.model.design.relational.Index">
<ind_PK_UK id="EF5EC636-92D9-2245-12E6-92A3D189F720" name="MO36_PK">
<sourceConnName>Browser@C01L</sourceConnName>
<sourceObjSchema>MORPHMASTER</sourceObjSchema>
<sourceObjName>MO36_PK</sourceObjName>
<createdBy>Duncan.Taylor</createdBy>
<createdTime>2018-07-25 11:57:29 UTC</createdTime>
<ownerDesignName>cdb_morphmaster</ownerDesignName>
<pk>true</pk>
<indexState>Primary Constraint</indexState>
<isSurrogateKey>false</isSurrogateKey>
<indexColumnUsage>
<colUsage columnID="E474A558-9D17-8EE1-4E9C-683B0DC85986"/>
</indexColumnUsage>
</ind_PK_UK>
<ind_PK_UK id="52E98A79-2ACB-1520-A62F-97DFE0503740" schemaObject="B9747E78-31C9-E033-1072-BFCA55C723C9" name="MO36_PK">
<sourceConnName>Browser@C01L</sourceConnName>
<sourceObjSchema>MORPHMASTER</sourceObjSchema>
<sourceObjName>MO36_PK</sourceObjName>
<createdBy>Duncan.Taylor</createdBy>
<createdTime>2018-07-25 11:57:20 UTC</createdTime>
<ownerDesignName>cdb_morphmaster</ownerDesignName>
<indexState>Unique Plain Index</indexState>
<isSurrogateKey>false</isSurrogateKey>
<indexColumnUsage>
<colUsage columnID="E474A558-9D17-8EE1-4E9C-683B0DC85986"/>
</indexColumnUsage>
</ind_PK_UK>
<ind_PK_UK id="537F57C9-D981-A62C-9392-D82C27DDF342" name="MO36_MO31_FK">
<createdBy>Duncan.Taylor</createdBy>
<createdTime>2018-07-25 11:57:41 UTC</createdTime>
<ownerDesignName>cdb_morphmaster</ownerDesignName>
<indexState>Foreign Key</indexState>
<isSurrogateKey>false</isSurrogateKey>
<indexColumnUsage>
<colUsage columnID="A9E164AE-FD56-0B66-EE85-F1796D638BA1"/>
</indexColumnUsage>
</ind_PK_UK>
</indexes>
</Table>