<?xml version = '1.0' encoding = 'UTF-8'?>
<Table class="oracle.dbtools.crest.model.design.relational.Table" directorySegmentName="seg_20" id="596C9C6B-FB76-D99A-8433-E12A50A44EAE" schemaObject="B9747E78-31C9-E033-1072-BFCA55C723C9" name="MO96_SCREENING_EXCLUDED_PAS">
<sourceConnName>Browser@C01L</sourceConnName>
<sourceObjSchema>MORPHMASTER</sourceObjSchema>
<sourceObjName>MO96_SCREENING_EXCLUDED_PAS</sourceObjName>
<createdBy>Duncan.Taylor</createdBy>
<createdTime>2018-07-25 11:56:53 UTC</createdTime>
<ownerDesignName>cdb_morphmaster</ownerDesignName>
<allowColumnReorder>false</allowColumnReorder>
<existDependencyGenerateInDDl>true</existDependencyGenerateInDDl>
<parsed>true</parsed>
<columns itemClass="oracle.dbtools.crest.model.design.relational.Column">
<Column name="PA_ID" id="AA9ED9A3-73A9-CB06-1DD2-7EC61276C6D5">
<sourceConnName>Browser@C01L</sourceConnName>
<sourceObjSchema>MO96_SCREENING_EXCLUDED_PAS</sourceObjSchema>
<sourceObjName>PA_ID</sourceObjName>
<createdBy>Duncan.Taylor</createdBy>
<createdTime>2018-07-25 11:57:08 UTC</createdTime>
<ownerDesignName>cdb_morphmaster</ownerDesignName>
<useDomainConstraints>false</useDomainConstraints>
<use>1</use>
<logicalDatatype>LOGDT024</logicalDatatype>
<dataTypeSize>15 BYTE</dataTypeSize>
<ownDataTypeParameters>15 BYTE,,</ownDataTypeParameters>
<autoIncrementCycle>false</autoIncrementCycle>
<associations>
<colAssociation fkAssociation="8545EA28-E78E-0AB8-2059-0674B5F0481D" referredColumn="37B5FD5E-D77B-A693-2BAA-3BBE7A46C1AF"/>
</associations>
</Column>
<Column name="MIDAS_NO" id="BD3B56AD-4FB9-5AAA-131E-BAE0D70B2D85">
<sourceConnName>Browser@C01L</sourceConnName>
<sourceObjSchema>MO96_SCREENING_EXCLUDED_PAS</sourceObjSchema>
<sourceObjName>MIDAS_NO</sourceObjName>
<createdBy>Duncan.Taylor</createdBy>
<createdTime>2018-07-25 11:57:08 UTC</createdTime>
<ownerDesignName>cdb_morphmaster</ownerDesignName>
<useDomainConstraints>false</useDomainConstraints>
<use>1</use>
<logicalDatatype>LOGDT019</logicalDatatype>
<dataTypePrecision>6</dataTypePrecision>
<dataTypeScale>0</dataTypeScale>
<ownDataTypeParameters>,6,0</ownDataTypeParameters>
<autoIncrementCycle>false</autoIncrementCycle>
</Column>
<Column name="EXCLUDED_TYPE" id="8999A5EB-EC7C-6311-0926-1DD78F7E8E9B">
<sourceConnName>Browser@C01L</sourceConnName>
<sourceObjSchema>MO96_SCREENING_EXCLUDED_PAS</sourceObjSchema>
<sourceObjName>EXCLUDED_TYPE</sourceObjName>
<createdBy>Duncan.Taylor</createdBy>
<createdTime>2018-07-25 11:57:08 UTC</createdTime>
<ownerDesignName>cdb_morphmaster</ownerDesignName>
<useDomainConstraints>false</useDomainConstraints>
<use>1</use>
<logicalDatatype>LOGDT024</logicalDatatype>
<dataTypeSize>1 BYTE</dataTypeSize>
<ownDataTypeParameters>1 BYTE,,</ownDataTypeParameters>
<autoIncrementCycle>false</autoIncrementCycle>
</Column>
</columns>
<indexes itemClass="oracle.dbtools.crest.model.design.relational.Index">
<ind_PK_UK id="81D15840-EC3B-A734-2125-74BF927B8BFF" name="MO96_PK">
<sourceConnName>Browser@C01L</sourceConnName>
<sourceObjSchema>MORPHMASTER</sourceObjSchema>
<sourceObjName>MO96_PK</sourceObjName>
<createdBy>Duncan.Taylor</createdBy>
<createdTime>2018-07-25 11:57:29 UTC</createdTime>
<ownerDesignName>cdb_morphmaster</ownerDesignName>
<pk>true</pk>
<indexState>Primary Constraint</indexState>
<isSurrogateKey>false</isSurrogateKey>
<indexColumnUsage>
<colUsage columnID="AA9ED9A3-73A9-CB06-1DD2-7EC61276C6D5"/>
<colUsage columnID="8999A5EB-EC7C-6311-0926-1DD78F7E8E9B"/>
</indexColumnUsage>
</ind_PK_UK>
<ind_PK_UK id="05029B88-BD76-6349-2F49-1202C6669B4F" schemaObject="B9747E78-31C9-E033-1072-BFCA55C723C9" name="MO96_PK">
<sourceConnName>Browser@C01L</sourceConnName>
<sourceObjSchema>MORPHMASTER</sourceObjSchema>
<sourceObjName>MO96_PK</sourceObjName>
<createdBy>Duncan.Taylor</createdBy>
<createdTime>2018-07-25 11:57:20 UTC</createdTime>
<ownerDesignName>cdb_morphmaster</ownerDesignName>
<indexState>Unique Plain Index</indexState>
<isSurrogateKey>false</isSurrogateKey>
<indexColumnUsage>
<colUsage columnID="AA9ED9A3-73A9-CB06-1DD2-7EC61276C6D5"/>
<colUsage columnID="8999A5EB-EC7C-6311-0926-1DD78F7E8E9B"/>
</indexColumnUsage>
</ind_PK_UK>
<ind_PK_UK id="F284C2E8-7474-A1EB-5249-7DC9D9F47B7C" name="MO96_WF11_FK">
<createdBy>Duncan.Taylor</createdBy>
<createdTime>2018-07-25 11:57:41 UTC</createdTime>
<ownerDesignName>cdb_morphmaster</ownerDesignName>
<indexState>Foreign Key</indexState>
<isSurrogateKey>false</isSurrogateKey>
<indexColumnUsage>
<colUsage columnID="AA9ED9A3-73A9-CB06-1DD2-7EC61276C6D5"/>
</indexColumnUsage>
</ind_PK_UK>
</indexes>
</Table>