<?xml version = '1.0' encoding = 'UTF-8'?>
<Table class="oracle.dbtools.crest.model.design.relational.Table" directorySegmentName="seg_20" id="66B08357-2E4D-5FA3-15A6-57CA465884BF" schemaObject="B9747E78-31C9-E033-1072-BFCA55C723C9" name="MO99_SCREENING">
<sourceConnName>Browser@C01L</sourceConnName>
<sourceObjSchema>MORPHMASTER</sourceObjSchema>
<sourceObjName>MO99_SCREENING</sourceObjName>
<createdBy>Duncan.Taylor</createdBy>
<createdTime>2018-07-25 11:56:53 UTC</createdTime>
<ownerDesignName>cdb_morphmaster</ownerDesignName>
<allowColumnReorder>false</allowColumnReorder>
<existDependencyGenerateInDDl>true</existDependencyGenerateInDDl>
<parsed>true</parsed>
<columns itemClass="oracle.dbtools.crest.model.design.relational.Column">
<Column name="SCREENING_NUMBER" id="A25A615E-9218-D398-045C-6F74F1B6C244">
<sourceConnName>Browser@C01L</sourceConnName>
<sourceObjSchema>MO99_SCREENING</sourceObjSchema>
<sourceObjName>SCREENING_NUMBER</sourceObjName>
<createdBy>Duncan.Taylor</createdBy>
<createdTime>2018-07-25 11:57:08 UTC</createdTime>
<ownerDesignName>cdb_morphmaster</ownerDesignName>
<useDomainConstraints>false</useDomainConstraints>
<use>1</use>
<logicalDatatype>LOGDT019</logicalDatatype>
<ownDataTypeParameters>,,</ownDataTypeParameters>
<autoIncrementCycle>false</autoIncrementCycle>
</Column>
<Column name="NGR" id="D17DBE11-6341-F6CE-59C9-95814215BF2E">
<sourceConnName>Browser@C01L</sourceConnName>
<sourceObjSchema>MO99_SCREENING</sourceObjSchema>
<sourceObjName>NGR</sourceObjName>
<createdBy>Duncan.Taylor</createdBy>
<createdTime>2018-07-25 11:57:08 UTC</createdTime>
<ownerDesignName>cdb_morphmaster</ownerDesignName>
<useDomainConstraints>false</useDomainConstraints>
<use>1</use>
<logicalDatatype>LOGDT024</logicalDatatype>
<dataTypeSize>14 BYTE</dataTypeSize>
<ownDataTypeParameters>14 BYTE,,</ownDataTypeParameters>
<autoIncrementCycle>false</autoIncrementCycle>
</Column>
<Column name="NGR_EASTING" id="94617B4C-477E-BFDA-63B5-9CBCF23ABA6E">
<sourceConnName>Browser@C01L</sourceConnName>
<sourceObjSchema>MO99_SCREENING</sourceObjSchema>
<sourceObjName>NGR_EASTING</sourceObjName>
<createdBy>Duncan.Taylor</createdBy>
<createdTime>2018-07-25 11:57:08 UTC</createdTime>
<ownerDesignName>cdb_morphmaster</ownerDesignName>
<nullsAllowed>true</nullsAllowed>
<useDomainConstraints>false</useDomainConstraints>
<use>1</use>
<logicalDatatype>LOGDT019</logicalDatatype>
<ownDataTypeParameters>,,</ownDataTypeParameters>
<autoIncrementCycle>false</autoIncrementCycle>
</Column>
<Column name="NGR_NORTHING" id="21D0258A-A958-4D08-B8F8-9277BDB2A85F">
<sourceConnName>Browser@C01L</sourceConnName>
<sourceObjSchema>MO99_SCREENING</sourceObjSchema>
<sourceObjName>NGR_NORTHING</sourceObjName>
<createdBy>Duncan.Taylor</createdBy>
<createdTime>2018-07-25 11:57:08 UTC</createdTime>
<ownerDesignName>cdb_morphmaster</ownerDesignName>
<nullsAllowed>true</nullsAllowed>
<useDomainConstraints>false</useDomainConstraints>
<use>1</use>
<logicalDatatype>LOGDT019</logicalDatatype>
<ownDataTypeParameters>,,</ownDataTypeParameters>
<autoIncrementCycle>false</autoIncrementCycle>
</Column>
<Column name="SNAPPED_EASTING" id="8B553ABB-4469-DF7A-512A-ECB69A208484">
<sourceConnName>Browser@C01L</sourceConnName>
<sourceObjSchema>MO99_SCREENING</sourceObjSchema>
<sourceObjName>SNAPPED_EASTING</sourceObjName>
<createdBy>Duncan.Taylor</createdBy>
<createdTime>2018-07-25 11:57:08 UTC</createdTime>
<ownerDesignName>cdb_morphmaster</ownerDesignName>
<nullsAllowed>true</nullsAllowed>
<useDomainConstraints>false</useDomainConstraints>
<use>1</use>
<logicalDatatype>LOGDT019</logicalDatatype>
<ownDataTypeParameters>,,</ownDataTypeParameters>
<autoIncrementCycle>false</autoIncrementCycle>
</Column>
<Column name="SNAPPED_NORTHING" id="1C5E2847-3419-357C-DCE9-2ADC40FF7085">
<sourceConnName>Browser@C01L</sourceConnName>
<sourceObjSchema>MO99_SCREENING</sourceObjSchema>
<sourceObjName>SNAPPED_NORTHING</sourceObjName>
<createdBy>Duncan.Taylor</createdBy>
<createdTime>2018-07-25 11:57:08 UTC</createdTime>
<ownerDesignName>cdb_morphmaster</ownerDesignName>
<nullsAllowed>true</nullsAllowed>
<useDomainConstraints>false</useDomainConstraints>
<use>1</use>
<logicalDatatype>LOGDT019</logicalDatatype>
<ownDataTypeParameters>,,</ownDataTypeParameters>
<autoIncrementCycle>false</autoIncrementCycle>
</Column>
<Column name="ACTIVITY_APPLIED_FOR" id="D6B4FB90-2A4B-14BB-EF35-DB740B50FB17">
<sourceConnName>Browser@C01L</sourceConnName>
<sourceObjSchema>MO99_SCREENING</sourceObjSchema>
<sourceObjName>ACTIVITY_APPLIED_FOR</sourceObjName>
<createdBy>Duncan.Taylor</createdBy>
<createdTime>2018-07-25 11:57:08 UTC</createdTime>
<ownerDesignName>cdb_morphmaster</ownerDesignName>
<nullsAllowed>true</nullsAllowed>
<useDomainConstraints>false</useDomainConstraints>
<use>1</use>
<logicalDatatype>LOGDT024</logicalDatatype>
<dataTypeSize>2 BYTE</dataTypeSize>
<ownDataTypeParameters>2 BYTE,,</ownDataTypeParameters>
<autoIncrementCycle>false</autoIncrementCycle>
<associations>
<colAssociation fkAssociation="45128E0C-9B76-4907-9A53-7F6D85DB8D5A" referredColumn="49E58C1E-1B73-B92C-E397-F7E221EF603A"/>
</associations>
</Column>
<Column name="IN_WATER_WORKING" id="2C6F4317-B576-A405-24E3-4BF0C2ACF3C1">
<sourceConnName>Browser@C01L</sourceConnName>
<sourceObjSchema>MO99_SCREENING</sourceObjSchema>
<sourceObjName>IN_WATER_WORKING</sourceObjName>
<createdBy>Duncan.Taylor</createdBy>
<createdTime>2018-07-25 11:57:08 UTC</createdTime>
<ownerDesignName>cdb_morphmaster</ownerDesignName>
<useDomainConstraints>false</useDomainConstraints>
<use>1</use>
<logicalDatatype>LOGDT024</logicalDatatype>
<dataTypeSize>3 BYTE</dataTypeSize>
<ownDataTypeParameters>3 BYTE,,</ownDataTypeParameters>
<autoIncrementCycle>false</autoIncrementCycle>
</Column>
<Column name="KNOWN_TO_BE_IN_PA" id="B2A826F3-BB35-95C3-8549-C286F05F19EA">
<sourceConnName>Browser@C01L</sourceConnName>
<sourceObjSchema>MO99_SCREENING</sourceObjSchema>
<sourceObjName>KNOWN_TO_BE_IN_PA</sourceObjName>
<createdBy>Duncan.Taylor</createdBy>
<createdTime>2018-07-25 11:57:08 UTC</createdTime>
<ownerDesignName>cdb_morphmaster</ownerDesignName>
<useDomainConstraints>false</useDomainConstraints>
<use>1</use>
<logicalDatatype>LOGDT024</logicalDatatype>
<dataTypeSize>3 BYTE</dataTypeSize>
<ownDataTypeParameters>3 BYTE,,</ownDataTypeParameters>
<autoIncrementCycle>false</autoIncrementCycle>
</Column>
<Column name="SNH_PM_CONFIRMATION_GIVEN" id="DACC0CC5-A7E3-33D5-85EF-B203E8579860">
<sourceConnName>Browser@C01L</sourceConnName>
<sourceObjSchema>MO99_SCREENING</sourceObjSchema>
<sourceObjName>SNH_PM_CONFIRMATION_GIVEN</sourceObjName>
<createdBy>Duncan.Taylor</createdBy>
<createdTime>2018-07-25 11:57:08 UTC</createdTime>
<ownerDesignName>cdb_morphmaster</ownerDesignName>
<useDomainConstraints>false</useDomainConstraints>
<use>1</use>
<logicalDatatype>LOGDT024</logicalDatatype>
<dataTypeSize>3 BYTE</dataTypeSize>
<ownDataTypeParameters>3 BYTE,,</ownDataTypeParameters>
<autoIncrementCycle>false</autoIncrementCycle>
</Column>
<Column name="REMOVAL_ACTIVITY" id="47BFA7D4-3522-CC49-F998-8EBAD091BDC2">
<sourceConnName>Browser@C01L</sourceConnName>
<sourceObjSchema>MO99_SCREENING</sourceObjSchema>
<sourceObjName>REMOVAL_ACTIVITY</sourceObjName>
<createdBy>Duncan.Taylor</createdBy>
<createdTime>2018-07-25 11:57:08 UTC</createdTime>
<ownerDesignName>cdb_morphmaster</ownerDesignName>
<useDomainConstraints>false</useDomainConstraints>
<use>1</use>
<logicalDatatype>LOGDT024</logicalDatatype>
<dataTypeSize>3 BYTE</dataTypeSize>
<ownDataTypeParameters>3 BYTE,,</ownDataTypeParameters>
<autoIncrementCycle>false</autoIncrementCycle>
</Column>
<Column name="DATE_OF_SCREENING" id="FA03B5CE-609F-891B-0D90-C1D7065BD034">
<sourceConnName>Browser@C01L</sourceConnName>
<sourceObjSchema>MO99_SCREENING</sourceObjSchema>
<sourceObjName>DATE_OF_SCREENING</sourceObjName>
<createdBy>Duncan.Taylor</createdBy>
<createdTime>2018-07-25 11:57:08 UTC</createdTime>
<ownerDesignName>cdb_morphmaster</ownerDesignName>
<useDomainConstraints>false</useDomainConstraints>
<use>1</use>
<logicalDatatype>LOGDT007</logicalDatatype>
<dataTypeSize>7</dataTypeSize>
<ownDataTypeParameters>7,,</ownDataTypeParameters>
<autoIncrementCycle>false</autoIncrementCycle>
</Column>
<Column name="SCREENING_USER" id="DCBF2915-64D5-1217-14EA-BBDB64961782">
<sourceConnName>Browser@C01L</sourceConnName>
<sourceObjSchema>MO99_SCREENING</sourceObjSchema>
<sourceObjName>SCREENING_USER</sourceObjName>
<createdBy>Duncan.Taylor</createdBy>
<createdTime>2018-07-25 11:57:08 UTC</createdTime>
<ownerDesignName>cdb_morphmaster</ownerDesignName>
<useDomainConstraints>false</useDomainConstraints>
<use>1</use>
<logicalDatatype>LOGDT024</logicalDatatype>
<dataTypeSize>256 BYTE</dataTypeSize>
<ownDataTypeParameters>256 BYTE,,</ownDataTypeParameters>
<autoIncrementCycle>false</autoIncrementCycle>
</Column>
<Column name="PROXIMITY_TEST" id="AB716BCD-B770-22CE-D900-0FC87A5D9FE7">
<sourceConnName>Browser@C01L</sourceConnName>
<sourceObjSchema>MO99_SCREENING</sourceObjSchema>
<sourceObjName>PROXIMITY_TEST</sourceObjName>
<createdBy>Duncan.Taylor</createdBy>
<createdTime>2018-07-25 11:57:08 UTC</createdTime>
<ownerDesignName>cdb_morphmaster</ownerDesignName>
<useDomainConstraints>false</useDomainConstraints>
<use>1</use>
<logicalDatatype>LOGDT024</logicalDatatype>
<dataTypeSize>4 BYTE</dataTypeSize>
<ownDataTypeParameters>4 BYTE,,</ownDataTypeParameters>
<autoIncrementCycle>false</autoIncrementCycle>
</Column>
<Column name="DISTANCE_TO_RIVER_IN_METRES" id="D9DBFF41-5EF3-4504-B1CA-71A3F04B7EE2">
<sourceConnName>Browser@C01L</sourceConnName>
<sourceObjSchema>MO99_SCREENING</sourceObjSchema>
<sourceObjName>DISTANCE_TO_RIVER_IN_METRES</sourceObjName>
<createdBy>Duncan.Taylor</createdBy>
<createdTime>2018-07-25 11:57:08 UTC</createdTime>
<ownerDesignName>cdb_morphmaster</ownerDesignName>
<nullsAllowed>true</nullsAllowed>
<useDomainConstraints>false</useDomainConstraints>
<use>1</use>
<logicalDatatype>LOGDT019</logicalDatatype>
<dataTypePrecision>6</dataTypePrecision>
<dataTypeScale>0</dataTypeScale>
<ownDataTypeParameters>,6,0</ownDataTypeParameters>
<autoIncrementCycle>false</autoIncrementCycle>
</Column>
<Column name="WB_ID" id="E24DF1D2-4289-5224-635E-E2B7AEDF0C87">
<sourceConnName>Browser@C01L</sourceConnName>
<sourceObjSchema>MO99_SCREENING</sourceObjSchema>
<sourceObjName>WB_ID</sourceObjName>
<createdBy>Duncan.Taylor</createdBy>
<createdTime>2018-07-25 11:57:08 UTC</createdTime>
<ownerDesignName>cdb_morphmaster</ownerDesignName>
<nullsAllowed>true</nullsAllowed>
<useDomainConstraints>false</useDomainConstraints>
<use>1</use>
<logicalDatatype>LOGDT019</logicalDatatype>
<dataTypePrecision>6</dataTypePrecision>
<dataTypeScale>0</dataTypeScale>
<ownDataTypeParameters>,6,0</ownDataTypeParameters>
<autoIncrementCycle>false</autoIncrementCycle>
<associations>
<colAssociation fkAssociation="6524A960-8014-5464-4E6C-404F97549D73" referredColumn="F5280911-80DD-85BD-7FDB-09FCE95CCE3A"/>
</associations>
</Column>
<Column name="BASELINE" id="8EC4A620-4578-1C93-3067-BF9C1DCB36EB">
<sourceConnName>Browser@C01L</sourceConnName>
<sourceObjSchema>MO99_SCREENING</sourceObjSchema>
<sourceObjName>BASELINE</sourceObjName>
<createdBy>Duncan.Taylor</createdBy>
<createdTime>2018-07-25 11:57:08 UTC</createdTime>
<ownerDesignName>cdb_morphmaster</ownerDesignName>
<useDomainConstraints>false</useDomainConstraints>
<use>1</use>
<logicalDatatype>LOGDT024</logicalDatatype>
<dataTypeSize>3 BYTE</dataTypeSize>
<ownDataTypeParameters>3 BYTE,,</ownDataTypeParameters>
<autoIncrementCycle>false</autoIncrementCycle>
</Column>
<Column name="DEFAULT_DISTANCE_TO_RIVER" id="42962898-54E9-4EEE-76AC-A9A507FBE751">
<sourceConnName>Browser@C01L</sourceConnName>
<sourceObjSchema>MO99_SCREENING</sourceObjSchema>
<sourceObjName>DEFAULT_DISTANCE_TO_RIVER</sourceObjName>
<createdBy>Duncan.Taylor</createdBy>
<createdTime>2018-07-25 11:57:08 UTC</createdTime>
<ownerDesignName>cdb_morphmaster</ownerDesignName>
<useDomainConstraints>false</useDomainConstraints>
<use>1</use>
<logicalDatatype>LOGDT019</logicalDatatype>
<ownDataTypeParameters>,,</ownDataTypeParameters>
<autoIncrementCycle>false</autoIncrementCycle>
</Column>
<Column name="HYDROCODE" id="A522849C-F775-8D6C-B048-B5EB257B963E">
<sourceConnName>Browser@C01L</sourceConnName>
<sourceObjSchema>MO99_SCREENING</sourceObjSchema>
<sourceObjName>HYDROCODE</sourceObjName>
<createdBy>Duncan.Taylor</createdBy>
<createdTime>2018-07-25 11:57:08 UTC</createdTime>
<ownerDesignName>cdb_morphmaster</ownerDesignName>
<nullsAllowed>true</nullsAllowed>
<useDomainConstraints>false</useDomainConstraints>
<use>1</use>
<logicalDatatype>LOGDT024</logicalDatatype>
<dataTypeSize>25 BYTE</dataTypeSize>
<ownDataTypeParameters>25 BYTE,,</ownDataTypeParameters>
<autoIncrementCycle>false</autoIncrementCycle>
</Column>
<Column name="CAPACITY_TEST" id="63D4FC57-99BD-2488-FCED-6C2B66222C69">
<sourceConnName>Browser@C01L</sourceConnName>
<sourceObjSchema>MO99_SCREENING</sourceObjSchema>
<sourceObjName>CAPACITY_TEST</sourceObjName>
<createdBy>Duncan.Taylor</createdBy>
<createdTime>2018-07-25 11:57:08 UTC</createdTime>
<ownerDesignName>cdb_morphmaster</ownerDesignName>
<useDomainConstraints>false</useDomainConstraints>
<use>1</use>
<logicalDatatype>LOGDT024</logicalDatatype>
<dataTypeSize>4 BYTE</dataTypeSize>
<ownDataTypeParameters>4 BYTE,,</ownDataTypeParameters>
<autoIncrementCycle>false</autoIncrementCycle>
</Column>
<Column name="INITIAL_CAPACITY_AVAILABLE" id="212AF92A-6061-9908-E69B-703CC0DE345B">
<sourceConnName>Browser@C01L</sourceConnName>
<sourceObjSchema>MO99_SCREENING</sourceObjSchema>
<sourceObjName>INITIAL_CAPACITY_AVAILABLE</sourceObjName>
<createdBy>Duncan.Taylor</createdBy>
<createdTime>2018-07-25 11:57:08 UTC</createdTime>
<ownerDesignName>cdb_morphmaster</ownerDesignName>
<nullsAllowed>true</nullsAllowed>
<useDomainConstraints>false</useDomainConstraints>
<use>1</use>
<logicalDatatype>LOGDT019</logicalDatatype>
<dataTypePrecision>6</dataTypePrecision>
<dataTypeScale>3</dataTypeScale>
<ownDataTypeParameters>,6,3</ownDataTypeParameters>
<autoIncrementCycle>false</autoIncrementCycle>
</Column>
<Column name="CALCULATED_ACTIVITY_CAPACITY" id="DC7F3A68-9418-60AE-6401-266087211630">
<sourceConnName>Browser@C01L</sourceConnName>
<sourceObjSchema>MO99_SCREENING</sourceObjSchema>
<sourceObjName>CALCULATED_ACTIVITY_CAPACITY</sourceObjName>
<createdBy>Duncan.Taylor</createdBy>
<createdTime>2018-07-25 11:57:08 UTC</createdTime>
<ownerDesignName>cdb_morphmaster</ownerDesignName>
<nullsAllowed>true</nullsAllowed>
<useDomainConstraints>false</useDomainConstraints>
<use>1</use>
<logicalDatatype>LOGDT019</logicalDatatype>
<dataTypePrecision>6</dataTypePrecision>
<dataTypeScale>3</dataTypeScale>
<ownDataTypeParameters>,6,3</ownDataTypeParameters>
<autoIncrementCycle>false</autoIncrementCycle>
</Column>
<Column name="ALDER_ALLUVIAL_TEST" id="22F6D1E5-05BB-E9C6-6DA8-F20BD84E9248">
<sourceConnName>Browser@C01L</sourceConnName>
<sourceObjSchema>MO99_SCREENING</sourceObjSchema>
<sourceObjName>ALDER_ALLUVIAL_TEST</sourceObjName>
<createdBy>Duncan.Taylor</createdBy>
<createdTime>2018-07-25 11:57:08 UTC</createdTime>
<ownerDesignName>cdb_morphmaster</ownerDesignName>
<useDomainConstraints>false</useDomainConstraints>
<use>1</use>
<logicalDatatype>LOGDT024</logicalDatatype>
<dataTypeSize>4 BYTE</dataTypeSize>
<ownDataTypeParameters>4 BYTE,,</ownDataTypeParameters>
<autoIncrementCycle>false</autoIncrementCycle>
</Column>
<Column name="PEARL_MUSSEL_TEST" id="ED7BAF81-0071-2951-31A4-93139F9C99CD">
<sourceConnName>Browser@C01L</sourceConnName>
<sourceObjSchema>MO99_SCREENING</sourceObjSchema>
<sourceObjName>PEARL_MUSSEL_TEST</sourceObjName>
<createdBy>Duncan.Taylor</createdBy>
<createdTime>2018-07-25 11:57:08 UTC</createdTime>
<ownerDesignName>cdb_morphmaster</ownerDesignName>
<useDomainConstraints>false</useDomainConstraints>
<use>1</use>
<logicalDatatype>LOGDT024</logicalDatatype>
<dataTypeSize>4 BYTE</dataTypeSize>
<ownDataTypeParameters>4 BYTE,,</ownDataTypeParameters>
<autoIncrementCycle>false</autoIncrementCycle>
</Column>
<Column name="LAMPREY_TEST" id="21D62BAF-0127-EE60-8516-051168DBAEB5">
<sourceConnName>Browser@C01L</sourceConnName>
<sourceObjSchema>MO99_SCREENING</sourceObjSchema>
<sourceObjName>LAMPREY_TEST</sourceObjName>
<createdBy>Duncan.Taylor</createdBy>
<createdTime>2018-07-25 11:57:08 UTC</createdTime>
<ownerDesignName>cdb_morphmaster</ownerDesignName>
<useDomainConstraints>false</useDomainConstraints>
<use>1</use>
<logicalDatatype>LOGDT024</logicalDatatype>
<dataTypeSize>4 BYTE</dataTypeSize>
<ownDataTypeParameters>4 BYTE,,</ownDataTypeParameters>
<autoIncrementCycle>false</autoIncrementCycle>
</Column>
<Column name="PROTECTED_AREAS" id="F0EA0273-53E9-3536-40E3-0E37F9906430">
<sourceConnName>Browser@C01L</sourceConnName>
<sourceObjSchema>MO99_SCREENING</sourceObjSchema>
<sourceObjName>PROTECTED_AREAS</sourceObjName>
<createdBy>Duncan.Taylor</createdBy>
<createdTime>2018-07-25 11:57:08 UTC</createdTime>
<ownerDesignName>cdb_morphmaster</ownerDesignName>
<nullsAllowed>true</nullsAllowed>
<useDomainConstraints>false</useDomainConstraints>
<use>1</use>
<logicalDatatype>LOGDT024</logicalDatatype>
<dataTypeSize>100 BYTE</dataTypeSize>
<ownDataTypeParameters>100 BYTE,,</ownDataTypeParameters>
<autoIncrementCycle>false</autoIncrementCycle>
</Column>
<Column name="OVERALL_TEST_STATUS" id="59CF5C73-AC0D-6D7A-A79F-61F6686CB2C9">
<sourceConnName>Browser@C01L</sourceConnName>
<sourceObjSchema>MO99_SCREENING</sourceObjSchema>
<sourceObjName>OVERALL_TEST_STATUS</sourceObjName>
<createdBy>Duncan.Taylor</createdBy>
<createdTime>2018-07-25 11:57:08 UTC</createdTime>
<ownerDesignName>cdb_morphmaster</ownerDesignName>
<useDomainConstraints>false</useDomainConstraints>
<use>1</use>
<logicalDatatype>LOGDT024</logicalDatatype>
<dataTypeSize>4 BYTE</dataTypeSize>
<ownDataTypeParameters>4 BYTE,,</ownDataTypeParameters>
<autoIncrementCycle>false</autoIncrementCycle>
</Column>
<Column name="FAILURE_REASON" id="30193795-DE34-A22A-5A41-6E444C6A2DCA">
<sourceConnName>Browser@C01L</sourceConnName>
<sourceObjSchema>MO99_SCREENING</sourceObjSchema>
<sourceObjName>FAILURE_REASON</sourceObjName>
<createdBy>Duncan.Taylor</createdBy>
<createdTime>2018-07-25 11:57:08 UTC</createdTime>
<ownerDesignName>cdb_morphmaster</ownerDesignName>
<nullsAllowed>true</nullsAllowed>
<useDomainConstraints>false</useDomainConstraints>
<use>1</use>
<logicalDatatype>LOGDT024</logicalDatatype>
<dataTypeSize>1000 BYTE</dataTypeSize>
<ownDataTypeParameters>1000 BYTE,,</ownDataTypeParameters>
<autoIncrementCycle>false</autoIncrementCycle>
</Column>
</columns>
<indexes itemClass="oracle.dbtools.crest.model.design.relational.Index">
<ind_PK_UK id="D7906F4B-FCB6-6935-AE29-374FC43696CE" name="MO99_PK">
<sourceConnName>Browser@C01L</sourceConnName>
<sourceObjSchema>MORPHMASTER</sourceObjSchema>
<sourceObjName>MO99_PK</sourceObjName>
<createdBy>Duncan.Taylor</createdBy>
<createdTime>2018-07-25 11:57:29 UTC</createdTime>
<ownerDesignName>cdb_morphmaster</ownerDesignName>
<pk>true</pk>
<indexState>Primary Constraint</indexState>
<isSurrogateKey>false</isSurrogateKey>
<indexColumnUsage>
<colUsage columnID="A25A615E-9218-D398-045C-6F74F1B6C244"/>
</indexColumnUsage>
</ind_PK_UK>
<ind_PK_UK id="44FB83EC-4D7F-2F17-00C6-2D600F8D717E" schemaObject="B9747E78-31C9-E033-1072-BFCA55C723C9" name="M099_M097_FK_I">
<sourceConnName>Browser@C01L</sourceConnName>
<sourceObjSchema>MORPHMASTER</sourceObjSchema>
<sourceObjName>M099_M097_FK_I</sourceObjName>
<createdBy>Duncan.Taylor</createdBy>
<createdTime>2018-07-25 11:57:20 UTC</createdTime>
<ownerDesignName>cdb_morphmaster</ownerDesignName>
<isSurrogateKey>false</isSurrogateKey>
<indexColumnUsage>
<colUsage columnID="D6B4FB90-2A4B-14BB-EF35-DB740B50FB17"/>
</indexColumnUsage>
</ind_PK_UK>
<ind_PK_UK id="22C4FAAD-E747-D03A-B28D-652BD85623F3" schemaObject="B9747E78-31C9-E033-1072-BFCA55C723C9" name="MO99_PK">
<sourceConnName>Browser@C01L</sourceConnName>
<sourceObjSchema>MORPHMASTER</sourceObjSchema>
<sourceObjName>MO99_PK</sourceObjName>
<createdBy>Duncan.Taylor</createdBy>
<createdTime>2018-07-25 11:57:20 UTC</createdTime>
<ownerDesignName>cdb_morphmaster</ownerDesignName>
<indexState>Unique Plain Index</indexState>
<isSurrogateKey>false</isSurrogateKey>
<indexColumnUsage>
<colUsage columnID="A25A615E-9218-D398-045C-6F74F1B6C244"/>
</indexColumnUsage>
</ind_PK_UK>
<ind_PK_UK id="1EC78447-2AA1-39FD-335B-528DE5AE19C5" schemaObject="B9747E78-31C9-E033-1072-BFCA55C723C9" name="MO99_WF10_FK_I">
<sourceConnName>Browser@C01L</sourceConnName>
<sourceObjSchema>MORPHMASTER</sourceObjSchema>
<sourceObjName>MO99_WF10_FK_I</sourceObjName>
<createdBy>Duncan.Taylor</createdBy>
<createdTime>2018-07-25 11:57:20 UTC</createdTime>
<ownerDesignName>cdb_morphmaster</ownerDesignName>
<isSurrogateKey>false</isSurrogateKey>
<indexColumnUsage>
<colUsage columnID="E24DF1D2-4289-5224-635E-E2B7AEDF0C87"/>
</indexColumnUsage>
</ind_PK_UK>
<ind_PK_UK id="C7AC2BC1-274A-502E-DF08-1E2152722712" name="M099_M097_FK">
<createdBy>Duncan.Taylor</createdBy>
<createdTime>2018-07-25 11:57:41 UTC</createdTime>
<ownerDesignName>cdb_morphmaster</ownerDesignName>
<indexState>Foreign Key</indexState>
<isSurrogateKey>false</isSurrogateKey>
<indexColumnUsage>
<colUsage columnID="D6B4FB90-2A4B-14BB-EF35-DB740B50FB17"/>
</indexColumnUsage>
</ind_PK_UK>
<ind_PK_UK id="E5D1F2F1-2BFB-AABE-1219-7B75F59F68F3" name="MO99_WF10_FK">
<createdBy>Duncan.Taylor</createdBy>
<createdTime>2018-07-25 11:57:41 UTC</createdTime>
<ownerDesignName>cdb_morphmaster</ownerDesignName>
<indexState>Foreign Key</indexState>
<isSurrogateKey>false</isSurrogateKey>
<indexColumnUsage>
<colUsage columnID="E24DF1D2-4289-5224-635E-E2B7AEDF0C87"/>
</indexColumnUsage>
</ind_PK_UK>
</indexes>
</Table>