<?xml version = '1.0' encoding = 'UTF-8'?>
<Table class="oracle.dbtools.crest.model.design.relational.Table" directorySegmentName="seg_20" id="699BE86F-97C6-2976-D434-2D5C1B6392B2" schemaObject="B9747E78-31C9-E033-1072-BFCA55C723C9" name="MO17_RIP_VEG_IMPACT_SCORES">
<sourceConnName>Browser@C01L</sourceConnName>
<sourceObjSchema>MORPHMASTER</sourceObjSchema>
<sourceObjName>MO17_RIP_VEG_IMPACT_SCORES</sourceObjName>
<createdBy>Duncan.Taylor</createdBy>
<createdTime>2018-07-25 11:56:53 UTC</createdTime>
<ownerDesignName>cdb_morphmaster</ownerDesignName>
<abbreviation>MO17</abbreviation>
<allowColumnReorder>false</allowColumnReorder>
<existDependencyGenerateInDDl>true</existDependencyGenerateInDDl>
<parsed>true</parsed>
<columns itemClass="oracle.dbtools.crest.model.design.relational.Column">
<Column name="CATEGORY" id="F5C775F4-4E65-1C9C-053B-8E1E805D61E3">
<sourceConnName>Browser@C01L</sourceConnName>
<sourceObjSchema>MO17_RIP_VEG_IMPACT_SCORES</sourceObjSchema>
<sourceObjName>CATEGORY</sourceObjName>
<createdBy>Duncan.Taylor</createdBy>
<createdTime>2018-07-25 11:57:08 UTC</createdTime>
<ownerDesignName>cdb_morphmaster</ownerDesignName>
<useDomainConstraints>false</useDomainConstraints>
<use>1</use>
<logicalDatatype>LOGDT019</logicalDatatype>
<dataTypePrecision>3</dataTypePrecision>
<dataTypeScale>0</dataTypeScale>
<ownDataTypeParameters>,3,0</ownDataTypeParameters>
<autoIncrementCycle>false</autoIncrementCycle>
<associations>
<colAssociation fkAssociation="9299F12C-E722-0E82-C453-4E6A770A8F3B" referredColumn="A32258ED-77C5-5168-E1D6-A9B4C6B0B887"/>
</associations>
</Column>
<Column name="ZONE_CODE" id="D7EFE50B-2011-11BD-8E93-237AFBA5A282">
<sourceConnName>Browser@C01L</sourceConnName>
<sourceObjSchema>MO17_RIP_VEG_IMPACT_SCORES</sourceObjSchema>
<sourceObjName>ZONE_CODE</sourceObjName>
<createdBy>Duncan.Taylor</createdBy>
<createdTime>2018-07-25 11:57:08 UTC</createdTime>
<ownerDesignName>cdb_morphmaster</ownerDesignName>
<useDomainConstraints>false</useDomainConstraints>
<use>1</use>
<logicalDatatype>LOGDT019</logicalDatatype>
<dataTypePrecision>3</dataTypePrecision>
<dataTypeScale>0</dataTypeScale>
<ownDataTypeParameters>,3,0</ownDataTypeParameters>
<autoIncrementCycle>false</autoIncrementCycle>
</Column>
<Column name="ST_CODE" id="91C41471-E7CB-91AB-8CB4-2FD938F1FE2C">
<sourceConnName>Browser@C01L</sourceConnName>
<sourceObjSchema>MO17_RIP_VEG_IMPACT_SCORES</sourceObjSchema>
<sourceObjName>ST_CODE</sourceObjName>
<createdBy>Duncan.Taylor</createdBy>
<createdTime>2018-07-25 11:57:08 UTC</createdTime>
<ownerDesignName>cdb_morphmaster</ownerDesignName>
<useDomainConstraints>false</useDomainConstraints>
<use>1</use>
<logicalDatatype>LOGDT024</logicalDatatype>
<dataTypeSize>4 BYTE</dataTypeSize>
<ownDataTypeParameters>4 BYTE,,</ownDataTypeParameters>
<autoIncrementCycle>false</autoIncrementCycle>
<associations>
<colAssociation fkAssociation="C683A196-C103-8FC5-21FA-7BA8D4AF6190" referredColumn="DB9572F1-F220-A330-348B-FD69E7B990F1"/>
<colAssociation fkAssociation="9299F12C-E722-0E82-C453-4E6A770A8F3B" referredColumn="E7F45653-20E6-AD0C-C388-A1DCF48CC9B7"/>
</associations>
</Column>
<Column name="ST_CATEGORY" id="F7FD1850-08DF-CF25-8FD2-24FF52249825">
<sourceConnName>Browser@C01L</sourceConnName>
<sourceObjSchema>MO17_RIP_VEG_IMPACT_SCORES</sourceObjSchema>
<sourceObjName>ST_CATEGORY</sourceObjName>
<createdBy>Duncan.Taylor</createdBy>
<createdTime>2018-07-25 11:57:08 UTC</createdTime>
<ownerDesignName>cdb_morphmaster</ownerDesignName>
<useDomainConstraints>false</useDomainConstraints>
<use>1</use>
<logicalDatatype>LOGDT019</logicalDatatype>
<dataTypePrecision>3</dataTypePrecision>
<dataTypeScale>0</dataTypeScale>
<ownDataTypeParameters>,3,0</ownDataTypeParameters>
<autoIncrementCycle>false</autoIncrementCycle>
<associations>
<colAssociation fkAssociation="C683A196-C103-8FC5-21FA-7BA8D4AF6190" referredColumn="409C1669-D4CA-733A-FAC7-A5443C99203F"/>
</associations>
</Column>
<Column name="IMPACT_SCORE" id="6CB970C8-21B9-9719-62FD-FF26A1F4C91D">
<sourceConnName>Browser@C01L</sourceConnName>
<sourceObjSchema>MO17_RIP_VEG_IMPACT_SCORES</sourceObjSchema>
<sourceObjName>IMPACT_SCORE</sourceObjName>
<createdBy>Duncan.Taylor</createdBy>
<createdTime>2018-07-25 11:57:08 UTC</createdTime>
<ownerDesignName>cdb_morphmaster</ownerDesignName>
<nullsAllowed>true</nullsAllowed>
<useDomainConstraints>false</useDomainConstraints>
<use>1</use>
<logicalDatatype>LOGDT019</logicalDatatype>
<ownDataTypeParameters>,,</ownDataTypeParameters>
<autoIncrementCycle>false</autoIncrementCycle>
</Column>
</columns>
<indexes itemClass="oracle.dbtools.crest.model.design.relational.Index">
<ind_PK_UK id="E5B433E9-DABF-537C-EB13-C0CCBEB3660C" name="MO17_RIP_VEG_IMPACT_SCORE_PK">
<sourceConnName>Browser@C01L</sourceConnName>
<sourceObjSchema>MORPHMASTER</sourceObjSchema>
<sourceObjName>MO17_RIP_VEG_IMPACT_SCORE_PK</sourceObjName>
<createdBy>Duncan.Taylor</createdBy>
<createdTime>2018-07-25 11:57:20 UTC</createdTime>
<ownerDesignName>cdb_morphmaster</ownerDesignName>
<pk>true</pk>
<indexState>Primary Constraint</indexState>
<isSurrogateKey>false</isSurrogateKey>
<indexColumnUsage>
<colUsage columnID="D7EFE50B-2011-11BD-8E93-237AFBA5A282"/>
<colUsage columnID="91C41471-E7CB-91AB-8CB4-2FD938F1FE2C"/>
<colUsage columnID="F5C775F4-4E65-1C9C-053B-8E1E805D61E3"/>
<colUsage columnID="F7FD1850-08DF-CF25-8FD2-24FF52249825"/>
</indexColumnUsage>
</ind_PK_UK>
<ind_PK_UK id="20263998-A047-DB8F-FE19-3763FBED5C2A" name="MO17_GE31_FK">
<createdBy>duncan.taylor</createdBy>
<createdTime>2018-08-13 11:45:22 UTC</createdTime>
<ownerDesignName>cdb_morphmaster</ownerDesignName>
<indexState>Foreign Key</indexState>
<isSurrogateKey>false</isSurrogateKey>
<indexColumnUsage>
<colUsage columnID="91C41471-E7CB-91AB-8CB4-2FD938F1FE2C"/>
<colUsage columnID="F7FD1850-08DF-CF25-8FD2-24FF52249825"/>
</indexColumnUsage>
</ind_PK_UK>
<ind_PK_UK id="B3AA7D9D-5FA7-52BB-E3AB-3DE2BED07BCD" name="MO17_MO16_FK">
<createdBy>duncan.taylor</createdBy>
<createdTime>2018-08-13 11:47:57 UTC</createdTime>
<ownerDesignName>cdb_morphmaster</ownerDesignName>
<indexState>Foreign Key</indexState>
<isSurrogateKey>false</isSurrogateKey>
<indexColumnUsage>
<colUsage columnID="91C41471-E7CB-91AB-8CB4-2FD938F1FE2C"/>
<colUsage columnID="F5C775F4-4E65-1C9C-053B-8E1E805D61E3"/>
</indexColumnUsage>
</ind_PK_UK>
</indexes>
</Table>