<?xml version = '1.0' encoding = 'UTF-8'?>
<Table class="oracle.dbtools.crest.model.design.relational.Table" directorySegmentName="seg_20" id="6E9BA383-CBF0-3DBB-E440-1E11E7C63837" schemaObject="B9747E78-31C9-E033-1072-BFCA55C723C9" name="MO06_ZONE_ACTIVITY_WEIGHTINGS">
<sourceConnName>Browser@C01L</sourceConnName>
<sourceObjSchema>MORPHMASTER</sourceObjSchema>
<sourceObjName>MO06_ZONE_ACTIVITY_WEIGHTINGS</sourceObjName>
<createdBy>Duncan.Taylor</createdBy>
<createdTime>2018-07-25 11:56:53 UTC</createdTime>
<ownerDesignName>cdb_morphmaster</ownerDesignName>
<allowColumnReorder>false</allowColumnReorder>
<existDependencyGenerateInDDl>true</existDependencyGenerateInDDl>
<parsed>true</parsed>
<columns itemClass="oracle.dbtools.crest.model.design.relational.Column">
<Column name="ZN_ACT_WGHT_CODE" id="97A193E5-A435-CB8F-4BB5-885CA54C9A86">
<sourceConnName>Browser@C01L</sourceConnName>
<sourceObjSchema>MO06_ZONE_ACTIVITY_WEIGHTINGS</sourceObjSchema>
<sourceObjName>ZN_ACT_WGHT_CODE</sourceObjName>
<createdBy>Duncan.Taylor</createdBy>
<createdTime>2018-07-25 11:57:08 UTC</createdTime>
<ownerDesignName>cdb_morphmaster</ownerDesignName>
<useDomainConstraints>false</useDomainConstraints>
<use>1</use>
<logicalDatatype>LOGDT019</logicalDatatype>
<dataTypePrecision>8</dataTypePrecision>
<dataTypeScale>0</dataTypeScale>
<ownDataTypeParameters>,8,0</ownDataTypeParameters>
<autoIncrementCycle>false</autoIncrementCycle>
</Column>
<Column name="ZONE_CODE" id="BFADEE55-BEE0-9F2C-81D5-8414BB5A731D">
<sourceConnName>Browser@C01L</sourceConnName>
<sourceObjSchema>MO06_ZONE_ACTIVITY_WEIGHTINGS</sourceObjSchema>
<sourceObjName>ZONE_CODE</sourceObjName>
<createdBy>Duncan.Taylor</createdBy>
<createdTime>2018-07-25 11:57:08 UTC</createdTime>
<ownerDesignName>cdb_morphmaster</ownerDesignName>
<useDomainConstraints>false</useDomainConstraints>
<use>1</use>
<logicalDatatype>LOGDT019</logicalDatatype>
<dataTypePrecision>8</dataTypePrecision>
<dataTypeScale>0</dataTypeScale>
<ownDataTypeParameters>,8,0</ownDataTypeParameters>
<autoIncrementCycle>false</autoIncrementCycle>
<associations>
<colAssociation fkAssociation="00744948-DC4B-E694-1B5B-FB92EFA0B4B8" referredColumn="66B34DDB-B6CA-8163-EAAB-77401B20F68F"/>
</associations>
</Column>
<Column name="ACTIVITY_CODE" id="8D86297F-0CF5-E230-3276-6F939ED6EFE3">
<sourceConnName>Browser@C01L</sourceConnName>
<sourceObjSchema>MO06_ZONE_ACTIVITY_WEIGHTINGS</sourceObjSchema>
<sourceObjName>ACTIVITY_CODE</sourceObjName>
<createdBy>Duncan.Taylor</createdBy>
<createdTime>2018-07-25 11:57:08 UTC</createdTime>
<ownerDesignName>cdb_morphmaster</ownerDesignName>
<useDomainConstraints>false</useDomainConstraints>
<use>1</use>
<logicalDatatype>LOGDT019</logicalDatatype>
<dataTypePrecision>8</dataTypePrecision>
<dataTypeScale>0</dataTypeScale>
<ownDataTypeParameters>,8,0</ownDataTypeParameters>
<autoIncrementCycle>false</autoIncrementCycle>
<associations>
<colAssociation fkAssociation="092E214E-5A02-3E0D-520C-0D07CC1528C4" referredColumn="FE028571-E840-9D79-5E09-8B29CC1FAA1B"/>
</associations>
</Column>
<Column name="VALUE" id="5BE77F73-5522-609F-6DCE-C16A6C78C84D">
<sourceConnName>Browser@C01L</sourceConnName>
<sourceObjSchema>MO06_ZONE_ACTIVITY_WEIGHTINGS</sourceObjSchema>
<sourceObjName>VALUE</sourceObjName>
<createdBy>Duncan.Taylor</createdBy>
<createdTime>2018-07-25 11:57:08 UTC</createdTime>
<ownerDesignName>cdb_morphmaster</ownerDesignName>
<useDomainConstraints>false</useDomainConstraints>
<use>1</use>
<logicalDatatype>LOGDT019</logicalDatatype>
<dataTypePrecision>3</dataTypePrecision>
<dataTypeScale>1</dataTypeScale>
<ownDataTypeParameters>,3,1</ownDataTypeParameters>
<autoIncrementCycle>false</autoIncrementCycle>
</Column>
<Column name="DATE_ENTERED" id="72B4C242-B812-C0F3-CFB8-B0F0F308D720">
<sourceConnName>Browser@C01L</sourceConnName>
<sourceObjSchema>MO06_ZONE_ACTIVITY_WEIGHTINGS</sourceObjSchema>
<sourceObjName>DATE_ENTERED</sourceObjName>
<createdBy>Duncan.Taylor</createdBy>
<createdTime>2018-07-25 11:57:08 UTC</createdTime>
<ownerDesignName>cdb_morphmaster</ownerDesignName>
<useDomainConstraints>false</useDomainConstraints>
<use>1</use>
<logicalDatatype>LOGDT007</logicalDatatype>
<dataTypeSize>7</dataTypeSize>
<ownDataTypeParameters>7,,</ownDataTypeParameters>
<autoIncrementCycle>false</autoIncrementCycle>
</Column>
<Column name="VERSION" id="4638F221-4C87-04B4-0DA8-095AEAC3B30B">
<sourceConnName>Browser@C01L</sourceConnName>
<sourceObjSchema>MO06_ZONE_ACTIVITY_WEIGHTINGS</sourceObjSchema>
<sourceObjName>VERSION</sourceObjName>
<createdBy>Duncan.Taylor</createdBy>
<createdTime>2018-07-25 11:57:08 UTC</createdTime>
<ownerDesignName>cdb_morphmaster</ownerDesignName>
<nullsAllowed>true</nullsAllowed>
<useDomainConstraints>false</useDomainConstraints>
<use>1</use>
<logicalDatatype>LOGDT024</logicalDatatype>
<dataTypeSize>5 BYTE</dataTypeSize>
<ownDataTypeParameters>5 BYTE,,</ownDataTypeParameters>
<autoIncrementCycle>false</autoIncrementCycle>
</Column>
<Column name="VALID" id="C36EC182-398E-8FBF-DC97-67165BE92C60">
<sourceConnName>Browser@C01L</sourceConnName>
<sourceObjSchema>MO06_ZONE_ACTIVITY_WEIGHTINGS</sourceObjSchema>
<sourceObjName>VALID</sourceObjName>
<createdBy>Duncan.Taylor</createdBy>
<createdTime>2018-07-25 11:57:08 UTC</createdTime>
<ownerDesignName>cdb_morphmaster</ownerDesignName>
<constraintName>AVCON_1148636563_VALID_006</constraintName>
<nullsAllowed>true</nullsAllowed>
<useDomainConstraints>false</useDomainConstraints>
<use>1</use>
<logicalDatatype>LOGDT024</logicalDatatype>
<dataTypeSize>1 BYTE</dataTypeSize>
<listOfValues>
<valueDef value="&apos;N&apos;" description=""/>
<valueDef value="&apos;Y&apos;" description=""/>
</listOfValues>
<ownDataTypeParameters>1 BYTE,,</ownDataTypeParameters>
<autoIncrementCycle>false</autoIncrementCycle>
</Column>
</columns>
<indexes itemClass="oracle.dbtools.crest.model.design.relational.Index">
<ind_PK_UK id="8850CCA3-6E93-B45F-85C7-37706AD6EE59" name="MO06_PK">
<sourceConnName>Browser@C01L</sourceConnName>
<sourceObjSchema>MORPHMASTER</sourceObjSchema>
<sourceObjName>MO06_PK</sourceObjName>
<createdBy>Duncan.Taylor</createdBy>
<createdTime>2018-07-25 11:57:29 UTC</createdTime>
<ownerDesignName>cdb_morphmaster</ownerDesignName>
<pk>true</pk>
<indexState>Primary Constraint</indexState>
<isSurrogateKey>false</isSurrogateKey>
<indexColumnUsage>
<colUsage columnID="97A193E5-A435-CB8F-4BB5-885CA54C9A86"/>
</indexColumnUsage>
</ind_PK_UK>
<ind_PK_UK id="179DBC72-6314-A031-E319-D37570774D8B" schemaObject="B9747E78-31C9-E033-1072-BFCA55C723C9" name="MO06_MO01_FK_I">
<sourceConnName>Browser@C01L</sourceConnName>
<sourceObjSchema>MORPHMASTER</sourceObjSchema>
<sourceObjName>MO06_MO01_FK_I</sourceObjName>
<createdBy>Duncan.Taylor</createdBy>
<createdTime>2018-07-25 11:57:20 UTC</createdTime>
<ownerDesignName>cdb_morphmaster</ownerDesignName>
<isSurrogateKey>false</isSurrogateKey>
<indexColumnUsage>
<colUsage columnID="BFADEE55-BEE0-9F2C-81D5-8414BB5A731D"/>
</indexColumnUsage>
</ind_PK_UK>
<ind_PK_UK id="84D96D83-B69F-A53F-4120-9F8313AEF93F" schemaObject="B9747E78-31C9-E033-1072-BFCA55C723C9" name="MO06_MO04_FK_I">
<sourceConnName>Browser@C01L</sourceConnName>
<sourceObjSchema>MORPHMASTER</sourceObjSchema>
<sourceObjName>MO06_MO04_FK_I</sourceObjName>
<createdBy>Duncan.Taylor</createdBy>
<createdTime>2018-07-25 11:57:20 UTC</createdTime>
<ownerDesignName>cdb_morphmaster</ownerDesignName>
<isSurrogateKey>false</isSurrogateKey>
<indexColumnUsage>
<colUsage columnID="8D86297F-0CF5-E230-3276-6F939ED6EFE3"/>
</indexColumnUsage>
</ind_PK_UK>
<ind_PK_UK id="EF0D224D-C328-3B2C-D0CB-E960DB74956C" schemaObject="B9747E78-31C9-E033-1072-BFCA55C723C9" name="MO06_PK">
<sourceConnName>Browser@C01L</sourceConnName>
<sourceObjSchema>MORPHMASTER</sourceObjSchema>
<sourceObjName>MO06_PK</sourceObjName>
<createdBy>Duncan.Taylor</createdBy>
<createdTime>2018-07-25 11:57:20 UTC</createdTime>
<ownerDesignName>cdb_morphmaster</ownerDesignName>
<indexState>Unique Plain Index</indexState>
<isSurrogateKey>false</isSurrogateKey>
<indexColumnUsage>
<colUsage columnID="97A193E5-A435-CB8F-4BB5-885CA54C9A86"/>
</indexColumnUsage>
</ind_PK_UK>
<ind_PK_UK id="73151C5A-F587-A92D-B312-F328ED1D93E2" name="MO06_MO01_FK">
<createdBy>Duncan.Taylor</createdBy>
<createdTime>2018-07-25 11:57:41 UTC</createdTime>
<ownerDesignName>cdb_morphmaster</ownerDesignName>
<indexState>Foreign Key</indexState>
<isSurrogateKey>false</isSurrogateKey>
<indexColumnUsage>
<colUsage columnID="BFADEE55-BEE0-9F2C-81D5-8414BB5A731D"/>
</indexColumnUsage>
</ind_PK_UK>
<ind_PK_UK id="E7D27F3B-A578-AE98-F5E7-2BB5825EF830" name="MO06_MO04_FK">
<createdBy>Duncan.Taylor</createdBy>
<createdTime>2018-07-25 11:57:41 UTC</createdTime>
<ownerDesignName>cdb_morphmaster</ownerDesignName>
<indexState>Foreign Key</indexState>
<isSurrogateKey>false</isSurrogateKey>
<indexColumnUsage>
<colUsage columnID="8D86297F-0CF5-E230-3276-6F939ED6EFE3"/>
</indexColumnUsage>
</ind_PK_UK>
</indexes>
</Table>