<?xml version = '1.0' encoding = 'UTF-8'?>
<Table class="oracle.dbtools.crest.model.design.relational.Table" directorySegmentName="seg_20" id="75A99719-2128-7FF5-12C9-BE1A2E993C7C" schemaObject="B9747E78-31C9-E033-1072-BFCA55C723C9" name="MO08_ECOLOGICAL_WEIGHTINGS">
<sourceConnName>Browser@C01L</sourceConnName>
<sourceObjSchema>MORPHMASTER</sourceObjSchema>
<sourceObjName>MO08_ECOLOGICAL_WEIGHTINGS</sourceObjName>
<createdBy>Duncan.Taylor</createdBy>
<createdTime>2018-07-25 11:56:53 UTC</createdTime>
<ownerDesignName>cdb_c01l</ownerDesignName>
<allowColumnReorder>false</allowColumnReorder>
<existDependencyGenerateInDDl>true</existDependencyGenerateInDDl>
<parsed>true</parsed>
<columns itemClass="oracle.dbtools.crest.model.design.relational.Column">
<Column name="ECOL_WGHT_CODE" id="0353F393-31DA-8D99-46FB-A158A37C74BC">
<sourceConnName>Browser@C01L</sourceConnName>
<sourceObjSchema>MO08_ECOLOGICAL_WEIGHTINGS</sourceObjSchema>
<sourceObjName>ECOL_WGHT_CODE</sourceObjName>
<createdBy>Duncan.Taylor</createdBy>
<createdTime>2018-07-25 11:57:08 UTC</createdTime>
<ownerDesignName>cdb_c01l</ownerDesignName>
<useDomainConstraints>false</useDomainConstraints>
<use>1</use>
<logicalDatatype>LOGDT019</logicalDatatype>
<dataTypePrecision>8</dataTypePrecision>
<dataTypeScale>0</dataTypeScale>
<ownDataTypeParameters>,8,0</ownDataTypeParameters>
<autoIncrementCycle>false</autoIncrementCycle>
</Column>
<Column name="CHARACTERISTIC_CODE" id="0424683D-01CA-089E-88F8-0BFECE8B844A">
<sourceConnName>Browser@C01L</sourceConnName>
<sourceObjSchema>MO08_ECOLOGICAL_WEIGHTINGS</sourceObjSchema>
<sourceObjName>CHARACTERISTIC_CODE</sourceObjName>
<createdBy>Duncan.Taylor</createdBy>
<createdTime>2018-07-25 11:57:08 UTC</createdTime>
<ownerDesignName>cdb_c01l</ownerDesignName>
<useDomainConstraints>false</useDomainConstraints>
<use>1</use>
<logicalDatatype>LOGDT019</logicalDatatype>
<dataTypePrecision>8</dataTypePrecision>
<dataTypeScale>0</dataTypeScale>
<ownDataTypeParameters>,8,0</ownDataTypeParameters>
<autoIncrementCycle>false</autoIncrementCycle>
<associations>
<colAssociation fkAssociation="CF57DB6C-786B-3B21-2D1D-367599456D32" referredColumn="75B063C9-A3AC-C18F-3A57-79DD2E189A60"/>
</associations>
</Column>
<Column name="ST_CODE" id="96CA0292-E60A-71B7-1421-44C7D45AD7B4">
<sourceConnName>Browser@C01L</sourceConnName>
<sourceObjSchema>MO08_ECOLOGICAL_WEIGHTINGS</sourceObjSchema>
<sourceObjName>ST_CODE</sourceObjName>
<createdBy>Duncan.Taylor</createdBy>
<createdTime>2018-07-25 11:57:08 UTC</createdTime>
<ownerDesignName>cdb_c01l</ownerDesignName>
<useDomainConstraints>false</useDomainConstraints>
<use>1</use>
<logicalDatatype>LOGDT024</logicalDatatype>
<dataTypeSize>4 BYTE</dataTypeSize>
<ownDataTypeParameters>4 BYTE,,</ownDataTypeParameters>
<autoIncrementCycle>false</autoIncrementCycle>
<associations>
<colAssociation fkAssociation="E0D491AC-1DC6-8315-83D1-FBF40936C886" referredColumn="DB9572F1-F220-A330-348B-FD69E7B990F1"/>
</associations>
</Column>
<Column name="CATEGORY" id="8BA178FE-ED45-DCAA-73FF-C086AD578AE9">
<sourceConnName>Browser@C01L</sourceConnName>
<sourceObjSchema>MO08_ECOLOGICAL_WEIGHTINGS</sourceObjSchema>
<sourceObjName>CATEGORY</sourceObjName>
<createdBy>Duncan.Taylor</createdBy>
<createdTime>2018-07-25 11:57:08 UTC</createdTime>
<ownerDesignName>cdb_c01l</ownerDesignName>
<useDomainConstraints>false</useDomainConstraints>
<use>1</use>
<logicalDatatype>LOGDT019</logicalDatatype>
<dataTypePrecision>3</dataTypePrecision>
<dataTypeScale>0</dataTypeScale>
<ownDataTypeParameters>,3,0</ownDataTypeParameters>
<autoIncrementCycle>false</autoIncrementCycle>
<associations>
<colAssociation fkAssociation="E0D491AC-1DC6-8315-83D1-FBF40936C886" referredColumn="409C1669-D4CA-733A-FAC7-A5443C99203F"/>
</associations>
</Column>
<Column name="FISH" id="CB066186-637A-F426-7F6E-5F8787CB72A4">
<sourceConnName>Browser@C01L</sourceConnName>
<sourceObjSchema>MO08_ECOLOGICAL_WEIGHTINGS</sourceObjSchema>
<sourceObjName>FISH</sourceObjName>
<createdBy>Duncan.Taylor</createdBy>
<createdTime>2018-07-25 11:57:08 UTC</createdTime>
<ownerDesignName>cdb_c01l</ownerDesignName>
<useDomainConstraints>false</useDomainConstraints>
<use>1</use>
<logicalDatatype>LOGDT019</logicalDatatype>
<dataTypePrecision>3</dataTypePrecision>
<dataTypeScale>1</dataTypeScale>
<ownDataTypeParameters>,3,1</ownDataTypeParameters>
<autoIncrementCycle>false</autoIncrementCycle>
</Column>
<Column name="INVERTEBRATE" id="840BB587-5F9C-2169-CCE4-F35920E9960D">
<sourceConnName>Browser@C01L</sourceConnName>
<sourceObjSchema>MO08_ECOLOGICAL_WEIGHTINGS</sourceObjSchema>
<sourceObjName>INVERTEBRATE</sourceObjName>
<createdBy>Duncan.Taylor</createdBy>
<createdTime>2018-07-25 11:57:08 UTC</createdTime>
<ownerDesignName>cdb_c01l</ownerDesignName>
<useDomainConstraints>false</useDomainConstraints>
<use>1</use>
<logicalDatatype>LOGDT019</logicalDatatype>
<dataTypePrecision>3</dataTypePrecision>
<dataTypeScale>1</dataTypeScale>
<ownDataTypeParameters>,3,1</ownDataTypeParameters>
<autoIncrementCycle>false</autoIncrementCycle>
</Column>
<Column name="MACROPHYTE" id="E18627E7-F621-EE2C-01D8-BBA41C3132F2">
<sourceConnName>Browser@C01L</sourceConnName>
<sourceObjSchema>MO08_ECOLOGICAL_WEIGHTINGS</sourceObjSchema>
<sourceObjName>MACROPHYTE</sourceObjName>
<createdBy>Duncan.Taylor</createdBy>
<createdTime>2018-07-25 11:57:08 UTC</createdTime>
<ownerDesignName>cdb_c01l</ownerDesignName>
<useDomainConstraints>false</useDomainConstraints>
<use>1</use>
<logicalDatatype>LOGDT019</logicalDatatype>
<dataTypePrecision>3</dataTypePrecision>
<dataTypeScale>1</dataTypeScale>
<ownDataTypeParameters>,3,1</ownDataTypeParameters>
<autoIncrementCycle>false</autoIncrementCycle>
</Column>
<Column name="VALID" id="B69B9B9E-2FE3-A8BF-7473-AEEBB6C14B7B">
<sourceConnName>Browser@C01L</sourceConnName>
<sourceObjSchema>MO08_ECOLOGICAL_WEIGHTINGS</sourceObjSchema>
<sourceObjName>VALID</sourceObjName>
<createdBy>Duncan.Taylor</createdBy>
<createdTime>2018-07-25 11:57:08 UTC</createdTime>
<ownerDesignName>cdb_c01l</ownerDesignName>
<constraintName>AVCON_1148636563_VALID_005</constraintName>
<nullsAllowed>true</nullsAllowed>
<useDomainConstraints>false</useDomainConstraints>
<use>1</use>
<logicalDatatype>LOGDT024</logicalDatatype>
<dataTypeSize>1 BYTE</dataTypeSize>
<listOfValues>
<valueDef value="&apos;N&apos;" description=""/>
<valueDef value="&apos;Y&apos;" description=""/>
</listOfValues>
<ownDataTypeParameters>1 BYTE,,</ownDataTypeParameters>
<autoIncrementCycle>false</autoIncrementCycle>
</Column>
<Column name="VERSION" id="B679601D-6778-B0A8-4241-3EF4627BA3C8">
<sourceConnName>Browser@C01L</sourceConnName>
<sourceObjSchema>MO08_ECOLOGICAL_WEIGHTINGS</sourceObjSchema>
<sourceObjName>VERSION</sourceObjName>
<createdBy>Duncan.Taylor</createdBy>
<createdTime>2018-07-25 11:57:08 UTC</createdTime>
<ownerDesignName>cdb_c01l</ownerDesignName>
<nullsAllowed>true</nullsAllowed>
<useDomainConstraints>false</useDomainConstraints>
<use>1</use>
<logicalDatatype>LOGDT024</logicalDatatype>
<dataTypeSize>5 BYTE</dataTypeSize>
<ownDataTypeParameters>5 BYTE,,</ownDataTypeParameters>
<autoIncrementCycle>false</autoIncrementCycle>
</Column>
<Column name="DATE_ENTERED" id="9B2A6510-FF02-F438-0CA4-797BCF7FC839">
<sourceConnName>Browser@C01L</sourceConnName>
<sourceObjSchema>MO08_ECOLOGICAL_WEIGHTINGS</sourceObjSchema>
<sourceObjName>DATE_ENTERED</sourceObjName>
<createdBy>Duncan.Taylor</createdBy>
<createdTime>2018-07-25 11:57:08 UTC</createdTime>
<ownerDesignName>cdb_c01l</ownerDesignName>
<useDomainConstraints>false</useDomainConstraints>
<use>1</use>
<logicalDatatype>LOGDT007</logicalDatatype>
<dataTypeSize>7</dataTypeSize>
<ownDataTypeParameters>7,,</ownDataTypeParameters>
<autoIncrementCycle>false</autoIncrementCycle>
</Column>
</columns>
<indexes itemClass="oracle.dbtools.crest.model.design.relational.Index">
<ind_PK_UK id="4C422C39-E3B0-A232-FAB0-FEE37121B077" name="MO08_PK">
<sourceConnName>Browser@C01L</sourceConnName>
<sourceObjSchema>MORPHMASTER</sourceObjSchema>
<sourceObjName>MO08_PK</sourceObjName>
<createdBy>Duncan.Taylor</createdBy>
<createdTime>2018-07-25 11:57:29 UTC</createdTime>
<ownerDesignName>cdb_c01l</ownerDesignName>
<pk>true</pk>
<indexState>Primary Constraint</indexState>
<isSurrogateKey>false</isSurrogateKey>
<indexColumnUsage>
<colUsage columnID="0353F393-31DA-8D99-46FB-A158A37C74BC"/>
</indexColumnUsage>
</ind_PK_UK>
<ind_PK_UK id="42691F5B-29EF-E8BC-7CF9-145ADF0EE90E" schemaObject="B9747E78-31C9-E033-1072-BFCA55C723C9" name="MO08_MO03_FK_I">
<sourceConnName>Browser@C01L</sourceConnName>
<sourceObjSchema>MORPHMASTER</sourceObjSchema>
<sourceObjName>MO08_MO03_FK_I</sourceObjName>
<createdBy>Duncan.Taylor</createdBy>
<createdTime>2018-07-25 11:57:20 UTC</createdTime>
<ownerDesignName>cdb_c01l</ownerDesignName>
<isSurrogateKey>false</isSurrogateKey>
<indexColumnUsage>
<colUsage columnID="0424683D-01CA-089E-88F8-0BFECE8B844A"/>
</indexColumnUsage>
</ind_PK_UK>
<ind_PK_UK id="59F599B2-0834-634C-37FA-AC4D5D0C16CE" schemaObject="B9747E78-31C9-E033-1072-BFCA55C723C9" name="MO08_PK">
<sourceConnName>Browser@C01L</sourceConnName>
<sourceObjSchema>MORPHMASTER</sourceObjSchema>
<sourceObjName>MO08_PK</sourceObjName>
<createdBy>Duncan.Taylor</createdBy>
<createdTime>2018-07-25 11:57:20 UTC</createdTime>
<ownerDesignName>cdb_c01l</ownerDesignName>
<indexState>Unique Plain Index</indexState>
<isSurrogateKey>false</isSurrogateKey>
<indexColumnUsage>
<colUsage columnID="0353F393-31DA-8D99-46FB-A158A37C74BC"/>
</indexColumnUsage>
</ind_PK_UK>
<ind_PK_UK id="97337666-7029-7351-E547-D2B5784009C8" name="MO08_GE31_FK">
<createdBy>Duncan.Taylor</createdBy>
<createdTime>2018-07-25 11:57:41 UTC</createdTime>
<ownerDesignName>cdb_c01l</ownerDesignName>
<indexState>Foreign Key</indexState>
<isSurrogateKey>false</isSurrogateKey>
<indexColumnUsage>
<colUsage columnID="96CA0292-E60A-71B7-1421-44C7D45AD7B4"/>
<colUsage columnID="8BA178FE-ED45-DCAA-73FF-C086AD578AE9"/>
</indexColumnUsage>
</ind_PK_UK>
<ind_PK_UK id="ABF23DF7-12F2-98D9-8FE9-CD75684E68B0" name="MO08_MO03_FK">
<createdBy>Duncan.Taylor</createdBy>
<createdTime>2018-07-25 11:57:41 UTC</createdTime>
<ownerDesignName>cdb_c01l</ownerDesignName>
<indexState>Foreign Key</indexState>
<isSurrogateKey>false</isSurrogateKey>
<indexColumnUsage>
<colUsage columnID="0424683D-01CA-089E-88F8-0BFECE8B844A"/>
</indexColumnUsage>
</ind_PK_UK>
</indexes>
</Table>