<?xml version = '1.0' encoding = 'UTF-8'?>
<Table class="oracle.dbtools.crest.model.design.relational.Table" directorySegmentName="seg_20" id="7AC8A963-DA5E-EBE9-3F55-DD217EEB4B72" schemaObject="B9747E78-31C9-E033-1072-BFCA55C723C9" name="MO98_SCREENING_AVAIL_CAPACITY">
<sourceConnName>Browser@C01L</sourceConnName>
<sourceObjSchema>MORPHMASTER</sourceObjSchema>
<sourceObjName>MO98_SCREENING_AVAIL_CAPACITY</sourceObjName>
<createdBy>Duncan.Taylor</createdBy>
<createdTime>2018-07-25 11:56:53 UTC</createdTime>
<ownerDesignName>cdb_morphmaster</ownerDesignName>
<allowColumnReorder>false</allowColumnReorder>
<existDependencyGenerateInDDl>true</existDependencyGenerateInDDl>
<parsed>true</parsed>
<columns itemClass="oracle.dbtools.crest.model.design.relational.Column">
<Column name="WB_ID" id="4DD457C7-B037-0204-8758-DA4F630EEB70">
<sourceConnName>Browser@C01L</sourceConnName>
<sourceObjSchema>MO98_SCREENING_AVAIL_CAPACITY</sourceObjSchema>
<sourceObjName>WB_ID</sourceObjName>
<createdBy>Duncan.Taylor</createdBy>
<createdTime>2018-07-25 11:57:08 UTC</createdTime>
<ownerDesignName>cdb_morphmaster</ownerDesignName>
<useDomainConstraints>false</useDomainConstraints>
<use>1</use>
<logicalDatatype>LOGDT019</logicalDatatype>
<dataTypePrecision>6</dataTypePrecision>
<dataTypeScale>0</dataTypeScale>
<ownDataTypeParameters>,6,0</ownDataTypeParameters>
<autoIncrementCycle>false</autoIncrementCycle>
<associations>
<colAssociation fkAssociation="1DEDFDFD-5DF3-793A-6EF9-3FBDF861459E" referredColumn="F5280911-80DD-85BD-7FDB-09FCE95CCE3A"/>
</associations>
</Column>
<Column name="AVAILABLE_CAPACITY" id="47566DC3-D359-14E5-A462-9BCF773476F4">
<sourceConnName>Browser@C01L</sourceConnName>
<sourceObjSchema>MO98_SCREENING_AVAIL_CAPACITY</sourceObjSchema>
<sourceObjName>AVAILABLE_CAPACITY</sourceObjName>
<createdBy>Duncan.Taylor</createdBy>
<createdTime>2018-07-25 11:57:08 UTC</createdTime>
<ownerDesignName>cdb_morphmaster</ownerDesignName>
<useDomainConstraints>false</useDomainConstraints>
<use>1</use>
<logicalDatatype>LOGDT019</logicalDatatype>
<dataTypePrecision>6</dataTypePrecision>
<dataTypeScale>3</dataTypeScale>
<ownDataTypeParameters>,6,3</ownDataTypeParameters>
<autoIncrementCycle>false</autoIncrementCycle>
</Column>
<Column name="WB_LENGTH_IN_METRES" id="4DA6439E-E3F2-B166-6D12-CC19FD3135F7">
<sourceConnName>Browser@C01L</sourceConnName>
<sourceObjSchema>MO98_SCREENING_AVAIL_CAPACITY</sourceObjSchema>
<sourceObjName>WB_LENGTH_IN_METRES</sourceObjName>
<createdBy>Duncan.Taylor</createdBy>
<createdTime>2018-07-25 11:57:08 UTC</createdTime>
<ownerDesignName>cdb_morphmaster</ownerDesignName>
<useDomainConstraints>false</useDomainConstraints>
<use>1</use>
<logicalDatatype>LOGDT019</logicalDatatype>
<dataTypePrecision>6</dataTypePrecision>
<dataTypeScale>0</dataTypeScale>
<ownDataTypeParameters>,6,0</ownDataTypeParameters>
<autoIncrementCycle>false</autoIncrementCycle>
</Column>
<Column name="LOCH_AREA_SQ_METRES" id="A6AE0238-25EA-CD27-1EBB-39AB7EE5D562">
<sourceConnName>Browser@C01L</sourceConnName>
<sourceObjSchema>MO98_SCREENING_AVAIL_CAPACITY</sourceObjSchema>
<sourceObjName>LOCH_AREA_SQ_METRES</sourceObjName>
<createdBy>Duncan.Taylor</createdBy>
<createdTime>2018-07-25 11:57:08 UTC</createdTime>
<ownerDesignName>cdb_morphmaster</ownerDesignName>
<nullsAllowed>true</nullsAllowed>
<useDomainConstraints>false</useDomainConstraints>
<use>1</use>
<logicalDatatype>LOGDT019</logicalDatatype>
<dataTypePrecision>8</dataTypePrecision>
<dataTypeScale>0</dataTypeScale>
<ownDataTypeParameters>,8,0</ownDataTypeParameters>
<autoIncrementCycle>false</autoIncrementCycle>
</Column>
</columns>
<indexes itemClass="oracle.dbtools.crest.model.design.relational.Index">
<ind_PK_UK id="4BC6E971-A1D9-CB1C-3A49-91A7DB91C253" name="MO98_PK">
<sourceConnName>Browser@C01L</sourceConnName>
<sourceObjSchema>MORPHMASTER</sourceObjSchema>
<sourceObjName>MO98_PK</sourceObjName>
<createdBy>Duncan.Taylor</createdBy>
<createdTime>2018-07-25 11:57:29 UTC</createdTime>
<ownerDesignName>cdb_morphmaster</ownerDesignName>
<pk>true</pk>
<indexState>Primary Constraint</indexState>
<isSurrogateKey>false</isSurrogateKey>
<indexColumnUsage>
<colUsage columnID="4DD457C7-B037-0204-8758-DA4F630EEB70"/>
</indexColumnUsage>
</ind_PK_UK>
<ind_PK_UK id="68421AC4-BB3B-1277-C554-115203FD6885" schemaObject="B9747E78-31C9-E033-1072-BFCA55C723C9" name="MO98_PK">
<sourceConnName>Browser@C01L</sourceConnName>
<sourceObjSchema>MORPHMASTER</sourceObjSchema>
<sourceObjName>MO98_PK</sourceObjName>
<createdBy>Duncan.Taylor</createdBy>
<createdTime>2018-07-25 11:57:20 UTC</createdTime>
<ownerDesignName>cdb_morphmaster</ownerDesignName>
<indexState>Unique Plain Index</indexState>
<isSurrogateKey>false</isSurrogateKey>
<indexColumnUsage>
<colUsage columnID="4DD457C7-B037-0204-8758-DA4F630EEB70"/>
</indexColumnUsage>
</ind_PK_UK>
<ind_PK_UK id="FFB73162-27A0-A28E-F0DC-ED398893E051" name="MO98_WF10_FK">
<createdBy>Duncan.Taylor</createdBy>
<createdTime>2018-07-25 11:57:41 UTC</createdTime>
<ownerDesignName>cdb_morphmaster</ownerDesignName>
<indexState>Foreign Key</indexState>
<isSurrogateKey>false</isSurrogateKey>
<indexColumnUsage>
<colUsage columnID="4DD457C7-B037-0204-8758-DA4F630EEB70"/>
</indexColumnUsage>
</ind_PK_UK>
</indexes>
</Table>