<?xml version = '1.0' encoding = 'UTF-8'?>
<Table class="oracle.dbtools.crest.model.design.relational.Table" directorySegmentName="seg_20" id="9450A56E-691F-0248-05B2-728CD224C8DC" schemaObject="B9747E78-31C9-E033-1072-BFCA55C723C9" name="MO95_LAMPREY_LOCATION">
<sourceConnName>Browser@C01L</sourceConnName>
<sourceObjSchema>MORPHMASTER</sourceObjSchema>
<sourceObjName>MO95_LAMPREY_LOCATION</sourceObjName>
<createdBy>Duncan.Taylor</createdBy>
<createdTime>2018-07-25 11:56:53 UTC</createdTime>
<ownerDesignName>cdb_morphmaster</ownerDesignName>
<allowColumnReorder>false</allowColumnReorder>
<existDependencyGenerateInDDl>true</existDependencyGenerateInDDl>
<parsed>true</parsed>
<columns itemClass="oracle.dbtools.crest.model.design.relational.Column">
<Column name="EASTING" id="0BB76672-0CC2-FBE1-3E4E-4C7C3A527014">
<sourceConnName>Browser@C01L</sourceConnName>
<sourceObjSchema>MO95_LAMPREY_LOCATION</sourceObjSchema>
<sourceObjName>EASTING</sourceObjName>
<createdBy>Duncan.Taylor</createdBy>
<createdTime>2018-07-25 11:57:08 UTC</createdTime>
<ownerDesignName>cdb_morphmaster</ownerDesignName>
<useDomainConstraints>false</useDomainConstraints>
<use>1</use>
<logicalDatatype>LOGDT019</logicalDatatype>
<dataTypePrecision>7</dataTypePrecision>
<dataTypeScale>0</dataTypeScale>
<ownDataTypeParameters>,7,0</ownDataTypeParameters>
<autoIncrementCycle>false</autoIncrementCycle>
</Column>
<Column name="NORTHING" id="2B3BC42D-4253-5190-9439-A69598B12C83">
<sourceConnName>Browser@C01L</sourceConnName>
<sourceObjSchema>MO95_LAMPREY_LOCATION</sourceObjSchema>
<sourceObjName>NORTHING</sourceObjName>
<createdBy>Duncan.Taylor</createdBy>
<createdTime>2018-07-25 11:57:08 UTC</createdTime>
<ownerDesignName>cdb_morphmaster</ownerDesignName>
<useDomainConstraints>false</useDomainConstraints>
<use>1</use>
<logicalDatatype>LOGDT019</logicalDatatype>
<dataTypePrecision>7</dataTypePrecision>
<dataTypeScale>0</dataTypeScale>
<ownDataTypeParameters>,7,0</ownDataTypeParameters>
<autoIncrementCycle>false</autoIncrementCycle>
</Column>
<Column name="RADIUS_IN_KM" id="EDBADB47-60E7-B653-3194-68454EAC0594">
<sourceConnName>Browser@C01L</sourceConnName>
<sourceObjSchema>MO95_LAMPREY_LOCATION</sourceObjSchema>
<sourceObjName>RADIUS_IN_KM</sourceObjName>
<createdBy>Duncan.Taylor</createdBy>
<createdTime>2018-07-25 11:57:08 UTC</createdTime>
<ownerDesignName>cdb_morphmaster</ownerDesignName>
<useDomainConstraints>false</useDomainConstraints>
<use>1</use>
<logicalDatatype>LOGDT019</logicalDatatype>
<dataTypePrecision>6</dataTypePrecision>
<dataTypeScale>3</dataTypeScale>
<ownDataTypeParameters>,6,3</ownDataTypeParameters>
<autoIncrementCycle>false</autoIncrementCycle>
</Column>
</columns>
<indexes itemClass="oracle.dbtools.crest.model.design.relational.Index">
<ind_PK_UK id="F701561E-88DE-92DD-8264-4A6DC8E4F31D" name="MO95_PK">
<sourceConnName>Browser@C01L</sourceConnName>
<sourceObjSchema>MORPHMASTER</sourceObjSchema>
<sourceObjName>MO95_PK</sourceObjName>
<createdBy>Duncan.Taylor</createdBy>
<createdTime>2018-07-25 11:57:29 UTC</createdTime>
<ownerDesignName>cdb_morphmaster</ownerDesignName>
<pk>true</pk>
<indexState>Primary Constraint</indexState>
<isSurrogateKey>false</isSurrogateKey>
<indexColumnUsage>
<colUsage columnID="0BB76672-0CC2-FBE1-3E4E-4C7C3A527014"/>
<colUsage columnID="2B3BC42D-4253-5190-9439-A69598B12C83"/>
</indexColumnUsage>
</ind_PK_UK>
<ind_PK_UK id="7682394C-803A-269E-7B13-8F572596C3E4" schemaObject="B9747E78-31C9-E033-1072-BFCA55C723C9" name="MO95_PK">
<sourceConnName>Browser@C01L</sourceConnName>
<sourceObjSchema>MORPHMASTER</sourceObjSchema>
<sourceObjName>MO95_PK</sourceObjName>
<createdBy>Duncan.Taylor</createdBy>
<createdTime>2018-07-25 11:57:20 UTC</createdTime>
<ownerDesignName>cdb_morphmaster</ownerDesignName>
<indexState>Unique Plain Index</indexState>
<isSurrogateKey>false</isSurrogateKey>
<indexColumnUsage>
<colUsage columnID="0BB76672-0CC2-FBE1-3E4E-4C7C3A527014"/>
<colUsage columnID="2B3BC42D-4253-5190-9439-A69598B12C83"/>
</indexColumnUsage>
</ind_PK_UK>
</indexes>
</Table>