<?xml version = '1.0' encoding = 'UTF-8'?>
<Table class="oracle.dbtools.crest.model.design.relational.Table" directorySegmentName="seg_20" id="A28C63F3-F697-E9F3-6893-319D9685EAF5" schemaObject="B9747E78-31C9-E033-1072-BFCA55C723C9" name="MO25_MPD_MIMAS">
<sourceConnName>Browser@C01L</sourceConnName>
<sourceObjSchema>MORPHMASTER</sourceObjSchema>
<sourceObjName>MO25_MPD_MIMAS</sourceObjName>
<createdBy>Duncan.Taylor</createdBy>
<createdTime>2018-07-25 11:56:53 UTC</createdTime>
<ownerDesignName>cdb_c01l</ownerDesignName>
<allowColumnReorder>false</allowColumnReorder>
<existDependencyGenerateInDDl>true</existDependencyGenerateInDDl>
<parsed>true</parsed>
<columns itemClass="oracle.dbtools.crest.model.design.relational.Column">
<Column name="MO25_ID" id="244D9800-EE07-25E4-19A2-CA41FE023171">
<sourceConnName>Browser@C01L</sourceConnName>
<sourceObjSchema>MO25_MPD_MIMAS</sourceObjSchema>
<sourceObjName>MO25_ID</sourceObjName>
<createdBy>Duncan.Taylor</createdBy>
<createdTime>2018-07-25 11:57:08 UTC</createdTime>
<ownerDesignName>cdb_c01l</ownerDesignName>
<useDomainConstraints>false</useDomainConstraints>
<use>1</use>
<logicalDatatype>LOGDT019</logicalDatatype>
<ownDataTypeParameters>,,</ownDataTypeParameters>
<autoIncrementCycle>false</autoIncrementCycle>
</Column>
<Column name="ACTIVITY_TYPE_ID" id="D17EC103-BE4D-A050-E654-BEE47FE13B3E">
<sourceConnName>Browser@C01L</sourceConnName>
<sourceObjSchema>MO25_MPD_MIMAS</sourceObjSchema>
<sourceObjName>ACTIVITY_TYPE_ID</sourceObjName>
<createdBy>Duncan.Taylor</createdBy>
<createdTime>2018-07-25 11:57:08 UTC</createdTime>
<ownerDesignName>cdb_c01l</ownerDesignName>
<useDomainConstraints>false</useDomainConstraints>
<use>1</use>
<logicalDatatype>LOGDT019</logicalDatatype>
<dataTypePrecision>6</dataTypePrecision>
<dataTypeScale>0</dataTypeScale>
<ownDataTypeParameters>,6,0</ownDataTypeParameters>
<autoIncrementCycle>false</autoIncrementCycle>
<associations>
<colAssociation fkAssociation="715E0BF5-E4C8-2D0B-080C-01117408FEE7" referredColumn="CF70FB31-520A-A412-B3AE-F07D2EBC367C"/>
</associations>
</Column>
<Column name="ACTIVITY_CODE" id="616A5A2C-9F9E-9763-A101-078123DA1E9F">
<sourceConnName>Browser@C01L</sourceConnName>
<sourceObjSchema>MO25_MPD_MIMAS</sourceObjSchema>
<sourceObjName>ACTIVITY_CODE</sourceObjName>
<createdBy>Duncan.Taylor</createdBy>
<createdTime>2018-07-25 11:57:08 UTC</createdTime>
<ownerDesignName>cdb_c01l</ownerDesignName>
<useDomainConstraints>false</useDomainConstraints>
<use>1</use>
<logicalDatatype>LOGDT019</logicalDatatype>
<dataTypePrecision>8</dataTypePrecision>
<dataTypeScale>0</dataTypeScale>
<ownDataTypeParameters>,8,0</ownDataTypeParameters>
<autoIncrementCycle>false</autoIncrementCycle>
<associations>
<colAssociation fkAssociation="F91C6BEB-B1DD-7F79-521B-29506540CE95" referredColumn="FE028571-E840-9D79-5E09-8B29CC1FAA1B"/>
</associations>
</Column>
<Column name="ATTRIBUTE_ID" id="FFD9D975-A7FC-B29F-B6AD-DEA8FB6D6E18">
<sourceConnName>Browser@C01L</sourceConnName>
<sourceObjSchema>MO25_MPD_MIMAS</sourceObjSchema>
<sourceObjName>ATTRIBUTE_ID</sourceObjName>
<createdBy>Duncan.Taylor</createdBy>
<createdTime>2018-07-25 11:57:08 UTC</createdTime>
<ownerDesignName>cdb_c01l</ownerDesignName>
<nullsAllowed>true</nullsAllowed>
<useDomainConstraints>false</useDomainConstraints>
<use>1</use>
<logicalDatatype>LOGDT019</logicalDatatype>
<ownDataTypeParameters>,,</ownDataTypeParameters>
<autoIncrementCycle>false</autoIncrementCycle>
<associations>
<colAssociation fkAssociation="B1FE5381-5EB4-E0F5-28DE-78342F29C6E9" referredColumn="6CA76CB5-AB97-5462-4C2D-E65E00A7B401"/>
</associations>
</Column>
<Column name="ATTRIBUTE_VALUE" id="A727F2CE-355A-5E2A-C665-DB0E49ED4B3F">
<sourceConnName>Browser@C01L</sourceConnName>
<sourceObjSchema>MO25_MPD_MIMAS</sourceObjSchema>
<sourceObjName>ATTRIBUTE_VALUE</sourceObjName>
<createdBy>Duncan.Taylor</createdBy>
<createdTime>2018-07-25 11:57:08 UTC</createdTime>
<ownerDesignName>cdb_c01l</ownerDesignName>
<nullsAllowed>true</nullsAllowed>
<useDomainConstraints>false</useDomainConstraints>
<use>1</use>
<logicalDatatype>LOGDT024</logicalDatatype>
<dataTypeSize>255 BYTE</dataTypeSize>
<ownDataTypeParameters>255 BYTE,,</ownDataTypeParameters>
<autoIncrementCycle>false</autoIncrementCycle>
</Column>
<Column name="CALCULATE_LENGTH" id="E25CA1A5-67BC-1819-BFD6-D252062636AE">
<sourceConnName>Browser@C01L</sourceConnName>
<sourceObjSchema>MO25_MPD_MIMAS</sourceObjSchema>
<sourceObjName>CALCULATE_LENGTH</sourceObjName>
<createdBy>Duncan.Taylor</createdBy>
<createdTime>2018-07-25 11:57:08 UTC</createdTime>
<ownerDesignName>cdb_c01l</ownerDesignName>
<useDomainConstraints>false</useDomainConstraints>
<use>1</use>
<logicalDatatype>LOGDT024</logicalDatatype>
<dataTypeSize>1 BYTE</dataTypeSize>
<ownDataTypeParameters>1 BYTE,,</ownDataTypeParameters>
<autoIncrementCycle>false</autoIncrementCycle>
</Column>
<Column name="LEN_MIN_VALUE" id="A60BE0D8-2D02-E2F8-CD0E-43BE457AAFD2">
<sourceConnName>Browser@C01L</sourceConnName>
<sourceObjSchema>MO25_MPD_MIMAS</sourceObjSchema>
<sourceObjName>LEN_MIN_VALUE</sourceObjName>
<createdBy>Duncan.Taylor</createdBy>
<createdTime>2018-07-25 11:57:08 UTC</createdTime>
<ownerDesignName>cdb_c01l</ownerDesignName>
<nullsAllowed>true</nullsAllowed>
<useDomainConstraints>false</useDomainConstraints>
<use>1</use>
<logicalDatatype>LOGDT019</logicalDatatype>
<ownDataTypeParameters>,,</ownDataTypeParameters>
<autoIncrementCycle>false</autoIncrementCycle>
</Column>
<Column name="LEN_MULTIPLIER" id="B5F87314-F155-99DE-A251-8F5517E081DD">
<sourceConnName>Browser@C01L</sourceConnName>
<sourceObjSchema>MO25_MPD_MIMAS</sourceObjSchema>
<sourceObjName>LEN_MULTIPLIER</sourceObjName>
<createdBy>Duncan.Taylor</createdBy>
<createdTime>2018-07-25 11:57:08 UTC</createdTime>
<ownerDesignName>cdb_c01l</ownerDesignName>
<nullsAllowed>true</nullsAllowed>
<useDomainConstraints>false</useDomainConstraints>
<use>1</use>
<logicalDatatype>LOGDT019</logicalDatatype>
<ownDataTypeParameters>,,</ownDataTypeParameters>
<autoIncrementCycle>false</autoIncrementCycle>
</Column>
<Column name="ACTIVE" id="23472F39-C37D-BEFB-8FE1-2E7D0155C4B2">
<sourceConnName>Browser@C01L</sourceConnName>
<sourceObjSchema>MO25_MPD_MIMAS</sourceObjSchema>
<sourceObjName>ACTIVE</sourceObjName>
<createdBy>Duncan.Taylor</createdBy>
<createdTime>2018-07-25 11:57:08 UTC</createdTime>
<ownerDesignName>cdb_c01l</ownerDesignName>
<constraintName>AVCON_1204283548_ACTIV_000</constraintName>
<nullsAllowed>true</nullsAllowed>
<useDomainConstraints>false</useDomainConstraints>
<use>1</use>
<logicalDatatype>LOGDT024</logicalDatatype>
<dataTypeSize>1 BYTE</dataTypeSize>
<listOfValues>
<valueDef value="&apos;N&apos;" description=""/>
<valueDef value="&apos;Y&apos;" description=""/>
</listOfValues>
<ownDataTypeParameters>1 BYTE,,</ownDataTypeParameters>
<autoIncrementCycle>false</autoIncrementCycle>
</Column>
</columns>
<indexes itemClass="oracle.dbtools.crest.model.design.relational.Index">
<ind_PK_UK id="4B135F0E-8C3A-B3C3-8668-C882A44E251C" name="MO25_PK">
<sourceConnName>Browser@C01L</sourceConnName>
<sourceObjSchema>MORPHMASTER</sourceObjSchema>
<sourceObjName>MO25_PK</sourceObjName>
<createdBy>Duncan.Taylor</createdBy>
<createdTime>2018-07-25 11:57:29 UTC</createdTime>
<ownerDesignName>cdb_c01l</ownerDesignName>
<pk>true</pk>
<indexState>Primary Constraint</indexState>
<isSurrogateKey>false</isSurrogateKey>
<indexColumnUsage>
<colUsage columnID="244D9800-EE07-25E4-19A2-CA41FE023171"/>
</indexColumnUsage>
</ind_PK_UK>
<ind_PK_UK id="FF0FEF99-97D1-79B8-E9B3-F20537907922" schemaObject="B9747E78-31C9-E033-1072-BFCA55C723C9" name="MO25_PK">
<sourceConnName>Browser@C01L</sourceConnName>
<sourceObjSchema>MORPHMASTER</sourceObjSchema>
<sourceObjName>MO25_PK</sourceObjName>
<createdBy>Duncan.Taylor</createdBy>
<createdTime>2018-07-25 11:57:20 UTC</createdTime>
<ownerDesignName>cdb_c01l</ownerDesignName>
<indexState>Unique Plain Index</indexState>
<isSurrogateKey>false</isSurrogateKey>
<indexColumnUsage>
<colUsage columnID="244D9800-EE07-25E4-19A2-CA41FE023171"/>
</indexColumnUsage>
</ind_PK_UK>
<ind_PK_UK id="FCCCFB9B-7736-58CB-5608-7DBDD8CA786E" name="MO25_MO04_FK">
<createdBy>Duncan.Taylor</createdBy>
<createdTime>2018-07-25 11:57:41 UTC</createdTime>
<ownerDesignName>cdb_c01l</ownerDesignName>
<indexState>Foreign Key</indexState>
<isSurrogateKey>false</isSurrogateKey>
<indexColumnUsage>
<colUsage columnID="616A5A2C-9F9E-9763-A101-078123DA1E9F"/>
</indexColumnUsage>
</ind_PK_UK>
<ind_PK_UK id="5C7DCA80-34D9-B443-1AC9-2A8D34D73632" name="MO25_MO30_FK">
<createdBy>Duncan.Taylor</createdBy>
<createdTime>2018-07-25 11:57:41 UTC</createdTime>
<ownerDesignName>cdb_c01l</ownerDesignName>
<indexState>Foreign Key</indexState>
<isSurrogateKey>false</isSurrogateKey>
<indexColumnUsage>
<colUsage columnID="D17EC103-BE4D-A050-E654-BEE47FE13B3E"/>
</indexColumnUsage>
</ind_PK_UK>
<ind_PK_UK id="0BE82DD3-5496-C458-AED2-EA4804F24004" name="MO25_MO31_FK">
<createdBy>Duncan.Taylor</createdBy>
<createdTime>2018-07-25 11:57:41 UTC</createdTime>
<ownerDesignName>cdb_c01l</ownerDesignName>
<indexState>Foreign Key</indexState>
<isSurrogateKey>false</isSurrogateKey>
<indexColumnUsage>
<colUsage columnID="FFD9D975-A7FC-B29F-B6AD-DEA8FB6D6E18"/>
</indexColumnUsage>
</ind_PK_UK>
</indexes>
</Table>