<?xml version = '1.0' encoding = 'UTF-8'?>
<Table class="oracle.dbtools.crest.model.design.relational.Table" directorySegmentName="seg_20" id="C3ECBF8C-C7EC-1083-3080-C40377AA1E20" schemaObject="B9747E78-31C9-E033-1072-BFCA55C723C9" name="MO15_IMPACT_SCORES">
<sourceConnName>Browser@C01L</sourceConnName>
<sourceObjSchema>MORPHMASTER</sourceObjSchema>
<sourceObjName>MO15_IMPACT_SCORES</sourceObjName>
<createdBy>Duncan.Taylor</createdBy>
<createdTime>2018-07-25 11:56:53 UTC</createdTime>
<ownerDesignName>cdb_c01l</ownerDesignName>
<allowColumnReorder>false</allowColumnReorder>
<existDependencyGenerateInDDl>true</existDependencyGenerateInDDl>
<parsed>true</parsed>
<columns itemClass="oracle.dbtools.crest.model.design.relational.Column">
<Column name="IS_ID" id="90613F4F-72C9-5823-EA49-D4040484F894">
<sourceConnName>Browser@C01L</sourceConnName>
<sourceObjSchema>MO15_IMPACT_SCORES</sourceObjSchema>
<sourceObjName>IS_ID</sourceObjName>
<createdBy>Duncan.Taylor</createdBy>
<createdTime>2018-07-25 11:57:08 UTC</createdTime>
<ownerDesignName>cdb_c01l</ownerDesignName>
<useDomainConstraints>false</useDomainConstraints>
<use>1</use>
<logicalDatatype>LOGDT019</logicalDatatype>
<dataTypePrecision>*</dataTypePrecision>
<dataTypeScale>0</dataTypeScale>
<ownDataTypeParameters>,*,0</ownDataTypeParameters>
<autoIncrementCycle>false</autoIncrementCycle>
</Column>
<Column name="ACTIVITY_CODE" id="73F1E705-6170-8F48-35AE-E010390257AA">
<sourceConnName>Browser@C01L</sourceConnName>
<sourceObjSchema>MO15_IMPACT_SCORES</sourceObjSchema>
<sourceObjName>ACTIVITY_CODE</sourceObjName>
<createdBy>Duncan.Taylor</createdBy>
<createdTime>2018-07-25 11:57:08 UTC</createdTime>
<ownerDesignName>cdb_c01l</ownerDesignName>
<useDomainConstraints>false</useDomainConstraints>
<use>1</use>
<logicalDatatype>LOGDT019</logicalDatatype>
<dataTypePrecision>8</dataTypePrecision>
<dataTypeScale>0</dataTypeScale>
<ownDataTypeParameters>,8,0</ownDataTypeParameters>
<autoIncrementCycle>false</autoIncrementCycle>
<associations>
<colAssociation fkAssociation="783DA0FD-430B-BD9F-B2F3-D885A2EE3888" referredColumn="FE028571-E840-9D79-5E09-8B29CC1FAA1B"/>
</associations>
</Column>
<Column name="ZONE_CODE" id="C7AA7778-EC88-97FF-48A9-85F64F2390D4">
<sourceConnName>Browser@C01L</sourceConnName>
<sourceObjSchema>MO15_IMPACT_SCORES</sourceObjSchema>
<sourceObjName>ZONE_CODE</sourceObjName>
<createdBy>Duncan.Taylor</createdBy>
<createdTime>2018-07-25 11:57:08 UTC</createdTime>
<ownerDesignName>cdb_c01l</ownerDesignName>
<useDomainConstraints>false</useDomainConstraints>
<use>1</use>
<logicalDatatype>LOGDT019</logicalDatatype>
<dataTypePrecision>8</dataTypePrecision>
<dataTypeScale>0</dataTypeScale>
<ownDataTypeParameters>,8,0</ownDataTypeParameters>
<autoIncrementCycle>false</autoIncrementCycle>
<associations>
<colAssociation fkAssociation="2B177821-F353-9D9C-6C57-ADFC9EDDEDD8" referredColumn="66B34DDB-B6CA-8163-EAAB-77401B20F68F"/>
</associations>
</Column>
<Column name="ST_CODE" id="CAAA568A-A0ED-5EBF-0E1A-EFE666E64B84">
<sourceConnName>Browser@C01L</sourceConnName>
<sourceObjSchema>MO15_IMPACT_SCORES</sourceObjSchema>
<sourceObjName>ST_CODE</sourceObjName>
<createdBy>Duncan.Taylor</createdBy>
<createdTime>2018-07-25 11:57:08 UTC</createdTime>
<ownerDesignName>cdb_c01l</ownerDesignName>
<useDomainConstraints>false</useDomainConstraints>
<use>1</use>
<logicalDatatype>LOGDT024</logicalDatatype>
<dataTypeSize>4 BYTE</dataTypeSize>
<ownDataTypeParameters>4 BYTE,,</ownDataTypeParameters>
<autoIncrementCycle>false</autoIncrementCycle>
<associations>
<colAssociation fkAssociation="5B1CEBE4-6C46-2203-59C2-B8C6D1731001" referredColumn="DB9572F1-F220-A330-348B-FD69E7B990F1"/>
</associations>
</Column>
<Column name="CATEGORY" id="A3A3A738-BA38-EB77-900E-A98BB3E91560">
<sourceConnName>Browser@C01L</sourceConnName>
<sourceObjSchema>MO15_IMPACT_SCORES</sourceObjSchema>
<sourceObjName>CATEGORY</sourceObjName>
<createdBy>Duncan.Taylor</createdBy>
<createdTime>2018-07-25 11:57:08 UTC</createdTime>
<ownerDesignName>cdb_c01l</ownerDesignName>
<useDomainConstraints>false</useDomainConstraints>
<use>1</use>
<logicalDatatype>LOGDT019</logicalDatatype>
<dataTypePrecision>3</dataTypePrecision>
<dataTypeScale>0</dataTypeScale>
<ownDataTypeParameters>,3,0</ownDataTypeParameters>
<autoIncrementCycle>false</autoIncrementCycle>
<associations>
<colAssociation fkAssociation="5B1CEBE4-6C46-2203-59C2-B8C6D1731001" referredColumn="409C1669-D4CA-733A-FAC7-A5443C99203F"/>
</associations>
</Column>
<Column name="IMPACT_SCORE" id="47AC83C0-D797-70BD-89BE-D91E7BC14EBA">
<sourceConnName>Browser@C01L</sourceConnName>
<sourceObjSchema>MO15_IMPACT_SCORES</sourceObjSchema>
<sourceObjName>IMPACT_SCORE</sourceObjName>
<createdBy>Duncan.Taylor</createdBy>
<createdTime>2018-07-25 11:57:08 UTC</createdTime>
<ownerDesignName>cdb_c01l</ownerDesignName>
<useDomainConstraints>false</useDomainConstraints>
<use>1</use>
<logicalDatatype>LOGDT019</logicalDatatype>
<ownDataTypeParameters>,,</ownDataTypeParameters>
<autoIncrementCycle>false</autoIncrementCycle>
</Column>
</columns>
<indexes itemClass="oracle.dbtools.crest.model.design.relational.Index">
<ind_PK_UK id="2B71269F-9956-9434-F176-4CFE1A49B801" name="MO15_PK">
<sourceConnName>Browser@C01L</sourceConnName>
<sourceObjSchema>MORPHMASTER</sourceObjSchema>
<sourceObjName>MO15_PK</sourceObjName>
<createdBy>Duncan.Taylor</createdBy>
<createdTime>2018-07-25 11:57:29 UTC</createdTime>
<ownerDesignName>cdb_c01l</ownerDesignName>
<pk>true</pk>
<indexState>Primary Constraint</indexState>
<isSurrogateKey>false</isSurrogateKey>
<indexColumnUsage>
<colUsage columnID="90613F4F-72C9-5823-EA49-D4040484F894"/>
</indexColumnUsage>
</ind_PK_UK>
<ind_PK_UK id="E426F6FD-D462-EF51-2FCF-2C7B3266AD72" name="MO15_UK">
<sourceConnName>Browser@C01L</sourceConnName>
<sourceObjSchema>MORPHMASTER</sourceObjSchema>
<sourceObjName>MO15_UK</sourceObjName>
<createdBy>Duncan.Taylor</createdBy>
<createdTime>2018-07-25 11:57:29 UTC</createdTime>
<ownerDesignName>cdb_c01l</ownerDesignName>
<indexState>Unique Constraint</indexState>
<isSurrogateKey>false</isSurrogateKey>
<indexColumnUsage>
<colUsage columnID="C7AA7778-EC88-97FF-48A9-85F64F2390D4"/>
<colUsage columnID="73F1E705-6170-8F48-35AE-E010390257AA"/>
<colUsage columnID="CAAA568A-A0ED-5EBF-0E1A-EFE666E64B84"/>
<colUsage columnID="A3A3A738-BA38-EB77-900E-A98BB3E91560"/>
</indexColumnUsage>
</ind_PK_UK>
<ind_PK_UK id="B02F508D-E9BA-1DB2-D00F-3FF0534DB7B6" schemaObject="B9747E78-31C9-E033-1072-BFCA55C723C9" name="MO15_GE31_FK_I">
<sourceConnName>Browser@C01L</sourceConnName>
<sourceObjSchema>MORPHMASTER</sourceObjSchema>
<sourceObjName>MO15_GE31_FK_I</sourceObjName>
<createdBy>Duncan.Taylor</createdBy>
<createdTime>2018-07-25 11:57:20 UTC</createdTime>
<ownerDesignName>cdb_c01l</ownerDesignName>
<isSurrogateKey>false</isSurrogateKey>
<indexColumnUsage>
<colUsage columnID="CAAA568A-A0ED-5EBF-0E1A-EFE666E64B84"/>
<colUsage columnID="A3A3A738-BA38-EB77-900E-A98BB3E91560"/>
</indexColumnUsage>
</ind_PK_UK>
<ind_PK_UK id="3962035D-AE5C-6B79-32F3-5849F095EA61" schemaObject="B9747E78-31C9-E033-1072-BFCA55C723C9" name="MO15_MO04_FK_I">
<sourceConnName>Browser@C01L</sourceConnName>
<sourceObjSchema>MORPHMASTER</sourceObjSchema>
<sourceObjName>MO15_MO04_FK_I</sourceObjName>
<createdBy>Duncan.Taylor</createdBy>
<createdTime>2018-07-25 11:57:20 UTC</createdTime>
<ownerDesignName>cdb_c01l</ownerDesignName>
<isSurrogateKey>false</isSurrogateKey>
<indexColumnUsage>
<colUsage columnID="73F1E705-6170-8F48-35AE-E010390257AA"/>
</indexColumnUsage>
</ind_PK_UK>
<ind_PK_UK id="7ABB65D0-AD9C-A2F5-0D07-4D0C57AE1ECC" schemaObject="B9747E78-31C9-E033-1072-BFCA55C723C9" name="MO15_PK">
<sourceConnName>Browser@C01L</sourceConnName>
<sourceObjSchema>MORPHMASTER</sourceObjSchema>
<sourceObjName>MO15_PK</sourceObjName>
<createdBy>Duncan.Taylor</createdBy>
<createdTime>2018-07-25 11:57:20 UTC</createdTime>
<ownerDesignName>cdb_c01l</ownerDesignName>
<indexState>Unique Plain Index</indexState>
<isSurrogateKey>false</isSurrogateKey>
<indexColumnUsage>
<colUsage columnID="90613F4F-72C9-5823-EA49-D4040484F894"/>
</indexColumnUsage>
</ind_PK_UK>
<ind_PK_UK id="CD9CAB1B-9CAD-EF3B-65F4-812787C9BB1E" schemaObject="B9747E78-31C9-E033-1072-BFCA55C723C9" name="MO15_UK">
<sourceConnName>Browser@C01L</sourceConnName>
<sourceObjSchema>MORPHMASTER</sourceObjSchema>
<sourceObjName>MO15_UK</sourceObjName>
<createdBy>Duncan.Taylor</createdBy>
<createdTime>2018-07-25 11:57:20 UTC</createdTime>
<ownerDesignName>cdb_c01l</ownerDesignName>
<indexState>Unique Plain Index</indexState>
<isSurrogateKey>false</isSurrogateKey>
<indexColumnUsage>
<colUsage columnID="C7AA7778-EC88-97FF-48A9-85F64F2390D4"/>
<colUsage columnID="73F1E705-6170-8F48-35AE-E010390257AA"/>
<colUsage columnID="CAAA568A-A0ED-5EBF-0E1A-EFE666E64B84"/>
<colUsage columnID="A3A3A738-BA38-EB77-900E-A98BB3E91560"/>
</indexColumnUsage>
</ind_PK_UK>
<ind_PK_UK id="520354FB-B71D-1536-E42E-8FEA33477EB3" name="MO15_GE31_FK">
<createdBy>Duncan.Taylor</createdBy>
<createdTime>2018-07-25 11:57:41 UTC</createdTime>
<ownerDesignName>cdb_c01l</ownerDesignName>
<indexState>Foreign Key</indexState>
<isSurrogateKey>false</isSurrogateKey>
<indexColumnUsage>
<colUsage columnID="CAAA568A-A0ED-5EBF-0E1A-EFE666E64B84"/>
<colUsage columnID="A3A3A738-BA38-EB77-900E-A98BB3E91560"/>
</indexColumnUsage>
</ind_PK_UK>
<ind_PK_UK id="F4BB982B-3F20-0EB1-8997-4A81B3ADDB9D" name="MO15_MO01_FK">
<createdBy>Duncan.Taylor</createdBy>
<createdTime>2018-07-25 11:57:41 UTC</createdTime>
<ownerDesignName>cdb_c01l</ownerDesignName>
<indexState>Foreign Key</indexState>
<isSurrogateKey>false</isSurrogateKey>
<indexColumnUsage>
<colUsage columnID="C7AA7778-EC88-97FF-48A9-85F64F2390D4"/>
</indexColumnUsage>
</ind_PK_UK>
<ind_PK_UK id="115DAAA6-ABA8-6930-1C54-906D90250E09" name="MO15_MO04_FK">
<createdBy>Duncan.Taylor</createdBy>
<createdTime>2018-07-25 11:57:41 UTC</createdTime>
<ownerDesignName>cdb_c01l</ownerDesignName>
<indexState>Foreign Key</indexState>
<isSurrogateKey>false</isSurrogateKey>
<indexColumnUsage>
<colUsage columnID="73F1E705-6170-8F48-35AE-E010390257AA"/>
</indexColumnUsage>
</ind_PK_UK>
</indexes>
</Table>