<?xml version = '1.0' encoding = 'UTF-8'?>
<Table class="oracle.dbtools.crest.model.design.relational.Table" directorySegmentName="seg_20" id="C4177279-BB48-6149-E286-5DBCCFA6AAAC" schemaObject="B9747E78-31C9-E033-1072-BFCA55C723C9" name="MO97_SCREENING_ACTIVITIES">
<sourceConnName>Browser@C01L</sourceConnName>
<sourceObjSchema>MORPHMASTER</sourceObjSchema>
<sourceObjName>MO97_SCREENING_ACTIVITIES</sourceObjName>
<createdBy>Duncan.Taylor</createdBy>
<createdTime>2018-07-25 11:56:53 UTC</createdTime>
<ownerDesignName>cdb_c01l</ownerDesignName>
<allowColumnReorder>false</allowColumnReorder>
<existDependencyGenerateInDDl>true</existDependencyGenerateInDDl>
<parsed>true</parsed>
<columns itemClass="oracle.dbtools.crest.model.design.relational.Column">
<Column name="ACTIVITY_ID" id="49E58C1E-1B73-B92C-E397-F7E221EF603A">
<sourceConnName>Browser@C01L</sourceConnName>
<sourceObjSchema>MO97_SCREENING_ACTIVITIES</sourceObjSchema>
<sourceObjName>ACTIVITY_ID</sourceObjName>
<createdBy>Duncan.Taylor</createdBy>
<createdTime>2018-07-25 11:57:08 UTC</createdTime>
<ownerDesignName>cdb_c01l</ownerDesignName>
<useDomainConstraints>false</useDomainConstraints>
<use>1</use>
<logicalDatatype>LOGDT024</logicalDatatype>
<dataTypeSize>1 BYTE</dataTypeSize>
<ownDataTypeParameters>1 BYTE,,</ownDataTypeParameters>
<autoIncrementCycle>false</autoIncrementCycle>
</Column>
<Column name="DESCRIPTION" id="4B358DC4-14ED-F17C-5C25-8CF29422F164">
<sourceConnName>Browser@C01L</sourceConnName>
<sourceObjSchema>MO97_SCREENING_ACTIVITIES</sourceObjSchema>
<sourceObjName>DESCRIPTION</sourceObjName>
<createdBy>Duncan.Taylor</createdBy>
<createdTime>2018-07-25 11:57:08 UTC</createdTime>
<ownerDesignName>cdb_c01l</ownerDesignName>
<useDomainConstraints>false</useDomainConstraints>
<use>1</use>
<logicalDatatype>LOGDT024</logicalDatatype>
<dataTypeSize>500 BYTE</dataTypeSize>
<ownDataTypeParameters>500 BYTE,,</ownDataTypeParameters>
<autoIncrementCycle>false</autoIncrementCycle>
</Column>
<Column name="CAPACITY_USED" id="583B56D0-7C06-F6E6-5711-6614A8D3FD96">
<sourceConnName>Browser@C01L</sourceConnName>
<sourceObjSchema>MO97_SCREENING_ACTIVITIES</sourceObjSchema>
<sourceObjName>CAPACITY_USED</sourceObjName>
<createdBy>Duncan.Taylor</createdBy>
<createdTime>2018-07-25 11:57:08 UTC</createdTime>
<ownerDesignName>cdb_c01l</ownerDesignName>
<useDomainConstraints>false</useDomainConstraints>
<use>1</use>
<logicalDatatype>LOGDT019</logicalDatatype>
<dataTypePrecision>6</dataTypePrecision>
<dataTypeScale>3</dataTypeScale>
<ownDataTypeParameters>,6,3</ownDataTypeParameters>
<autoIncrementCycle>false</autoIncrementCycle>
</Column>
<Column name="REMOVAL_ALLOWED" id="052D87A5-1742-1B3F-A51E-23E31ACD243E">
<sourceConnName>Browser@C01L</sourceConnName>
<sourceObjSchema>MO97_SCREENING_ACTIVITIES</sourceObjSchema>
<sourceObjName>REMOVAL_ALLOWED</sourceObjName>
<createdBy>Duncan.Taylor</createdBy>
<createdTime>2018-07-25 11:57:08 UTC</createdTime>
<ownerDesignName>cdb_c01l</ownerDesignName>
<constraintName>AVCON_1332251861_REMOV_000</constraintName>
<useDomainConstraints>false</useDomainConstraints>
<use>1</use>
<logicalDatatype>LOGDT024</logicalDatatype>
<dataTypeSize>1 BYTE</dataTypeSize>
<listOfValues>
<valueDef value="&apos;N&apos;" description=""/>
<valueDef value="&apos;Y&apos;" description=""/>
</listOfValues>
<ownDataTypeParameters>1 BYTE,,</ownDataTypeParameters>
<autoIncrementCycle>false</autoIncrementCycle>
</Column>
</columns>
<indexes itemClass="oracle.dbtools.crest.model.design.relational.Index">
<ind_PK_UK id="9AC2C3C0-A6B3-0A20-9C33-1AAACBCE2738" name="MO97_PK">
<sourceConnName>Browser@C01L</sourceConnName>
<sourceObjSchema>MORPHMASTER</sourceObjSchema>
<sourceObjName>MO97_PK</sourceObjName>
<createdBy>Duncan.Taylor</createdBy>
<createdTime>2018-07-25 11:57:29 UTC</createdTime>
<ownerDesignName>cdb_c01l</ownerDesignName>
<pk>true</pk>
<indexState>Primary Constraint</indexState>
<isSurrogateKey>false</isSurrogateKey>
<indexColumnUsage>
<colUsage columnID="49E58C1E-1B73-B92C-E397-F7E221EF603A"/>
</indexColumnUsage>
</ind_PK_UK>
<ind_PK_UK id="6DF5A314-1C95-E3BD-5DC8-317346B382A2" schemaObject="B9747E78-31C9-E033-1072-BFCA55C723C9" name="MO97_PK">
<sourceConnName>Browser@C01L</sourceConnName>
<sourceObjSchema>MORPHMASTER</sourceObjSchema>
<sourceObjName>MO97_PK</sourceObjName>
<createdBy>Duncan.Taylor</createdBy>
<createdTime>2018-07-25 11:57:20 UTC</createdTime>
<ownerDesignName>cdb_c01l</ownerDesignName>
<indexState>Unique Plain Index</indexState>
<isSurrogateKey>false</isSurrogateKey>
<indexColumnUsage>
<colUsage columnID="49E58C1E-1B73-B92C-E397-F7E221EF603A"/>
</indexColumnUsage>
</ind_PK_UK>
</indexes>
</Table>