<?xml version = '1.0' encoding = 'UTF-8'?>
<Table class="oracle.dbtools.crest.model.design.relational.Table" directorySegmentName="seg_20" id="CFA0D3D5-ECDA-53E5-AA81-92FC013187CF" schemaObject="B9747E78-31C9-E033-1072-BFCA55C723C9" name="MO26_MORPH_ASSESSMENT">
<sourceConnName>Browser@C01L</sourceConnName>
<sourceObjSchema>MORPHMASTER</sourceObjSchema>
<sourceObjName>MO26_MORPH_ASSESSMENT</sourceObjName>
<createdBy>Duncan.Taylor</createdBy>
<createdTime>2018-07-25 11:56:53 UTC</createdTime>
<ownerDesignName>cdb_c01l</ownerDesignName>
<allowColumnReorder>false</allowColumnReorder>
<existDependencyGenerateInDDl>true</existDependencyGenerateInDDl>
<parsed>true</parsed>
<columns itemClass="oracle.dbtools.crest.model.design.relational.Column">
<Column name="MO26_ID" id="FEB14885-624D-F013-4F12-087FD04DE834">
<sourceConnName>Browser@C01L</sourceConnName>
<sourceObjSchema>MO26_MORPH_ASSESSMENT</sourceObjSchema>
<sourceObjName>MO26_ID</sourceObjName>
<createdBy>Duncan.Taylor</createdBy>
<createdTime>2018-07-25 11:57:08 UTC</createdTime>
<ownerDesignName>cdb_c01l</ownerDesignName>
<useDomainConstraints>false</useDomainConstraints>
<use>1</use>
<logicalDatatype>LOGDT019</logicalDatatype>
<ownDataTypeParameters>,,</ownDataTypeParameters>
<autoIncrementCycle>false</autoIncrementCycle>
</Column>
<Column name="AU_ID" id="251FA4EE-AEBA-4B62-09EA-0584C91EE56C">
<sourceConnName>Browser@C01L</sourceConnName>
<sourceObjSchema>MO26_MORPH_ASSESSMENT</sourceObjSchema>
<sourceObjName>AU_ID</sourceObjName>
<createdBy>Duncan.Taylor</createdBy>
<createdTime>2018-07-25 11:57:08 UTC</createdTime>
<ownerDesignName>cdb_c01l</ownerDesignName>
<useDomainConstraints>false</useDomainConstraints>
<use>1</use>
<logicalDatatype>LOGDT024</logicalDatatype>
<dataTypeSize>16 BYTE</dataTypeSize>
<ownDataTypeParameters>16 BYTE,,</ownDataTypeParameters>
<autoIncrementCycle>false</autoIncrementCycle>
</Column>
<Column name="ZONE_CODE" id="5350E993-3B80-268D-F307-6520FBC2FAFA">
<sourceConnName>Browser@C01L</sourceConnName>
<sourceObjSchema>MO26_MORPH_ASSESSMENT</sourceObjSchema>
<sourceObjName>ZONE_CODE</sourceObjName>
<createdBy>Duncan.Taylor</createdBy>
<createdTime>2018-07-25 11:57:08 UTC</createdTime>
<ownerDesignName>cdb_c01l</ownerDesignName>
<nullsAllowed>true</nullsAllowed>
<useDomainConstraints>false</useDomainConstraints>
<use>1</use>
<logicalDatatype>LOGDT019</logicalDatatype>
<dataTypePrecision>8</dataTypePrecision>
<dataTypeScale>0</dataTypeScale>
<ownDataTypeParameters>,8,0</ownDataTypeParameters>
<autoIncrementCycle>false</autoIncrementCycle>
</Column>
<Column name="ZONE_DESCRIPTION" id="D8A261D9-34D1-1EC9-892E-D9F4D1BCC385">
<sourceConnName>Browser@C01L</sourceConnName>
<sourceObjSchema>MO26_MORPH_ASSESSMENT</sourceObjSchema>
<sourceObjName>ZONE_DESCRIPTION</sourceObjName>
<createdBy>Duncan.Taylor</createdBy>
<createdTime>2018-07-25 11:57:08 UTC</createdTime>
<ownerDesignName>cdb_c01l</ownerDesignName>
<nullsAllowed>true</nullsAllowed>
<useDomainConstraints>false</useDomainConstraints>
<use>1</use>
<logicalDatatype>LOGDT024</logicalDatatype>
<dataTypeSize>100 BYTE</dataTypeSize>
<ownDataTypeParameters>100 BYTE,,</ownDataTypeParameters>
<autoIncrementCycle>false</autoIncrementCycle>
</Column>
<Column name="SINGLE_ACTIVITY_CAP_USED" id="F07728F1-A576-6FDA-24A0-2E1AE94EB422">
<sourceConnName>Browser@C01L</sourceConnName>
<sourceObjSchema>MO26_MORPH_ASSESSMENT</sourceObjSchema>
<sourceObjName>SINGLE_ACTIVITY_CAP_USED</sourceObjName>
<createdBy>Duncan.Taylor</createdBy>
<createdTime>2018-07-25 11:57:08 UTC</createdTime>
<ownerDesignName>cdb_c01l</ownerDesignName>
<nullsAllowed>true</nullsAllowed>
<useDomainConstraints>false</useDomainConstraints>
<use>1</use>
<logicalDatatype>LOGDT019</logicalDatatype>
<dataTypePrecision>9</dataTypePrecision>
<dataTypeScale>3</dataTypeScale>
<ownDataTypeParameters>,9,3</ownDataTypeParameters>
<autoIncrementCycle>false</autoIncrementCycle>
</Column>
<Column name="CUMULATIVE_CAP_USED" id="D67087E3-5F5D-094A-A820-5F49AA747A18">
<sourceConnName>Browser@C01L</sourceConnName>
<sourceObjSchema>MO26_MORPH_ASSESSMENT</sourceObjSchema>
<sourceObjName>CUMULATIVE_CAP_USED</sourceObjName>
<createdBy>Duncan.Taylor</createdBy>
<createdTime>2018-07-25 11:57:08 UTC</createdTime>
<ownerDesignName>cdb_c01l</ownerDesignName>
<nullsAllowed>true</nullsAllowed>
<useDomainConstraints>false</useDomainConstraints>
<use>1</use>
<logicalDatatype>LOGDT019</logicalDatatype>
<dataTypePrecision>9</dataTypePrecision>
<dataTypeScale>3</dataTypeScale>
<ownDataTypeParameters>,9,3</ownDataTypeParameters>
<autoIncrementCycle>false</autoIncrementCycle>
</Column>
<Column name="SINGLE_ACT_CLASSIFICATION" id="F3E47EE1-4EE4-733C-2334-0759AA7511E4">
<sourceConnName>Browser@C01L</sourceConnName>
<sourceObjSchema>MO26_MORPH_ASSESSMENT</sourceObjSchema>
<sourceObjName>SINGLE_ACT_CLASSIFICATION</sourceObjName>
<createdBy>Duncan.Taylor</createdBy>
<createdTime>2018-07-25 11:57:08 UTC</createdTime>
<ownerDesignName>cdb_c01l</ownerDesignName>
<nullsAllowed>true</nullsAllowed>
<useDomainConstraints>false</useDomainConstraints>
<use>1</use>
<logicalDatatype>LOGDT019</logicalDatatype>
<dataTypePrecision>8</dataTypePrecision>
<dataTypeScale>0</dataTypeScale>
<ownDataTypeParameters>,8,0</ownDataTypeParameters>
<autoIncrementCycle>false</autoIncrementCycle>
</Column>
<Column name="CUMULATIVE_CLASSIFICATION" id="219EBF61-F9AB-8D1F-868C-CA360DA746ED">
<sourceConnName>Browser@C01L</sourceConnName>
<sourceObjSchema>MO26_MORPH_ASSESSMENT</sourceObjSchema>
<sourceObjName>CUMULATIVE_CLASSIFICATION</sourceObjName>
<createdBy>Duncan.Taylor</createdBy>
<createdTime>2018-07-25 11:57:08 UTC</createdTime>
<ownerDesignName>cdb_c01l</ownerDesignName>
<nullsAllowed>true</nullsAllowed>
<useDomainConstraints>false</useDomainConstraints>
<use>1</use>
<logicalDatatype>LOGDT019</logicalDatatype>
<dataTypePrecision>8</dataTypePrecision>
<dataTypeScale>0</dataTypeScale>
<ownDataTypeParameters>,8,0</ownDataTypeParameters>
<autoIncrementCycle>false</autoIncrementCycle>
</Column>
<Column name="OVERALL_CLASSIFICATION" id="EE42D367-1046-CFF0-8466-20889F7B8DB8">
<sourceConnName>Browser@C01L</sourceConnName>
<sourceObjSchema>MO26_MORPH_ASSESSMENT</sourceObjSchema>
<sourceObjName>OVERALL_CLASSIFICATION</sourceObjName>
<createdBy>Duncan.Taylor</createdBy>
<createdTime>2018-07-25 11:57:08 UTC</createdTime>
<ownerDesignName>cdb_c01l</ownerDesignName>
<nullsAllowed>true</nullsAllowed>
<useDomainConstraints>false</useDomainConstraints>
<use>1</use>
<logicalDatatype>LOGDT019</logicalDatatype>
<dataTypePrecision>8</dataTypePrecision>
<dataTypeScale>0</dataTypeScale>
<ownDataTypeParameters>,8,0</ownDataTypeParameters>
<autoIncrementCycle>false</autoIncrementCycle>
</Column>
<Column name="SINGLE_ACT_PRESSURE_ID" id="1222CCA1-274B-99BD-14D1-9A716B0D6840">
<sourceConnName>Browser@C01L</sourceConnName>
<sourceObjSchema>MO26_MORPH_ASSESSMENT</sourceObjSchema>
<sourceObjName>SINGLE_ACT_PRESSURE_ID</sourceObjName>
<createdBy>Duncan.Taylor</createdBy>
<createdTime>2018-07-25 11:57:08 UTC</createdTime>
<ownerDesignName>cdb_c01l</ownerDesignName>
<nullsAllowed>true</nullsAllowed>
<useDomainConstraints>false</useDomainConstraints>
<use>1</use>
<logicalDatatype>LOGDT019</logicalDatatype>
<dataTypePrecision>10</dataTypePrecision>
<dataTypeScale>0</dataTypeScale>
<ownDataTypeParameters>,10,0</ownDataTypeParameters>
<autoIncrementCycle>false</autoIncrementCycle>
</Column>
<Column name="CLASSIFICATION_RUN_ID" id="71DC12AA-1E44-ECD1-07A8-A7048E976ED5">
<sourceConnName>Browser@C01L</sourceConnName>
<sourceObjSchema>MO26_MORPH_ASSESSMENT</sourceObjSchema>
<sourceObjName>CLASSIFICATION_RUN_ID</sourceObjName>
<createdBy>Duncan.Taylor</createdBy>
<createdTime>2018-07-25 11:57:08 UTC</createdTime>
<ownerDesignName>cdb_c01l</ownerDesignName>
<useDomainConstraints>false</useDomainConstraints>
<use>1</use>
<logicalDatatype>LOGDT019</logicalDatatype>
<dataTypePrecision>16</dataTypePrecision>
<dataTypeScale>0</dataTypeScale>
<ownDataTypeParameters>,16,0</ownDataTypeParameters>
<autoIncrementCycle>false</autoIncrementCycle>
<associations>
<colAssociation fkAssociation="2D111C95-8CAA-58CB-375F-C1ADD02B958E" referredColumn="F240E7FB-E0BD-31DE-9F75-04036BB3F0D3"/>
</associations>
</Column>
<Column name="ASSESSMENT_DATE" id="BF896801-4787-20BE-54D3-F1F837C7797E">
<sourceConnName>Browser@C01L</sourceConnName>
<sourceObjSchema>MO26_MORPH_ASSESSMENT</sourceObjSchema>
<sourceObjName>ASSESSMENT_DATE</sourceObjName>
<createdBy>Duncan.Taylor</createdBy>
<createdTime>2018-07-25 11:57:08 UTC</createdTime>
<ownerDesignName>cdb_c01l</ownerDesignName>
<nullsAllowed>true</nullsAllowed>
<useDomainConstraints>false</useDomainConstraints>
<use>1</use>
<logicalDatatype>LOGDT007</logicalDatatype>
<dataTypeSize>7</dataTypeSize>
<ownDataTypeParameters>7,,</ownDataTypeParameters>
<autoIncrementCycle>false</autoIncrementCycle>
</Column>
<Column name="USER_STAMP" id="D1E357E1-8190-9D21-36C7-A4D050DA9D17">
<sourceConnName>Browser@C01L</sourceConnName>
<sourceObjSchema>MO26_MORPH_ASSESSMENT</sourceObjSchema>
<sourceObjName>USER_STAMP</sourceObjName>
<createdBy>Duncan.Taylor</createdBy>
<createdTime>2018-07-25 11:57:08 UTC</createdTime>
<ownerDesignName>cdb_c01l</ownerDesignName>
<nullsAllowed>true</nullsAllowed>
<useDomainConstraints>false</useDomainConstraints>
<use>1</use>
<logicalDatatype>LOGDT024</logicalDatatype>
<dataTypeSize>40 BYTE</dataTypeSize>
<ownDataTypeParameters>40 BYTE,,</ownDataTypeParameters>
<autoIncrementCycle>false</autoIncrementCycle>
</Column>
<Column name="TIME_STAMP" id="32517897-D99F-0043-D045-59FC0F2BFC5A">
<sourceConnName>Browser@C01L</sourceConnName>
<sourceObjSchema>MO26_MORPH_ASSESSMENT</sourceObjSchema>
<sourceObjName>TIME_STAMP</sourceObjName>
<createdBy>Duncan.Taylor</createdBy>
<createdTime>2018-07-25 11:57:08 UTC</createdTime>
<ownerDesignName>cdb_c01l</ownerDesignName>
<nullsAllowed>true</nullsAllowed>
<useDomainConstraints>false</useDomainConstraints>
<use>1</use>
<logicalDatatype>LOGDT015</logicalDatatype>
<dataTypePrecision>6</dataTypePrecision>
<ownDataTypeParameters>,6,</ownDataTypeParameters>
<autoIncrementCycle>false</autoIncrementCycle>
</Column>
<Column name="CUMULATIVE_CAP_AMENDED_VALUE" id="041FF7AC-46DC-184E-9AA4-F3449A4A3C1F">
<sourceConnName>Browser@C01L</sourceConnName>
<sourceObjSchema>MO26_MORPH_ASSESSMENT</sourceObjSchema>
<sourceObjName>CUMULATIVE_CAP_AMENDED_VALUE</sourceObjName>
<createdBy>Duncan.Taylor</createdBy>
<createdTime>2018-07-25 11:57:08 UTC</createdTime>
<ownerDesignName>cdb_c01l</ownerDesignName>
<nullsAllowed>true</nullsAllowed>
<useDomainConstraints>false</useDomainConstraints>
<use>1</use>
<logicalDatatype>LOGDT019</logicalDatatype>
<dataTypePrecision>9</dataTypePrecision>
<dataTypeScale>3</dataTypeScale>
<ownDataTypeParameters>,9,3</ownDataTypeParameters>
<autoIncrementCycle>false</autoIncrementCycle>
</Column>
<Column name="CONFIDENCE" id="E4F87F17-4566-34FE-DBB7-2D8461107E8F">
<sourceConnName>Browser@C01L</sourceConnName>
<sourceObjSchema>MO26_MORPH_ASSESSMENT</sourceObjSchema>
<sourceObjName>CONFIDENCE</sourceObjName>
<createdBy>Duncan.Taylor</createdBy>
<createdTime>2018-07-25 11:57:08 UTC</createdTime>
<ownerDesignName>cdb_c01l</ownerDesignName>
<nullsAllowed>true</nullsAllowed>
<useDomainConstraints>false</useDomainConstraints>
<use>1</use>
<logicalDatatype>LOGDT019</logicalDatatype>
<dataTypePrecision>3</dataTypePrecision>
<dataTypeScale>0</dataTypeScale>
<ownDataTypeParameters>,3,0</ownDataTypeParameters>
<autoIncrementCycle>false</autoIncrementCycle>
</Column>
<Column name="COMMENTS" id="9461BB8A-F2F8-61AB-5D98-9A5D41E11832">
<sourceConnName>Browser@C01L</sourceConnName>
<sourceObjSchema>MO26_MORPH_ASSESSMENT</sourceObjSchema>
<sourceObjName>COMMENTS</sourceObjName>
<createdBy>Duncan.Taylor</createdBy>
<createdTime>2018-07-25 11:57:08 UTC</createdTime>
<ownerDesignName>cdb_c01l</ownerDesignName>
<nullsAllowed>true</nullsAllowed>
<useDomainConstraints>false</useDomainConstraints>
<use>1</use>
<logicalDatatype>LOGDT024</logicalDatatype>
<dataTypeSize>4000 BYTE</dataTypeSize>
<ownDataTypeParameters>4000 BYTE,,</ownDataTypeParameters>
<autoIncrementCycle>false</autoIncrementCycle>
</Column>
</columns>
<indexes itemClass="oracle.dbtools.crest.model.design.relational.Index">
<ind_PK_UK id="FE03BB82-2BA8-CCD4-C52C-4FB9284B4699" name="MO26_PK">
<sourceConnName>Browser@C01L</sourceConnName>
<sourceObjSchema>MORPHMASTER</sourceObjSchema>
<sourceObjName>MO26_PK</sourceObjName>
<createdBy>Duncan.Taylor</createdBy>
<createdTime>2018-07-25 11:57:29 UTC</createdTime>
<ownerDesignName>cdb_c01l</ownerDesignName>
<pk>true</pk>
<indexState>Primary Constraint</indexState>
<isSurrogateKey>false</isSurrogateKey>
<indexColumnUsage>
<colUsage columnID="FEB14885-624D-F013-4F12-087FD04DE834"/>
</indexColumnUsage>
</ind_PK_UK>
<ind_PK_UK id="2D3CCC06-B134-01F0-CAF6-2233879058B7" schemaObject="B9747E78-31C9-E033-1072-BFCA55C723C9" name="M026_RUN_ID_IDX">
<sourceConnName>Browser@C01L</sourceConnName>
<sourceObjSchema>MORPHMASTER</sourceObjSchema>
<sourceObjName>M026_RUN_ID_IDX</sourceObjName>
<createdBy>Duncan.Taylor</createdBy>
<createdTime>2018-07-25 11:57:20 UTC</createdTime>
<ownerDesignName>cdb_c01l</ownerDesignName>
<isSurrogateKey>false</isSurrogateKey>
<indexColumnUsage>
<colUsage columnID="71DC12AA-1E44-ECD1-07A8-A7048E976ED5"/>
<colUsage columnID="5350E993-3B80-268D-F307-6520FBC2FAFA"/>
<colUsage columnID="251FA4EE-AEBA-4B62-09EA-0584C91EE56C"/>
</indexColumnUsage>
</ind_PK_UK>
<ind_PK_UK id="C52172DA-44CC-53CB-D3D4-C71620354A3B" schemaObject="B9747E78-31C9-E033-1072-BFCA55C723C9" name="MO26_PK">
<sourceConnName>Browser@C01L</sourceConnName>
<sourceObjSchema>MORPHMASTER</sourceObjSchema>
<sourceObjName>MO26_PK</sourceObjName>
<createdBy>Duncan.Taylor</createdBy>
<createdTime>2018-07-25 11:57:20 UTC</createdTime>
<ownerDesignName>cdb_c01l</ownerDesignName>
<indexState>Unique Plain Index</indexState>
<isSurrogateKey>false</isSurrogateKey>
<indexColumnUsage>
<colUsage columnID="FEB14885-624D-F013-4F12-087FD04DE834"/>
</indexColumnUsage>
</ind_PK_UK>
<ind_PK_UK id="69CB122F-1544-5CB5-E44B-DDA70548C250" name="MO26_MO40_FK">
<createdBy>Duncan.Taylor</createdBy>
<createdTime>2018-07-25 11:57:41 UTC</createdTime>
<ownerDesignName>cdb_c01l</ownerDesignName>
<indexState>Foreign Key</indexState>
<isSurrogateKey>false</isSurrogateKey>
<indexColumnUsage>
<colUsage columnID="71DC12AA-1E44-ECD1-07A8-A7048E976ED5"/>
</indexColumnUsage>
</ind_PK_UK>
</indexes>
</Table>