<?xml version = '1.0' encoding = 'UTF-8'?>
<Table class="oracle.dbtools.crest.model.design.relational.Table" directorySegmentName="seg_20" id="D71286C7-DE94-2064-54A8-A63C056924E2" schemaObject="B9747E78-31C9-E033-1072-BFCA55C723C9" name="MO35_PRESSURE_WATERCOURSES">
<sourceConnName>Browser@C01L</sourceConnName>
<sourceObjSchema>MORPHMASTER</sourceObjSchema>
<sourceObjName>MO35_PRESSURE_WATERCOURSES</sourceObjName>
<createdBy>Duncan.Taylor</createdBy>
<createdTime>2018-07-25 11:56:53 UTC</createdTime>
<ownerDesignName>cdb_morphmaster</ownerDesignName>
<allowColumnReorder>false</allowColumnReorder>
<existDependencyGenerateInDDl>true</existDependencyGenerateInDDl>
<parsed>true</parsed>
<columns itemClass="oracle.dbtools.crest.model.design.relational.Column">
<Column name="WATERCOURSE_ID" id="C5740524-ECE2-E99E-77E1-E0A990FBA569">
<sourceConnName>Browser@C01L</sourceConnName>
<sourceObjSchema>MO35_PRESSURE_WATERCOURSES</sourceObjSchema>
<sourceObjName>WATERCOURSE_ID</sourceObjName>
<createdBy>Duncan.Taylor</createdBy>
<createdTime>2018-07-25 11:57:08 UTC</createdTime>
<ownerDesignName>cdb_morphmaster</ownerDesignName>
<useDomainConstraints>false</useDomainConstraints>
<use>1</use>
<logicalDatatype>LOGDT019</logicalDatatype>
<dataTypePrecision>6</dataTypePrecision>
<dataTypeScale>0</dataTypeScale>
<ownDataTypeParameters>,6,0</ownDataTypeParameters>
<autoIncrementCycle>false</autoIncrementCycle>
</Column>
<Column name="PRESSURE_ID" id="00619B60-098E-B5C5-500A-41F021F9B023">
<sourceConnName>Browser@C01L</sourceConnName>
<sourceObjSchema>MO35_PRESSURE_WATERCOURSES</sourceObjSchema>
<sourceObjName>PRESSURE_ID</sourceObjName>
<createdBy>Duncan.Taylor</createdBy>
<createdTime>2018-07-25 11:57:08 UTC</createdTime>
<ownerDesignName>cdb_morphmaster</ownerDesignName>
<useDomainConstraints>false</useDomainConstraints>
<use>1</use>
<logicalDatatype>LOGDT019</logicalDatatype>
<dataTypePrecision>10</dataTypePrecision>
<dataTypeScale>0</dataTypeScale>
<ownDataTypeParameters>,10,0</ownDataTypeParameters>
<autoIncrementCycle>false</autoIncrementCycle>
<associations>
<colAssociation fkAssociation="F7A317BE-EB15-FC65-D607-DFE8C94B47D4" referredColumn="F1234AAB-87D3-9539-144F-0DDD0BE6D4C0"/>
</associations>
</Column>
<Column name="CATCHMENT_NUMBER" id="EB8EEC46-C246-16E6-E525-F1B1F91D4CE2">
<sourceConnName>Browser@C01L</sourceConnName>
<sourceObjSchema>MO35_PRESSURE_WATERCOURSES</sourceObjSchema>
<sourceObjName>CATCHMENT_NUMBER</sourceObjName>
<createdBy>Duncan.Taylor</createdBy>
<createdTime>2018-07-25 11:57:08 UTC</createdTime>
<ownerDesignName>cdb_morphmaster</ownerDesignName>
<useDomainConstraints>false</useDomainConstraints>
<use>1</use>
<logicalDatatype>LOGDT019</logicalDatatype>
<dataTypePrecision>6</dataTypePrecision>
<dataTypeScale>0</dataTypeScale>
<ownDataTypeParameters>,6,0</ownDataTypeParameters>
<autoIncrementCycle>false</autoIncrementCycle>
</Column>
<Column name="RIVER_NUMBER" id="5D6E1D80-5388-0154-7D57-BF82C924C166">
<sourceConnName>Browser@C01L</sourceConnName>
<sourceObjSchema>MO35_PRESSURE_WATERCOURSES</sourceObjSchema>
<sourceObjName>RIVER_NUMBER</sourceObjName>
<createdBy>Duncan.Taylor</createdBy>
<createdTime>2018-07-25 11:57:08 UTC</createdTime>
<ownerDesignName>cdb_morphmaster</ownerDesignName>
<useDomainConstraints>false</useDomainConstraints>
<use>1</use>
<logicalDatatype>LOGDT019</logicalDatatype>
<dataTypePrecision>6</dataTypePrecision>
<dataTypeScale>3</dataTypeScale>
<ownDataTypeParameters>,6,3</ownDataTypeParameters>
<autoIncrementCycle>false</autoIncrementCycle>
</Column>
<Column name="DOWNSTREAM_DISTANCE" id="49E18C66-9ABC-F1C3-7B0E-2ED228D15C78">
<sourceConnName>Browser@C01L</sourceConnName>
<sourceObjSchema>MO35_PRESSURE_WATERCOURSES</sourceObjSchema>
<sourceObjName>DOWNSTREAM_DISTANCE</sourceObjName>
<createdBy>Duncan.Taylor</createdBy>
<createdTime>2018-07-25 11:57:08 UTC</createdTime>
<ownerDesignName>cdb_morphmaster</ownerDesignName>
<useDomainConstraints>false</useDomainConstraints>
<use>1</use>
<logicalDatatype>LOGDT019</logicalDatatype>
<dataTypePrecision>9</dataTypePrecision>
<dataTypeScale>3</dataTypeScale>
<ownDataTypeParameters>,9,3</ownDataTypeParameters>
<autoIncrementCycle>false</autoIncrementCycle>
</Column>
<Column name="UPSTREAM_DISTANCE" id="6BD20715-7183-3AFA-FDEF-50AB83DC9AE8">
<sourceConnName>Browser@C01L</sourceConnName>
<sourceObjSchema>MO35_PRESSURE_WATERCOURSES</sourceObjSchema>
<sourceObjName>UPSTREAM_DISTANCE</sourceObjName>
<createdBy>Duncan.Taylor</createdBy>
<createdTime>2018-07-25 11:57:08 UTC</createdTime>
<ownerDesignName>cdb_morphmaster</ownerDesignName>
<nullsAllowed>true</nullsAllowed>
<useDomainConstraints>false</useDomainConstraints>
<use>1</use>
<logicalDatatype>LOGDT019</logicalDatatype>
<dataTypePrecision>9</dataTypePrecision>
<dataTypeScale>3</dataTypeScale>
<ownDataTypeParameters>,9,3</ownDataTypeParameters>
<autoIncrementCycle>false</autoIncrementCycle>
</Column>
</columns>
<indexes itemClass="oracle.dbtools.crest.model.design.relational.Index">
<ind_PK_UK id="0746A003-6800-8ED1-0C81-FFFD38AB6763" name="MO35_PK">
<sourceConnName>Browser@C01L</sourceConnName>
<sourceObjSchema>MORPHMASTER</sourceObjSchema>
<sourceObjName>MO35_PK</sourceObjName>
<createdBy>Duncan.Taylor</createdBy>
<createdTime>2018-07-25 11:57:29 UTC</createdTime>
<ownerDesignName>cdb_morphmaster</ownerDesignName>
<pk>true</pk>
<indexState>Primary Constraint</indexState>
<isSurrogateKey>false</isSurrogateKey>
<indexColumnUsage>
<colUsage columnID="C5740524-ECE2-E99E-77E1-E0A990FBA569"/>
</indexColumnUsage>
</ind_PK_UK>
<ind_PK_UK id="E43C3242-F062-830A-FAD7-839652269C8C" schemaObject="B9747E78-31C9-E033-1072-BFCA55C723C9" name="MO35_MO33_FK_I">
<sourceConnName>Browser@C01L</sourceConnName>
<sourceObjSchema>MORPHMASTER</sourceObjSchema>
<sourceObjName>MO35_MO33_FK_I</sourceObjName>
<createdBy>Duncan.Taylor</createdBy>
<createdTime>2018-07-25 11:57:20 UTC</createdTime>
<ownerDesignName>cdb_morphmaster</ownerDesignName>
<isSurrogateKey>false</isSurrogateKey>
<indexColumnUsage>
<colUsage columnID="00619B60-098E-B5C5-500A-41F021F9B023"/>
</indexColumnUsage>
</ind_PK_UK>
<ind_PK_UK id="C0FCCA77-8E17-80BB-672D-E717ECCE1125" schemaObject="B9747E78-31C9-E033-1072-BFCA55C723C9" name="MO35_PK">
<sourceConnName>Browser@C01L</sourceConnName>
<sourceObjSchema>MORPHMASTER</sourceObjSchema>
<sourceObjName>MO35_PK</sourceObjName>
<createdBy>Duncan.Taylor</createdBy>
<createdTime>2018-07-25 11:57:20 UTC</createdTime>
<ownerDesignName>cdb_morphmaster</ownerDesignName>
<indexState>Unique Plain Index</indexState>
<isSurrogateKey>false</isSurrogateKey>
<indexColumnUsage>
<colUsage columnID="C5740524-ECE2-E99E-77E1-E0A990FBA569"/>
</indexColumnUsage>
</ind_PK_UK>
<ind_PK_UK id="D76193E9-3FD0-CCE8-2B60-6BC1B01BF6E1" name="MO35_MO33_FK">
<createdBy>Duncan.Taylor</createdBy>
<createdTime>2018-07-25 11:57:41 UTC</createdTime>
<ownerDesignName>cdb_morphmaster</ownerDesignName>
<indexState>Foreign Key</indexState>
<isSurrogateKey>false</isSurrogateKey>
<indexColumnUsage>
<colUsage columnID="00619B60-098E-B5C5-500A-41F021F9B023"/>
</indexColumnUsage>
</ind_PK_UK>
</indexes>
</Table>