<?xml version = '1.0' encoding = 'UTF-8'?>
<Table class="oracle.dbtools.crest.model.design.relational.Table" directorySegmentName="seg_20" id="D7D8256D-6F98-3C13-700C-C5ED9E1E8E96" schemaObject="B9747E78-31C9-E033-1072-BFCA55C723C9" name="MO32_TYPE_ATTRIBUTE_MATRIX">
<sourceConnName>Browser@C01L</sourceConnName>
<sourceObjSchema>MORPHMASTER</sourceObjSchema>
<sourceObjName>MO32_TYPE_ATTRIBUTE_MATRIX</sourceObjName>
<createdBy>Duncan.Taylor</createdBy>
<createdTime>2018-07-25 11:56:53 UTC</createdTime>
<ownerDesignName>cdb_morphmaster</ownerDesignName>
<allowColumnReorder>false</allowColumnReorder>
<existDependencyGenerateInDDl>true</existDependencyGenerateInDDl>
<parsed>true</parsed>
<columns itemClass="oracle.dbtools.crest.model.design.relational.Column">
<Column name="ACTIVITY_TYPE_ID" id="A250EAA0-21B4-E60C-8C50-32E7F73DB3E6">
<sourceConnName>Browser@C01L</sourceConnName>
<sourceObjSchema>MO32_TYPE_ATTRIBUTE_MATRIX</sourceObjSchema>
<sourceObjName>ACTIVITY_TYPE_ID</sourceObjName>
<createdBy>Duncan.Taylor</createdBy>
<createdTime>2018-07-25 11:57:08 UTC</createdTime>
<ownerDesignName>cdb_morphmaster</ownerDesignName>
<useDomainConstraints>false</useDomainConstraints>
<use>1</use>
<logicalDatatype>LOGDT019</logicalDatatype>
<dataTypePrecision>6</dataTypePrecision>
<dataTypeScale>0</dataTypeScale>
<ownDataTypeParameters>,6,0</ownDataTypeParameters>
<autoIncrementCycle>false</autoIncrementCycle>
<associations>
<colAssociation fkAssociation="4A3818D0-DCF1-6991-7584-1C19E74B7A0E" referredColumn="CF70FB31-520A-A412-B3AE-F07D2EBC367C"/>
</associations>
</Column>
<Column name="ATTRIBUTE_ID" id="7C2B2998-BB09-1878-57A0-E7C0423072F7">
<sourceConnName>Browser@C01L</sourceConnName>
<sourceObjSchema>MO32_TYPE_ATTRIBUTE_MATRIX</sourceObjSchema>
<sourceObjName>ATTRIBUTE_ID</sourceObjName>
<createdBy>Duncan.Taylor</createdBy>
<createdTime>2018-07-25 11:57:08 UTC</createdTime>
<ownerDesignName>cdb_morphmaster</ownerDesignName>
<useDomainConstraints>false</useDomainConstraints>
<use>1</use>
<logicalDatatype>LOGDT019</logicalDatatype>
<ownDataTypeParameters>,,</ownDataTypeParameters>
<autoIncrementCycle>false</autoIncrementCycle>
<associations>
<colAssociation fkAssociation="85CC9AF8-9013-ED0E-0626-15C167E555E9" referredColumn="6CA76CB5-AB97-5462-4C2D-E65E00A7B401"/>
</associations>
</Column>
<Column name="LOAD_COLUMN_ID" id="DE3995B0-B25C-74F3-883F-11DAF7B85CA2">
<sourceConnName>Browser@C01L</sourceConnName>
<sourceObjSchema>MO32_TYPE_ATTRIBUTE_MATRIX</sourceObjSchema>
<sourceObjName>LOAD_COLUMN_ID</sourceObjName>
<createdBy>Duncan.Taylor</createdBy>
<createdTime>2018-07-25 11:57:08 UTC</createdTime>
<ownerDesignName>cdb_morphmaster</ownerDesignName>
<nullsAllowed>true</nullsAllowed>
<useDomainConstraints>false</useDomainConstraints>
<use>1</use>
<logicalDatatype>LOGDT019</logicalDatatype>
<dataTypePrecision>2</dataTypePrecision>
<dataTypeScale>0</dataTypeScale>
<ownDataTypeParameters>,2,0</ownDataTypeParameters>
<autoIncrementCycle>false</autoIncrementCycle>
</Column>
</columns>
<indexes itemClass="oracle.dbtools.crest.model.design.relational.Index">
<ind_PK_UK id="68A30C6B-8A78-1C08-87B0-72F8E8DACC85" name="MO32_PK">
<sourceConnName>Browser@C01L</sourceConnName>
<sourceObjSchema>MORPHMASTER</sourceObjSchema>
<sourceObjName>MO32_PK</sourceObjName>
<createdBy>Duncan.Taylor</createdBy>
<createdTime>2018-07-25 11:57:29 UTC</createdTime>
<ownerDesignName>cdb_morphmaster</ownerDesignName>
<pk>true</pk>
<indexState>Primary Constraint</indexState>
<isSurrogateKey>false</isSurrogateKey>
<indexColumnUsage>
<colUsage columnID="A250EAA0-21B4-E60C-8C50-32E7F73DB3E6"/>
<colUsage columnID="7C2B2998-BB09-1878-57A0-E7C0423072F7"/>
</indexColumnUsage>
</ind_PK_UK>
<ind_PK_UK id="A358AB68-D8A4-1F10-5EFE-2F9C51C42D5B" schemaObject="B9747E78-31C9-E033-1072-BFCA55C723C9" name="MO32_MO31_FK_I">
<sourceConnName>Browser@C01L</sourceConnName>
<sourceObjSchema>MORPHMASTER</sourceObjSchema>
<sourceObjName>MO32_MO31_FK_I</sourceObjName>
<createdBy>Duncan.Taylor</createdBy>
<createdTime>2018-07-25 11:57:20 UTC</createdTime>
<ownerDesignName>cdb_morphmaster</ownerDesignName>
<isSurrogateKey>false</isSurrogateKey>
<indexColumnUsage>
<colUsage columnID="7C2B2998-BB09-1878-57A0-E7C0423072F7"/>
</indexColumnUsage>
</ind_PK_UK>
<ind_PK_UK id="366E71C2-39C2-C182-63AB-7BEBE49F5A71" schemaObject="B9747E78-31C9-E033-1072-BFCA55C723C9" name="MO32_PK">
<sourceConnName>Browser@C01L</sourceConnName>
<sourceObjSchema>MORPHMASTER</sourceObjSchema>
<sourceObjName>MO32_PK</sourceObjName>
<createdBy>Duncan.Taylor</createdBy>
<createdTime>2018-07-25 11:57:20 UTC</createdTime>
<ownerDesignName>cdb_morphmaster</ownerDesignName>
<indexState>Unique Plain Index</indexState>
<isSurrogateKey>false</isSurrogateKey>
<indexColumnUsage>
<colUsage columnID="A250EAA0-21B4-E60C-8C50-32E7F73DB3E6"/>
<colUsage columnID="7C2B2998-BB09-1878-57A0-E7C0423072F7"/>
</indexColumnUsage>
</ind_PK_UK>
<ind_PK_UK id="1EDC9ED7-0A66-D3B6-00A4-31F09CCF46DC" name="MO32_MO30_FK">
<createdBy>Duncan.Taylor</createdBy>
<createdTime>2018-07-25 11:57:41 UTC</createdTime>
<ownerDesignName>cdb_morphmaster</ownerDesignName>
<indexState>Foreign Key</indexState>
<isSurrogateKey>false</isSurrogateKey>
<indexColumnUsage>
<colUsage columnID="A250EAA0-21B4-E60C-8C50-32E7F73DB3E6"/>
</indexColumnUsage>
</ind_PK_UK>
<ind_PK_UK id="3F23486B-C044-71E5-A5F6-009C876468FD" name="MO32_MO31_FK">
<createdBy>Duncan.Taylor</createdBy>
<createdTime>2018-07-25 11:57:41 UTC</createdTime>
<ownerDesignName>cdb_morphmaster</ownerDesignName>
<indexState>Foreign Key</indexState>
<isSurrogateKey>false</isSurrogateKey>
<indexColumnUsage>
<colUsage columnID="7C2B2998-BB09-1878-57A0-E7C0423072F7"/>
</indexColumnUsage>
</ind_PK_UK>
</indexes>
</Table>