<?xml version = '1.0' encoding = 'UTF-8'?>
<Table class="oracle.dbtools.crest.model.design.relational.Table" directorySegmentName="seg_20" id="D99CEAB8-19B9-F7FE-4AC2-09D907AF3692" schemaObject="B9747E78-31C9-E033-1072-BFCA55C723C9" name="MO41_ASSESSMENT_LOG">
<sourceConnName>Browser@C01L</sourceConnName>
<sourceObjSchema>MORPHMASTER</sourceObjSchema>
<sourceObjName>MO41_ASSESSMENT_LOG</sourceObjName>
<createdBy>Duncan.Taylor</createdBy>
<createdTime>2018-07-25 11:56:53 UTC</createdTime>
<ownerDesignName>cdb_morphmaster</ownerDesignName>
<allowColumnReorder>false</allowColumnReorder>
<existDependencyGenerateInDDl>true</existDependencyGenerateInDDl>
<parsed>true</parsed>
<columns itemClass="oracle.dbtools.crest.model.design.relational.Column">
<Column name="ID" id="8ED8B6A0-04D4-413A-0D90-8BAE43A86166">
<sourceConnName>Browser@C01L</sourceConnName>
<sourceObjSchema>MO41_ASSESSMENT_LOG</sourceObjSchema>
<sourceObjName>ID</sourceObjName>
<createdBy>Duncan.Taylor</createdBy>
<createdTime>2018-07-25 11:57:08 UTC</createdTime>
<ownerDesignName>cdb_morphmaster</ownerDesignName>
<useDomainConstraints>false</useDomainConstraints>
<use>1</use>
<logicalDatatype>LOGDT019</logicalDatatype>
<ownDataTypeParameters>,,</ownDataTypeParameters>
<autoIncrementCycle>false</autoIncrementCycle>
</Column>
<Column name="RUN" id="AD73A544-9D16-55EB-4037-0BA9FB00399F">
<sourceConnName>Browser@C01L</sourceConnName>
<sourceObjSchema>MO41_ASSESSMENT_LOG</sourceObjSchema>
<sourceObjName>RUN</sourceObjName>
<createdBy>Duncan.Taylor</createdBy>
<createdTime>2018-07-25 11:57:08 UTC</createdTime>
<ownerDesignName>cdb_morphmaster</ownerDesignName>
<useDomainConstraints>false</useDomainConstraints>
<use>1</use>
<logicalDatatype>LOGDT019</logicalDatatype>
<ownDataTypeParameters>,,</ownDataTypeParameters>
<autoIncrementCycle>false</autoIncrementCycle>
</Column>
<Column name="CODE" id="9A6C5784-3FCE-8243-0CEB-30F4A03086A4">
<sourceConnName>Browser@C01L</sourceConnName>
<sourceObjSchema>MO41_ASSESSMENT_LOG</sourceObjSchema>
<sourceObjName>CODE</sourceObjName>
<createdBy>Duncan.Taylor</createdBy>
<createdTime>2018-07-25 11:57:08 UTC</createdTime>
<ownerDesignName>cdb_morphmaster</ownerDesignName>
<useDomainConstraints>false</useDomainConstraints>
<use>1</use>
<logicalDatatype>LOGDT019</logicalDatatype>
<dataTypePrecision>*</dataTypePrecision>
<dataTypeScale>0</dataTypeScale>
<ownDataTypeParameters>,*,0</ownDataTypeParameters>
<autoIncrementCycle>false</autoIncrementCycle>
</Column>
<Column name="MESSAGE_TEXT" id="C9766431-287C-5F0A-A536-3608DB5D91D1">
<sourceConnName>Browser@C01L</sourceConnName>
<sourceObjSchema>MO41_ASSESSMENT_LOG</sourceObjSchema>
<sourceObjName>MESSAGE_TEXT</sourceObjName>
<createdBy>Duncan.Taylor</createdBy>
<createdTime>2018-07-25 11:57:08 UTC</createdTime>
<ownerDesignName>cdb_morphmaster</ownerDesignName>
<useDomainConstraints>false</useDomainConstraints>
<use>1</use>
<logicalDatatype>LOGDT024</logicalDatatype>
<dataTypeSize>4000 BYTE</dataTypeSize>
<ownDataTypeParameters>4000 BYTE,,</ownDataTypeParameters>
<autoIncrementCycle>false</autoIncrementCycle>
</Column>
<Column name="CREATED_ON" id="FCA12741-FBDC-F1EA-B32C-2CB14F7DA486">
<sourceConnName>Browser@C01L</sourceConnName>
<sourceObjSchema>MO41_ASSESSMENT_LOG</sourceObjSchema>
<sourceObjName>CREATED_ON</sourceObjName>
<createdBy>Duncan.Taylor</createdBy>
<createdTime>2018-07-25 11:57:08 UTC</createdTime>
<ownerDesignName>cdb_morphmaster</ownerDesignName>
<useDomainConstraints>false</useDomainConstraints>
<use>1</use>
<logicalDatatype>LOGDT007</logicalDatatype>
<dataTypeSize>7</dataTypeSize>
<ownDataTypeParameters>7,,</ownDataTypeParameters>
<autoIncrementCycle>false</autoIncrementCycle>
</Column>
<Column name="CREATED_BY" id="14AA9828-2583-D017-BFA6-C76D05B8E142">
<sourceConnName>Browser@C01L</sourceConnName>
<sourceObjSchema>MO41_ASSESSMENT_LOG</sourceObjSchema>
<sourceObjName>CREATED_BY</sourceObjName>
<createdBy>Duncan.Taylor</createdBy>
<createdTime>2018-07-25 11:57:08 UTC</createdTime>
<ownerDesignName>cdb_morphmaster</ownerDesignName>
<useDomainConstraints>false</useDomainConstraints>
<use>1</use>
<logicalDatatype>LOGDT024</logicalDatatype>
<dataTypeSize>100 BYTE</dataTypeSize>
<ownDataTypeParameters>100 BYTE,,</ownDataTypeParameters>
<autoIncrementCycle>false</autoIncrementCycle>
</Column>
<Column name="PROGRAM" id="0172CE07-171F-1550-FD5E-7D2E9A5DBB5C">
<sourceConnName>Browser@C01L</sourceConnName>
<sourceObjSchema>MO41_ASSESSMENT_LOG</sourceObjSchema>
<sourceObjName>PROGRAM</sourceObjName>
<createdBy>Duncan.Taylor</createdBy>
<createdTime>2018-07-25 11:57:08 UTC</createdTime>
<ownerDesignName>cdb_morphmaster</ownerDesignName>
<nullsAllowed>true</nullsAllowed>
<useDomainConstraints>false</useDomainConstraints>
<use>1</use>
<logicalDatatype>LOGDT024</logicalDatatype>
<dataTypeSize>100 BYTE</dataTypeSize>
<ownDataTypeParameters>100 BYTE,,</ownDataTypeParameters>
<autoIncrementCycle>false</autoIncrementCycle>
</Column>
</columns>
<indexes itemClass="oracle.dbtools.crest.model.design.relational.Index">
<ind_PK_UK id="87CE6196-C967-E48F-61E5-039B5A40C23D" name="MO41_PK">
<sourceConnName>Browser@C01L</sourceConnName>
<sourceObjSchema>MORPHMASTER</sourceObjSchema>
<sourceObjName>MO41_PK</sourceObjName>
<createdBy>Duncan.Taylor</createdBy>
<createdTime>2018-07-25 11:57:29 UTC</createdTime>
<ownerDesignName>cdb_morphmaster</ownerDesignName>
<pk>true</pk>
<indexState>Primary Constraint</indexState>
<isSurrogateKey>false</isSurrogateKey>
<indexColumnUsage>
<colUsage columnID="8ED8B6A0-04D4-413A-0D90-8BAE43A86166"/>
</indexColumnUsage>
</ind_PK_UK>
<ind_PK_UK id="8C38EBB3-9375-C7F8-42E0-CC5128B658AA" schemaObject="B9747E78-31C9-E033-1072-BFCA55C723C9" name="MO41_PK">
<sourceConnName>Browser@C01L</sourceConnName>
<sourceObjSchema>MORPHMASTER</sourceObjSchema>
<sourceObjName>MO41_PK</sourceObjName>
<createdBy>Duncan.Taylor</createdBy>
<createdTime>2018-07-25 11:57:20 UTC</createdTime>
<ownerDesignName>cdb_morphmaster</ownerDesignName>
<indexState>Unique Plain Index</indexState>
<isSurrogateKey>false</isSurrogateKey>
<indexColumnUsage>
<colUsage columnID="8ED8B6A0-04D4-413A-0D90-8BAE43A86166"/>
</indexColumnUsage>
</ind_PK_UK>
</indexes>
</Table>