<?xml version = '1.0' encoding = 'UTF-8'?>
<Table class="oracle.dbtools.crest.model.design.relational.Table" directorySegmentName="seg_20" id="DFFF3846-F86F-302A-6AC2-2A430933896A" schemaObject="B9747E78-31C9-E033-1072-BFCA55C723C9" name="MO07_MORPHOLOGICAL_WEIGHTINGS">
<sourceConnName>Browser@C01L</sourceConnName>
<sourceObjSchema>MORPHMASTER</sourceObjSchema>
<sourceObjName>MO07_MORPHOLOGICAL_WEIGHTINGS</sourceObjName>
<createdBy>Duncan.Taylor</createdBy>
<createdTime>2018-07-25 11:56:53 UTC</createdTime>
<ownerDesignName>cdb_c01l</ownerDesignName>
<allowColumnReorder>false</allowColumnReorder>
<existDependencyGenerateInDDl>true</existDependencyGenerateInDDl>
<parsed>true</parsed>
<columns itemClass="oracle.dbtools.crest.model.design.relational.Column">
<Column name="MORPH_WGHT_CODE" id="4FAFCE92-90F2-3556-72AA-675CAEFB35F7">
<sourceConnName>Browser@C01L</sourceConnName>
<sourceObjSchema>MO07_MORPHOLOGICAL_WEIGHTINGS</sourceObjSchema>
<sourceObjName>MORPH_WGHT_CODE</sourceObjName>
<createdBy>Duncan.Taylor</createdBy>
<createdTime>2018-07-25 11:57:08 UTC</createdTime>
<ownerDesignName>cdb_c01l</ownerDesignName>
<useDomainConstraints>false</useDomainConstraints>
<use>1</use>
<logicalDatatype>LOGDT019</logicalDatatype>
<dataTypePrecision>8</dataTypePrecision>
<dataTypeScale>0</dataTypeScale>
<ownDataTypeParameters>,8,0</ownDataTypeParameters>
<autoIncrementCycle>false</autoIncrementCycle>
</Column>
<Column name="CHARACTERISTIC_CODE" id="C88AA6CA-1660-863C-9E0C-5C6CBDDFCF57">
<sourceConnName>Browser@C01L</sourceConnName>
<sourceObjSchema>MO07_MORPHOLOGICAL_WEIGHTINGS</sourceObjSchema>
<sourceObjName>CHARACTERISTIC_CODE</sourceObjName>
<createdBy>Duncan.Taylor</createdBy>
<createdTime>2018-07-25 11:57:08 UTC</createdTime>
<ownerDesignName>cdb_c01l</ownerDesignName>
<useDomainConstraints>false</useDomainConstraints>
<use>1</use>
<logicalDatatype>LOGDT019</logicalDatatype>
<dataTypePrecision>8</dataTypePrecision>
<dataTypeScale>0</dataTypeScale>
<ownDataTypeParameters>,8,0</ownDataTypeParameters>
<autoIncrementCycle>false</autoIncrementCycle>
<associations>
<colAssociation fkAssociation="9D153200-E2B0-849B-5451-C694CDDBA99C" referredColumn="75B063C9-A3AC-C18F-3A57-79DD2E189A60"/>
</associations>
</Column>
<Column name="ST_CODE" id="698D7E3C-A415-D4B5-8A68-5EB9CC93168B">
<sourceConnName>Browser@C01L</sourceConnName>
<sourceObjSchema>MO07_MORPHOLOGICAL_WEIGHTINGS</sourceObjSchema>
<sourceObjName>ST_CODE</sourceObjName>
<createdBy>Duncan.Taylor</createdBy>
<createdTime>2018-07-25 11:57:08 UTC</createdTime>
<ownerDesignName>cdb_c01l</ownerDesignName>
<useDomainConstraints>false</useDomainConstraints>
<use>1</use>
<logicalDatatype>LOGDT024</logicalDatatype>
<dataTypeSize>4 BYTE</dataTypeSize>
<ownDataTypeParameters>4 BYTE,,</ownDataTypeParameters>
<autoIncrementCycle>false</autoIncrementCycle>
<associations>
<colAssociation fkAssociation="2019ED5C-1F40-4BE1-10C2-A3911197CE15" referredColumn="DB9572F1-F220-A330-348B-FD69E7B990F1"/>
</associations>
</Column>
<Column name="CATEGORY" id="117BA2FB-004C-A6DD-2013-17AD8C6AFF9A">
<sourceConnName>Browser@C01L</sourceConnName>
<sourceObjSchema>MO07_MORPHOLOGICAL_WEIGHTINGS</sourceObjSchema>
<sourceObjName>CATEGORY</sourceObjName>
<createdBy>Duncan.Taylor</createdBy>
<createdTime>2018-07-25 11:57:08 UTC</createdTime>
<ownerDesignName>cdb_c01l</ownerDesignName>
<useDomainConstraints>false</useDomainConstraints>
<use>1</use>
<logicalDatatype>LOGDT019</logicalDatatype>
<dataTypePrecision>3</dataTypePrecision>
<dataTypeScale>0</dataTypeScale>
<ownDataTypeParameters>,3,0</ownDataTypeParameters>
<autoIncrementCycle>false</autoIncrementCycle>
<associations>
<colAssociation fkAssociation="2019ED5C-1F40-4BE1-10C2-A3911197CE15" referredColumn="409C1669-D4CA-733A-FAC7-A5443C99203F"/>
</associations>
</Column>
<Column name="RELEVANCE" id="07BB1DF6-DB59-B537-4AF1-DC1E15F97C9A">
<sourceConnName>Browser@C01L</sourceConnName>
<sourceObjSchema>MO07_MORPHOLOGICAL_WEIGHTINGS</sourceObjSchema>
<sourceObjName>RELEVANCE</sourceObjName>
<createdBy>Duncan.Taylor</createdBy>
<createdTime>2018-07-25 11:57:08 UTC</createdTime>
<ownerDesignName>cdb_c01l</ownerDesignName>
<useDomainConstraints>false</useDomainConstraints>
<use>1</use>
<logicalDatatype>LOGDT019</logicalDatatype>
<dataTypePrecision>3</dataTypePrecision>
<dataTypeScale>1</dataTypeScale>
<ownDataTypeParameters>,3,1</ownDataTypeParameters>
<autoIncrementCycle>false</autoIncrementCycle>
</Column>
<Column name="RESISTANCE" id="C4AC53E3-20E5-C80C-F995-34A2AC5724EF">
<sourceConnName>Browser@C01L</sourceConnName>
<sourceObjSchema>MO07_MORPHOLOGICAL_WEIGHTINGS</sourceObjSchema>
<sourceObjName>RESISTANCE</sourceObjName>
<createdBy>Duncan.Taylor</createdBy>
<createdTime>2018-07-25 11:57:08 UTC</createdTime>
<ownerDesignName>cdb_c01l</ownerDesignName>
<useDomainConstraints>false</useDomainConstraints>
<use>1</use>
<logicalDatatype>LOGDT019</logicalDatatype>
<dataTypePrecision>3</dataTypePrecision>
<dataTypeScale>1</dataTypeScale>
<ownDataTypeParameters>,3,1</ownDataTypeParameters>
<autoIncrementCycle>false</autoIncrementCycle>
</Column>
<Column name="RESILIENCE" id="EFAF320A-56B8-975D-DA54-F3F968F89F50">
<sourceConnName>Browser@C01L</sourceConnName>
<sourceObjSchema>MO07_MORPHOLOGICAL_WEIGHTINGS</sourceObjSchema>
<sourceObjName>RESILIENCE</sourceObjName>
<createdBy>Duncan.Taylor</createdBy>
<createdTime>2018-07-25 11:57:08 UTC</createdTime>
<ownerDesignName>cdb_c01l</ownerDesignName>
<useDomainConstraints>false</useDomainConstraints>
<use>1</use>
<logicalDatatype>LOGDT019</logicalDatatype>
<dataTypePrecision>3</dataTypePrecision>
<dataTypeScale>1</dataTypeScale>
<ownDataTypeParameters>,3,1</ownDataTypeParameters>
<autoIncrementCycle>false</autoIncrementCycle>
</Column>
<Column name="VERSION" id="D6F92A68-F14B-CB17-6ED3-78E4645A43EA">
<sourceConnName>Browser@C01L</sourceConnName>
<sourceObjSchema>MO07_MORPHOLOGICAL_WEIGHTINGS</sourceObjSchema>
<sourceObjName>VERSION</sourceObjName>
<createdBy>Duncan.Taylor</createdBy>
<createdTime>2018-07-25 11:57:08 UTC</createdTime>
<ownerDesignName>cdb_c01l</ownerDesignName>
<nullsAllowed>true</nullsAllowed>
<useDomainConstraints>false</useDomainConstraints>
<use>1</use>
<logicalDatatype>LOGDT024</logicalDatatype>
<dataTypeSize>5 BYTE</dataTypeSize>
<ownDataTypeParameters>5 BYTE,,</ownDataTypeParameters>
<autoIncrementCycle>false</autoIncrementCycle>
</Column>
<Column name="VALID" id="22C2D39A-C32D-BD99-BD3A-8D51CA426003">
<sourceConnName>Browser@C01L</sourceConnName>
<sourceObjSchema>MO07_MORPHOLOGICAL_WEIGHTINGS</sourceObjSchema>
<sourceObjName>VALID</sourceObjName>
<createdBy>Duncan.Taylor</createdBy>
<createdTime>2018-07-25 11:57:08 UTC</createdTime>
<ownerDesignName>cdb_c01l</ownerDesignName>
<constraintName>AVCON_1148636563_VALID_004</constraintName>
<nullsAllowed>true</nullsAllowed>
<useDomainConstraints>false</useDomainConstraints>
<use>1</use>
<logicalDatatype>LOGDT024</logicalDatatype>
<dataTypeSize>1 BYTE</dataTypeSize>
<listOfValues>
<valueDef value="&apos;N&apos;" description=""/>
<valueDef value="&apos;Y&apos;" description=""/>
</listOfValues>
<ownDataTypeParameters>1 BYTE,,</ownDataTypeParameters>
<autoIncrementCycle>false</autoIncrementCycle>
</Column>
<Column name="DATE_ENTERED" id="6F64F4A4-7E8D-25AE-D9E7-C87D1D0ED67C">
<sourceConnName>Browser@C01L</sourceConnName>
<sourceObjSchema>MO07_MORPHOLOGICAL_WEIGHTINGS</sourceObjSchema>
<sourceObjName>DATE_ENTERED</sourceObjName>
<createdBy>Duncan.Taylor</createdBy>
<createdTime>2018-07-25 11:57:08 UTC</createdTime>
<ownerDesignName>cdb_c01l</ownerDesignName>
<useDomainConstraints>false</useDomainConstraints>
<use>1</use>
<logicalDatatype>LOGDT007</logicalDatatype>
<dataTypeSize>7</dataTypeSize>
<ownDataTypeParameters>7,,</ownDataTypeParameters>
<autoIncrementCycle>false</autoIncrementCycle>
</Column>
</columns>
<indexes itemClass="oracle.dbtools.crest.model.design.relational.Index">
<ind_PK_UK id="38AAEB17-CD54-A3C9-61D5-A93D0C7FEB55" name="MO07_PK">
<sourceConnName>Browser@C01L</sourceConnName>
<sourceObjSchema>MORPHMASTER</sourceObjSchema>
<sourceObjName>MO07_PK</sourceObjName>
<createdBy>Duncan.Taylor</createdBy>
<createdTime>2018-07-25 11:57:29 UTC</createdTime>
<ownerDesignName>cdb_c01l</ownerDesignName>
<pk>true</pk>
<indexState>Primary Constraint</indexState>
<isSurrogateKey>false</isSurrogateKey>
<indexColumnUsage>
<colUsage columnID="4FAFCE92-90F2-3556-72AA-675CAEFB35F7"/>
</indexColumnUsage>
</ind_PK_UK>
<ind_PK_UK id="7DB56AE1-9AEB-F59A-F25E-B9DC9779034A" schemaObject="B9747E78-31C9-E033-1072-BFCA55C723C9" name="MO07_MO03_FK_I">
<sourceConnName>Browser@C01L</sourceConnName>
<sourceObjSchema>MORPHMASTER</sourceObjSchema>
<sourceObjName>MO07_MO03_FK_I</sourceObjName>
<createdBy>Duncan.Taylor</createdBy>
<createdTime>2018-07-25 11:57:20 UTC</createdTime>
<ownerDesignName>cdb_c01l</ownerDesignName>
<isSurrogateKey>false</isSurrogateKey>
<indexColumnUsage>
<colUsage columnID="C88AA6CA-1660-863C-9E0C-5C6CBDDFCF57"/>
</indexColumnUsage>
</ind_PK_UK>
<ind_PK_UK id="1D3D647E-06CF-5895-83D9-04CED80F6A7B" schemaObject="B9747E78-31C9-E033-1072-BFCA55C723C9" name="MO07_PK">
<sourceConnName>Browser@C01L</sourceConnName>
<sourceObjSchema>MORPHMASTER</sourceObjSchema>
<sourceObjName>MO07_PK</sourceObjName>
<createdBy>Duncan.Taylor</createdBy>
<createdTime>2018-07-25 11:57:20 UTC</createdTime>
<ownerDesignName>cdb_c01l</ownerDesignName>
<indexState>Unique Plain Index</indexState>
<isSurrogateKey>false</isSurrogateKey>
<indexColumnUsage>
<colUsage columnID="4FAFCE92-90F2-3556-72AA-675CAEFB35F7"/>
</indexColumnUsage>
</ind_PK_UK>
<ind_PK_UK id="73E37C9F-2505-3142-B82E-B27A0730BB4A" name="MO07_GE31_FK">
<createdBy>Duncan.Taylor</createdBy>
<createdTime>2018-07-25 11:57:41 UTC</createdTime>
<ownerDesignName>cdb_c01l</ownerDesignName>
<indexState>Foreign Key</indexState>
<isSurrogateKey>false</isSurrogateKey>
<indexColumnUsage>
<colUsage columnID="698D7E3C-A415-D4B5-8A68-5EB9CC93168B"/>
<colUsage columnID="117BA2FB-004C-A6DD-2013-17AD8C6AFF9A"/>
</indexColumnUsage>
</ind_PK_UK>
<ind_PK_UK id="7367CB51-9F85-CE1E-237F-C530D0B6E5A8" name="MO07_MO03_FK">
<createdBy>Duncan.Taylor</createdBy>
<createdTime>2018-07-25 11:57:41 UTC</createdTime>
<ownerDesignName>cdb_c01l</ownerDesignName>
<indexState>Foreign Key</indexState>
<isSurrogateKey>false</isSurrogateKey>
<indexColumnUsage>
<colUsage columnID="C88AA6CA-1660-863C-9E0C-5C6CBDDFCF57"/>
</indexColumnUsage>
</ind_PK_UK>
</indexes>
</Table>