<?xml version = '1.0' encoding = 'UTF-8'?>
<Table class="oracle.dbtools.crest.model.design.relational.Table" directorySegmentName="seg_20" id="E421FD0A-A74B-C3E7-1DD5-9CAD0C35FF20" schemaObject="B9747E78-31C9-E033-1072-BFCA55C723C9" name="MO30_PRESSURE_ACTIVITIES">
<sourceConnName>Browser@C01L</sourceConnName>
<sourceObjSchema>MORPHMASTER</sourceObjSchema>
<sourceObjName>MO30_PRESSURE_ACTIVITIES</sourceObjName>
<createdBy>Duncan.Taylor</createdBy>
<createdTime>2018-07-25 11:56:53 UTC</createdTime>
<ownerDesignName>cdb_morphmaster</ownerDesignName>
<allowColumnReorder>false</allowColumnReorder>
<existDependencyGenerateInDDl>true</existDependencyGenerateInDDl>
<parsed>true</parsed>
<columns itemClass="oracle.dbtools.crest.model.design.relational.Column">
<Column name="ACTIVITY_TYPE_ID" id="CF70FB31-520A-A412-B3AE-F07D2EBC367C">
<sourceConnName>Browser@C01L</sourceConnName>
<sourceObjSchema>MO30_PRESSURE_ACTIVITIES</sourceObjSchema>
<sourceObjName>ACTIVITY_TYPE_ID</sourceObjName>
<createdBy>Duncan.Taylor</createdBy>
<createdTime>2018-07-25 11:57:08 UTC</createdTime>
<ownerDesignName>cdb_morphmaster</ownerDesignName>
<useDomainConstraints>false</useDomainConstraints>
<use>1</use>
<logicalDatatype>LOGDT019</logicalDatatype>
<dataTypePrecision>6</dataTypePrecision>
<dataTypeScale>0</dataTypeScale>
<ownDataTypeParameters>,6,0</ownDataTypeParameters>
<autoIncrementCycle>false</autoIncrementCycle>
</Column>
<Column name="ACTIVITY_TYPE" id="E44B3828-AFA4-3C3F-11ED-37A7009CD0F6">
<sourceConnName>Browser@C01L</sourceConnName>
<sourceObjSchema>MO30_PRESSURE_ACTIVITIES</sourceObjSchema>
<sourceObjName>ACTIVITY_TYPE</sourceObjName>
<createdBy>Duncan.Taylor</createdBy>
<createdTime>2018-07-25 11:57:08 UTC</createdTime>
<ownerDesignName>cdb_morphmaster</ownerDesignName>
<useDomainConstraints>false</useDomainConstraints>
<use>1</use>
<logicalDatatype>LOGDT024</logicalDatatype>
<dataTypeSize>50 BYTE</dataTypeSize>
<ownDataTypeParameters>50 BYTE,,</ownDataTypeParameters>
<autoIncrementCycle>false</autoIncrementCycle>
</Column>
<Column name="ACTIVITY_TYPE_DESCRIPTION" id="6879E188-162E-1EC8-EBFE-361BD435948C">
<sourceConnName>Browser@C01L</sourceConnName>
<sourceObjSchema>MO30_PRESSURE_ACTIVITIES</sourceObjSchema>
<sourceObjName>ACTIVITY_TYPE_DESCRIPTION</sourceObjName>
<createdBy>Duncan.Taylor</createdBy>
<createdTime>2018-07-25 11:57:08 UTC</createdTime>
<ownerDesignName>cdb_morphmaster</ownerDesignName>
<nullsAllowed>true</nullsAllowed>
<useDomainConstraints>false</useDomainConstraints>
<use>1</use>
<logicalDatatype>LOGDT024</logicalDatatype>
<dataTypeSize>500 BYTE</dataTypeSize>
<ownDataTypeParameters>500 BYTE,,</ownDataTypeParameters>
<autoIncrementCycle>false</autoIncrementCycle>
</Column>
<Column name="SPATIAL_REP" id="21D71A3D-7DD2-1FFA-2F65-7EABAFD1E421">
<sourceConnName>Browser@C01L</sourceConnName>
<sourceObjSchema>MO30_PRESSURE_ACTIVITIES</sourceObjSchema>
<sourceObjName>SPATIAL_REP</sourceObjName>
<createdBy>Duncan.Taylor</createdBy>
<createdTime>2018-07-25 11:57:08 UTC</createdTime>
<ownerDesignName>cdb_morphmaster</ownerDesignName>
<constraintName>AVCON_1191235555_SPATI_000</constraintName>
<useDomainConstraints>false</useDomainConstraints>
<use>1</use>
<logicalDatatype>LOGDT024</logicalDatatype>
<dataTypeSize>5 BYTE</dataTypeSize>
<listOfValues>
<valueDef value="&apos;BOTH&apos;" description=""/>
<valueDef value="&apos;LINE&apos;" description=""/>
<valueDef value="&apos;POINT&apos;" description=""/>
</listOfValues>
<ownDataTypeParameters>5 BYTE,,</ownDataTypeParameters>
<autoIncrementCycle>false</autoIncrementCycle>
</Column>
<Column name="SPATIAL_SOURCE" id="475F34D2-23B5-1FAB-0B0B-7A5A53DA566D">
<sourceConnName>Browser@C01L</sourceConnName>
<sourceObjSchema>MO30_PRESSURE_ACTIVITIES</sourceObjSchema>
<sourceObjName>SPATIAL_SOURCE</sourceObjName>
<createdBy>Duncan.Taylor</createdBy>
<createdTime>2018-07-25 11:57:08 UTC</createdTime>
<ownerDesignName>cdb_morphmaster</ownerDesignName>
<nullsAllowed>true</nullsAllowed>
<useDomainConstraints>false</useDomainConstraints>
<use>1</use>
<logicalDatatype>LOGDT024</logicalDatatype>
<dataTypeSize>100 BYTE</dataTypeSize>
<ownDataTypeParameters>100 BYTE,,</ownDataTypeParameters>
<autoIncrementCycle>false</autoIncrementCycle>
</Column>
</columns>
<indexes itemClass="oracle.dbtools.crest.model.design.relational.Index">
<ind_PK_UK id="8BEBCF33-0B63-663B-CDD3-224CB9450EA7" name="MO30_PK">
<sourceConnName>Browser@C01L</sourceConnName>
<sourceObjSchema>MORPHMASTER</sourceObjSchema>
<sourceObjName>MO30_PK</sourceObjName>
<createdBy>Duncan.Taylor</createdBy>
<createdTime>2018-07-25 11:57:29 UTC</createdTime>
<ownerDesignName>cdb_morphmaster</ownerDesignName>
<pk>true</pk>
<indexState>Primary Constraint</indexState>
<isSurrogateKey>false</isSurrogateKey>
<indexColumnUsage>
<colUsage columnID="CF70FB31-520A-A412-B3AE-F07D2EBC367C"/>
</indexColumnUsage>
</ind_PK_UK>
<ind_PK_UK id="7FBFC30C-518D-A5FC-4459-BE82EA3F1B66" schemaObject="B9747E78-31C9-E033-1072-BFCA55C723C9" name="MO30_PK">
<sourceConnName>Browser@C01L</sourceConnName>
<sourceObjSchema>MORPHMASTER</sourceObjSchema>
<sourceObjName>MO30_PK</sourceObjName>
<createdBy>Duncan.Taylor</createdBy>
<createdTime>2018-07-25 11:57:20 UTC</createdTime>
<ownerDesignName>cdb_morphmaster</ownerDesignName>
<indexState>Unique Plain Index</indexState>
<isSurrogateKey>false</isSurrogateKey>
<indexColumnUsage>
<colUsage columnID="CF70FB31-520A-A412-B3AE-F07D2EBC367C"/>
</indexColumnUsage>
</ind_PK_UK>
</indexes>
</Table>