<?xml version = '1.0' encoding = 'UTF-8'?>
<Table class="oracle.dbtools.crest.model.design.relational.Table" directorySegmentName="seg_20" id="E8106C5B-C6D3-3161-6F56-53CA9BA876D5" schemaObject="B9747E78-31C9-E033-1072-BFCA55C723C9" name="MO34_PRESSURE_ATTRIBUTES">
<sourceConnName>Browser@C01L</sourceConnName>
<sourceObjSchema>MORPHMASTER</sourceObjSchema>
<sourceObjName>MO34_PRESSURE_ATTRIBUTES</sourceObjName>
<createdBy>Duncan.Taylor</createdBy>
<createdTime>2018-07-25 11:56:53 UTC</createdTime>
<ownerDesignName>cdb_morphmaster</ownerDesignName>
<allowColumnReorder>false</allowColumnReorder>
<existDependencyGenerateInDDl>true</existDependencyGenerateInDDl>
<parsed>true</parsed>
<columns itemClass="oracle.dbtools.crest.model.design.relational.Column">
<Column name="PRESSURE_ID" id="43204FA1-0FED-B151-9D30-B5846627A14C">
<sourceConnName>Browser@C01L</sourceConnName>
<sourceObjSchema>MO34_PRESSURE_ATTRIBUTES</sourceObjSchema>
<sourceObjName>PRESSURE_ID</sourceObjName>
<createdBy>Duncan.Taylor</createdBy>
<createdTime>2018-07-25 11:57:08 UTC</createdTime>
<ownerDesignName>cdb_morphmaster</ownerDesignName>
<useDomainConstraints>false</useDomainConstraints>
<use>1</use>
<logicalDatatype>LOGDT019</logicalDatatype>
<dataTypePrecision>10</dataTypePrecision>
<dataTypeScale>0</dataTypeScale>
<ownDataTypeParameters>,10,0</ownDataTypeParameters>
<autoIncrementCycle>false</autoIncrementCycle>
<associations>
<colAssociation fkAssociation="3AEFB530-3CA4-D329-63CA-FC4ADBC02611" referredColumn="F1234AAB-87D3-9539-144F-0DDD0BE6D4C0"/>
</associations>
</Column>
<Column name="ACTIVITY_TYPE_ID" id="E76FFF3C-2E7F-4D85-059A-CEB4FD821070">
<sourceConnName>Browser@C01L</sourceConnName>
<sourceObjSchema>MO34_PRESSURE_ATTRIBUTES</sourceObjSchema>
<sourceObjName>ACTIVITY_TYPE_ID</sourceObjName>
<createdBy>Duncan.Taylor</createdBy>
<createdTime>2018-07-25 11:57:08 UTC</createdTime>
<ownerDesignName>cdb_morphmaster</ownerDesignName>
<useDomainConstraints>false</useDomainConstraints>
<use>1</use>
<logicalDatatype>LOGDT019</logicalDatatype>
<dataTypePrecision>6</dataTypePrecision>
<dataTypeScale>0</dataTypeScale>
<ownDataTypeParameters>,6,0</ownDataTypeParameters>
<autoIncrementCycle>false</autoIncrementCycle>
<associations>
<colAssociation fkAssociation="808361DB-209F-79A2-9CC2-9C9D6B6F109E" referredColumn="A250EAA0-21B4-E60C-8C50-32E7F73DB3E6"/>
<colAssociation fkAssociation="3AEFB530-3CA4-D329-63CA-FC4ADBC02611" referredColumn="FE9306F3-8FE6-F59F-5C6C-CD873CFF60E3"/>
</associations>
</Column>
<Column name="ATTRIBUTE_ID" id="D3C1E8B5-AE18-7CF4-B0F8-11AF9AF1D93A">
<sourceConnName>Browser@C01L</sourceConnName>
<sourceObjSchema>MO34_PRESSURE_ATTRIBUTES</sourceObjSchema>
<sourceObjName>ATTRIBUTE_ID</sourceObjName>
<createdBy>Duncan.Taylor</createdBy>
<createdTime>2018-07-25 11:57:08 UTC</createdTime>
<ownerDesignName>cdb_morphmaster</ownerDesignName>
<useDomainConstraints>false</useDomainConstraints>
<use>1</use>
<logicalDatatype>LOGDT019</logicalDatatype>
<ownDataTypeParameters>,,</ownDataTypeParameters>
<autoIncrementCycle>false</autoIncrementCycle>
<associations>
<colAssociation fkAssociation="808361DB-209F-79A2-9CC2-9C9D6B6F109E" referredColumn="7C2B2998-BB09-1878-57A0-E7C0423072F7"/>
</associations>
</Column>
<Column name="ATTRIBUTE_VALUE" id="83439C42-2346-B27A-8486-2CAA9BD673FE">
<sourceConnName>Browser@C01L</sourceConnName>
<sourceObjSchema>MO34_PRESSURE_ATTRIBUTES</sourceObjSchema>
<sourceObjName>ATTRIBUTE_VALUE</sourceObjName>
<createdBy>Duncan.Taylor</createdBy>
<createdTime>2018-07-25 11:57:08 UTC</createdTime>
<ownerDesignName>cdb_morphmaster</ownerDesignName>
<useDomainConstraints>false</useDomainConstraints>
<use>1</use>
<logicalDatatype>LOGDT024</logicalDatatype>
<dataTypeSize>4000 BYTE</dataTypeSize>
<ownDataTypeParameters>4000 BYTE,,</ownDataTypeParameters>
<autoIncrementCycle>false</autoIncrementCycle>
</Column>
</columns>
<indexes itemClass="oracle.dbtools.crest.model.design.relational.Index">
<ind_PK_UK id="1C72CE38-EA3E-2134-D24B-DB1012D4886F" name="MO34_PK">
<sourceConnName>Browser@C01L</sourceConnName>
<sourceObjSchema>MORPHMASTER</sourceObjSchema>
<sourceObjName>MO34_PK</sourceObjName>
<createdBy>Duncan.Taylor</createdBy>
<createdTime>2018-07-25 11:57:29 UTC</createdTime>
<ownerDesignName>cdb_morphmaster</ownerDesignName>
<pk>true</pk>
<indexState>Primary Constraint</indexState>
<isSurrogateKey>false</isSurrogateKey>
<indexColumnUsage>
<colUsage columnID="43204FA1-0FED-B151-9D30-B5846627A14C"/>
<colUsage columnID="E76FFF3C-2E7F-4D85-059A-CEB4FD821070"/>
<colUsage columnID="D3C1E8B5-AE18-7CF4-B0F8-11AF9AF1D93A"/>
</indexColumnUsage>
</ind_PK_UK>
<ind_PK_UK id="86B7E1AD-54E9-E646-849B-42A9AB8925BA" schemaObject="B9747E78-31C9-E033-1072-BFCA55C723C9" name="MO34_MO32_FK_I">
<sourceConnName>Browser@C01L</sourceConnName>
<sourceObjSchema>MORPHMASTER</sourceObjSchema>
<sourceObjName>MO34_MO32_FK_I</sourceObjName>
<createdBy>Duncan.Taylor</createdBy>
<createdTime>2018-07-25 11:57:20 UTC</createdTime>
<ownerDesignName>cdb_morphmaster</ownerDesignName>
<isSurrogateKey>false</isSurrogateKey>
<indexColumnUsage>
<colUsage columnID="D3C1E8B5-AE18-7CF4-B0F8-11AF9AF1D93A"/>
<colUsage columnID="E76FFF3C-2E7F-4D85-059A-CEB4FD821070"/>
</indexColumnUsage>
</ind_PK_UK>
<ind_PK_UK id="999AF2EE-EE53-C3F8-4AE3-594C4A973D7D" schemaObject="B9747E78-31C9-E033-1072-BFCA55C723C9" name="MO34_PK">
<sourceConnName>Browser@C01L</sourceConnName>
<sourceObjSchema>MORPHMASTER</sourceObjSchema>
<sourceObjName>MO34_PK</sourceObjName>
<createdBy>Duncan.Taylor</createdBy>
<createdTime>2018-07-25 11:57:20 UTC</createdTime>
<ownerDesignName>cdb_morphmaster</ownerDesignName>
<indexState>Unique Plain Index</indexState>
<isSurrogateKey>false</isSurrogateKey>
<indexColumnUsage>
<colUsage columnID="43204FA1-0FED-B151-9D30-B5846627A14C"/>
<colUsage columnID="E76FFF3C-2E7F-4D85-059A-CEB4FD821070"/>
<colUsage columnID="D3C1E8B5-AE18-7CF4-B0F8-11AF9AF1D93A"/>
</indexColumnUsage>
</ind_PK_UK>
<ind_PK_UK id="77E11A17-BF4C-C85E-2489-CD4DD22C5451" name="MO34_MO32_FK">
<createdBy>Duncan.Taylor</createdBy>
<createdTime>2018-07-25 11:57:41 UTC</createdTime>
<ownerDesignName>cdb_morphmaster</ownerDesignName>
<indexState>Foreign Key</indexState>
<isSurrogateKey>false</isSurrogateKey>
<indexColumnUsage>
<colUsage columnID="E76FFF3C-2E7F-4D85-059A-CEB4FD821070"/>
<colUsage columnID="D3C1E8B5-AE18-7CF4-B0F8-11AF9AF1D93A"/>
</indexColumnUsage>
</ind_PK_UK>
<ind_PK_UK id="2CA92095-F237-EF36-B20C-B0393D50D5BF" name="MO34_MO33_FK">
<createdBy>Duncan.Taylor</createdBy>
<createdTime>2018-07-25 11:57:41 UTC</createdTime>
<ownerDesignName>cdb_morphmaster</ownerDesignName>
<indexState>Foreign Key</indexState>
<isSurrogateKey>false</isSurrogateKey>
<indexColumnUsage>
<colUsage columnID="E76FFF3C-2E7F-4D85-059A-CEB4FD821070"/>
<colUsage columnID="43204FA1-0FED-B151-9D30-B5846627A14C"/>
</indexColumnUsage>
</ind_PK_UK>
</indexes>
</Table>