<?xml version = '1.0' encoding = 'UTF-8'?>
<Table class="oracle.dbtools.crest.model.design.relational.Table" directorySegmentName="seg_20" id="F112AFB2-A363-E0D5-F172-1E6E71EC0B28" schemaObject="B9747E78-31C9-E033-1072-BFCA55C723C9" name="MO27_MIMAS_ACTIVITY_BREAKDOWN">
<sourceConnName>Browser@C01L</sourceConnName>
<sourceObjSchema>MORPHMASTER</sourceObjSchema>
<sourceObjName>MO27_MIMAS_ACTIVITY_BREAKDOWN</sourceObjName>
<createdBy>Duncan.Taylor</createdBy>
<createdTime>2018-07-25 11:56:53 UTC</createdTime>
<ownerDesignName>cdb_c01l</ownerDesignName>
<allowColumnReorder>false</allowColumnReorder>
<existDependencyGenerateInDDl>true</existDependencyGenerateInDDl>
<parsed>true</parsed>
<columns itemClass="oracle.dbtools.crest.model.design.relational.Column">
<Column name="MO27_ID" id="D87881C8-5990-4D12-9FE7-AB686EC52682">
<sourceConnName>Browser@C01L</sourceConnName>
<sourceObjSchema>MO27_MIMAS_ACTIVITY_BREAKDOWN</sourceObjSchema>
<sourceObjName>MO27_ID</sourceObjName>
<createdBy>Duncan.Taylor</createdBy>
<createdTime>2018-07-25 11:57:08 UTC</createdTime>
<ownerDesignName>cdb_c01l</ownerDesignName>
<useDomainConstraints>false</useDomainConstraints>
<use>1</use>
<logicalDatatype>LOGDT019</logicalDatatype>
<ownDataTypeParameters>,,</ownDataTypeParameters>
<autoIncrementCycle>false</autoIncrementCycle>
</Column>
<Column name="CLASSIFICATION_RUN_ID" id="8A8A2579-CF35-6CCA-0277-CBAFDC2D358B">
<sourceConnName>Browser@C01L</sourceConnName>
<sourceObjSchema>MO27_MIMAS_ACTIVITY_BREAKDOWN</sourceObjSchema>
<sourceObjName>CLASSIFICATION_RUN_ID</sourceObjName>
<createdBy>Duncan.Taylor</createdBy>
<createdTime>2018-07-25 11:57:08 UTC</createdTime>
<ownerDesignName>cdb_c01l</ownerDesignName>
<useDomainConstraints>false</useDomainConstraints>
<use>1</use>
<logicalDatatype>LOGDT019</logicalDatatype>
<dataTypePrecision>16</dataTypePrecision>
<dataTypeScale>0</dataTypeScale>
<ownDataTypeParameters>,16,0</ownDataTypeParameters>
<autoIncrementCycle>false</autoIncrementCycle>
<associations>
<colAssociation fkAssociation="A310AB6E-5805-08DA-37DA-2477E758F4F4" referredColumn="F240E7FB-E0BD-31DE-9F75-04036BB3F0D3"/>
</associations>
</Column>
<Column name="AU_ID" id="CA985C7A-5982-0EA8-2302-2145C665FE9E">
<sourceConnName>Browser@C01L</sourceConnName>
<sourceObjSchema>MO27_MIMAS_ACTIVITY_BREAKDOWN</sourceObjSchema>
<sourceObjName>AU_ID</sourceObjName>
<createdBy>Duncan.Taylor</createdBy>
<createdTime>2018-07-25 11:57:08 UTC</createdTime>
<ownerDesignName>cdb_c01l</ownerDesignName>
<nullsAllowed>true</nullsAllowed>
<useDomainConstraints>false</useDomainConstraints>
<use>1</use>
<logicalDatatype>LOGDT024</logicalDatatype>
<dataTypeSize>16 BYTE</dataTypeSize>
<ownDataTypeParameters>16 BYTE,,</ownDataTypeParameters>
<autoIncrementCycle>false</autoIncrementCycle>
</Column>
<Column name="ZONE_CODE" id="0A1E11B0-6732-C966-AAD0-4B55562F7DD9">
<sourceConnName>Browser@C01L</sourceConnName>
<sourceObjSchema>MO27_MIMAS_ACTIVITY_BREAKDOWN</sourceObjSchema>
<sourceObjName>ZONE_CODE</sourceObjName>
<createdBy>Duncan.Taylor</createdBy>
<createdTime>2018-07-25 11:57:08 UTC</createdTime>
<ownerDesignName>cdb_c01l</ownerDesignName>
<nullsAllowed>true</nullsAllowed>
<useDomainConstraints>false</useDomainConstraints>
<use>1</use>
<logicalDatatype>LOGDT019</logicalDatatype>
<dataTypePrecision>8</dataTypePrecision>
<dataTypeScale>0</dataTypeScale>
<ownDataTypeParameters>,8,0</ownDataTypeParameters>
<autoIncrementCycle>false</autoIncrementCycle>
</Column>
<Column name="MIMAS_ACTIVITY" id="0F05417B-B6C2-3E6D-ECF0-3BA96363015D">
<sourceConnName>Browser@C01L</sourceConnName>
<sourceObjSchema>MO27_MIMAS_ACTIVITY_BREAKDOWN</sourceObjSchema>
<sourceObjName>MIMAS_ACTIVITY</sourceObjName>
<createdBy>Duncan.Taylor</createdBy>
<createdTime>2018-07-25 11:57:08 UTC</createdTime>
<ownerDesignName>cdb_c01l</ownerDesignName>
<nullsAllowed>true</nullsAllowed>
<useDomainConstraints>false</useDomainConstraints>
<use>1</use>
<logicalDatatype>LOGDT024</logicalDatatype>
<dataTypeSize>50 BYTE</dataTypeSize>
<ownDataTypeParameters>50 BYTE,,</ownDataTypeParameters>
<autoIncrementCycle>false</autoIncrementCycle>
</Column>
<Column name="ACTIVITY_IMPACT" id="08326743-1B1C-2889-A04C-A5EB549D7DF9">
<sourceConnName>Browser@C01L</sourceConnName>
<sourceObjSchema>MO27_MIMAS_ACTIVITY_BREAKDOWN</sourceObjSchema>
<sourceObjName>ACTIVITY_IMPACT</sourceObjName>
<createdBy>Duncan.Taylor</createdBy>
<createdTime>2018-07-25 11:57:08 UTC</createdTime>
<ownerDesignName>cdb_c01l</ownerDesignName>
<nullsAllowed>true</nullsAllowed>
<useDomainConstraints>false</useDomainConstraints>
<use>1</use>
<logicalDatatype>LOGDT019</logicalDatatype>
<ownDataTypeParameters>,,</ownDataTypeParameters>
<autoIncrementCycle>false</autoIncrementCycle>
</Column>
<Column name="TOTAL_IMPACT" id="0F025A09-5F63-A3FC-3E90-3BCB5F72E29E">
<sourceConnName>Browser@C01L</sourceConnName>
<sourceObjSchema>MO27_MIMAS_ACTIVITY_BREAKDOWN</sourceObjSchema>
<sourceObjName>TOTAL_IMPACT</sourceObjName>
<createdBy>Duncan.Taylor</createdBy>
<createdTime>2018-07-25 11:57:08 UTC</createdTime>
<ownerDesignName>cdb_c01l</ownerDesignName>
<nullsAllowed>true</nullsAllowed>
<useDomainConstraints>false</useDomainConstraints>
<use>1</use>
<logicalDatatype>LOGDT019</logicalDatatype>
<ownDataTypeParameters>,,</ownDataTypeParameters>
<autoIncrementCycle>false</autoIncrementCycle>
</Column>
</columns>
<indexes itemClass="oracle.dbtools.crest.model.design.relational.Index">
<ind_PK_UK id="DC42C3B9-E93C-2BA6-7A78-7D58642E2C87" name="MO27_PK">
<sourceConnName>Browser@C01L</sourceConnName>
<sourceObjSchema>MORPHMASTER</sourceObjSchema>
<sourceObjName>MO27_PK</sourceObjName>
<createdBy>Duncan.Taylor</createdBy>
<createdTime>2018-07-25 11:57:29 UTC</createdTime>
<ownerDesignName>cdb_c01l</ownerDesignName>
<pk>true</pk>
<indexState>Primary Constraint</indexState>
<isSurrogateKey>false</isSurrogateKey>
<indexColumnUsage>
<colUsage columnID="D87881C8-5990-4D12-9FE7-AB686EC52682"/>
</indexColumnUsage>
</ind_PK_UK>
<ind_PK_UK id="3BA42BEB-980C-953D-1A33-884834A3F650" schemaObject="B9747E78-31C9-E033-1072-BFCA55C723C9" name="MO27_PK">
<sourceConnName>Browser@C01L</sourceConnName>
<sourceObjSchema>MORPHMASTER</sourceObjSchema>
<sourceObjName>MO27_PK</sourceObjName>
<createdBy>Duncan.Taylor</createdBy>
<createdTime>2018-07-25 11:57:20 UTC</createdTime>
<ownerDesignName>cdb_c01l</ownerDesignName>
<indexState>Unique Plain Index</indexState>
<isSurrogateKey>false</isSurrogateKey>
<indexColumnUsage>
<colUsage columnID="D87881C8-5990-4D12-9FE7-AB686EC52682"/>
</indexColumnUsage>
</ind_PK_UK>
<ind_PK_UK id="69368F52-FE7C-8146-B7D5-37C45FE19CBC" schemaObject="B9747E78-31C9-E033-1072-BFCA55C723C9" name="MO27_RUN_ID_IDX">
<sourceConnName>Browser@C01L</sourceConnName>
<sourceObjSchema>MORPHMASTER</sourceObjSchema>
<sourceObjName>MO27_RUN_ID_IDX</sourceObjName>
<createdBy>Duncan.Taylor</createdBy>
<createdTime>2018-07-25 11:57:20 UTC</createdTime>
<ownerDesignName>cdb_c01l</ownerDesignName>
<isSurrogateKey>false</isSurrogateKey>
<indexColumnUsage>
<colUsage columnID="8A8A2579-CF35-6CCA-0277-CBAFDC2D358B"/>
<colUsage columnID="0A1E11B0-6732-C966-AAD0-4B55562F7DD9"/>
<colUsage columnID="CA985C7A-5982-0EA8-2302-2145C665FE9E"/>
</indexColumnUsage>
</ind_PK_UK>
<ind_PK_UK id="89650E3D-5BBB-AD62-CAA1-895A4702E9C0" name="MO27_MO40_FK">
<createdBy>Duncan.Taylor</createdBy>
<createdTime>2018-07-25 11:57:41 UTC</createdTime>
<ownerDesignName>cdb_c01l</ownerDesignName>
<indexState>Foreign Key</indexState>
<isSurrogateKey>false</isSurrogateKey>
<indexColumnUsage>
<colUsage columnID="8A8A2579-CF35-6CCA-0277-CBAFDC2D358B"/>
</indexColumnUsage>
</ind_PK_UK>
</indexes>
</Table>