<?xml version = '1.0' encoding = 'UTF-8'?>
<Table class="oracle.dbtools.crest.model.design.relational.Table" directorySegmentName="seg_20" id="FBC01113-E0D1-B5CF-B00E-FF01419565A7" schemaObject="B9747E78-31C9-E033-1072-BFCA55C723C9" name="MO31_ATTRIBUTE_CATEGORIES">
<sourceConnName>Browser@C01L</sourceConnName>
<sourceObjSchema>MORPHMASTER</sourceObjSchema>
<sourceObjName>MO31_ATTRIBUTE_CATEGORIES</sourceObjName>
<createdBy>Duncan.Taylor</createdBy>
<createdTime>2018-07-25 11:56:53 UTC</createdTime>
<ownerDesignName>cdb_c01l</ownerDesignName>
<allowColumnReorder>false</allowColumnReorder>
<existDependencyGenerateInDDl>true</existDependencyGenerateInDDl>
<parsed>true</parsed>
<columns itemClass="oracle.dbtools.crest.model.design.relational.Column">
<Column name="ATTRIBUTE_ID" id="6CA76CB5-AB97-5462-4C2D-E65E00A7B401">
<sourceConnName>Browser@C01L</sourceConnName>
<sourceObjSchema>MO31_ATTRIBUTE_CATEGORIES</sourceObjSchema>
<sourceObjName>ATTRIBUTE_ID</sourceObjName>
<createdBy>Duncan.Taylor</createdBy>
<createdTime>2018-07-25 11:57:08 UTC</createdTime>
<ownerDesignName>cdb_c01l</ownerDesignName>
<useDomainConstraints>false</useDomainConstraints>
<use>1</use>
<logicalDatatype>LOGDT019</logicalDatatype>
<ownDataTypeParameters>,,</ownDataTypeParameters>
<autoIncrementCycle>false</autoIncrementCycle>
</Column>
<Column name="ATTRIBUTE_NAME" id="64194E37-8C64-1E33-A71D-A332548C475E">
<sourceConnName>Browser@C01L</sourceConnName>
<sourceObjSchema>MO31_ATTRIBUTE_CATEGORIES</sourceObjSchema>
<sourceObjName>ATTRIBUTE_NAME</sourceObjName>
<createdBy>Duncan.Taylor</createdBy>
<createdTime>2018-07-25 11:57:08 UTC</createdTime>
<ownerDesignName>cdb_c01l</ownerDesignName>
<useDomainConstraints>false</useDomainConstraints>
<use>1</use>
<logicalDatatype>LOGDT024</logicalDatatype>
<dataTypeSize>30 BYTE</dataTypeSize>
<ownDataTypeParameters>30 BYTE,,</ownDataTypeParameters>
<autoIncrementCycle>false</autoIncrementCycle>
</Column>
<Column name="DESCRIPTION" id="C30CDADC-523B-7D8A-573B-8CBCC2A1E502">
<sourceConnName>Browser@C01L</sourceConnName>
<sourceObjSchema>MO31_ATTRIBUTE_CATEGORIES</sourceObjSchema>
<sourceObjName>DESCRIPTION</sourceObjName>
<createdBy>Duncan.Taylor</createdBy>
<createdTime>2018-07-25 11:57:08 UTC</createdTime>
<ownerDesignName>cdb_c01l</ownerDesignName>
<nullsAllowed>true</nullsAllowed>
<useDomainConstraints>false</useDomainConstraints>
<use>1</use>
<logicalDatatype>LOGDT024</logicalDatatype>
<dataTypeSize>250 BYTE</dataTypeSize>
<ownDataTypeParameters>250 BYTE,,</ownDataTypeParameters>
<autoIncrementCycle>false</autoIncrementCycle>
</Column>
<Column name="MANDATORY" id="9854A310-7EC1-667E-6F22-771715C8A41B">
<sourceConnName>Browser@C01L</sourceConnName>
<sourceObjSchema>MO31_ATTRIBUTE_CATEGORIES</sourceObjSchema>
<sourceObjName>MANDATORY</sourceObjName>
<createdBy>Duncan.Taylor</createdBy>
<createdTime>2018-07-25 11:57:08 UTC</createdTime>
<ownerDesignName>cdb_c01l</ownerDesignName>
<useDomainConstraints>false</useDomainConstraints>
<use>1</use>
<logicalDatatype>LOGDT024</logicalDatatype>
<dataTypeSize>1 BYTE</dataTypeSize>
<defaultValue>&apos;N&apos;</defaultValue>
<ownDataTypeParameters>1 BYTE,,</ownDataTypeParameters>
<autoIncrementCycle>false</autoIncrementCycle>
</Column>
<Column name="DISPLAY" id="D65902C6-97A8-7782-FC5A-5F6CEDA64D56">
<sourceConnName>Browser@C01L</sourceConnName>
<sourceObjSchema>MO31_ATTRIBUTE_CATEGORIES</sourceObjSchema>
<sourceObjName>DISPLAY</sourceObjName>
<createdBy>Duncan.Taylor</createdBy>
<createdTime>2018-07-25 11:57:08 UTC</createdTime>
<ownerDesignName>cdb_c01l</ownerDesignName>
<constraintName>AVCON_1191235555_DISPL_000</constraintName>
<useDomainConstraints>false</useDomainConstraints>
<use>1</use>
<logicalDatatype>LOGDT024</logicalDatatype>
<dataTypeSize>1 BYTE</dataTypeSize>
<listOfValues>
<valueDef value="&apos;N&apos;" description=""/>
<valueDef value="&apos;P&apos;" description=""/>
<valueDef value="&apos;S&apos;" description=""/>
</listOfValues>
<defaultValue>&apos;S&apos;</defaultValue>
<ownDataTypeParameters>1 BYTE,,</ownDataTypeParameters>
<autoIncrementCycle>false</autoIncrementCycle>
</Column>
</columns>
<indexes itemClass="oracle.dbtools.crest.model.design.relational.Index">
<ind_PK_UK id="718B7B39-260C-B59A-AEA3-E80B9EAD04C7" name="MO31_PK">
<sourceConnName>Browser@C01L</sourceConnName>
<sourceObjSchema>MORPHMASTER</sourceObjSchema>
<sourceObjName>MO31_PK</sourceObjName>
<createdBy>Duncan.Taylor</createdBy>
<createdTime>2018-07-25 11:57:29 UTC</createdTime>
<ownerDesignName>cdb_c01l</ownerDesignName>
<pk>true</pk>
<indexState>Primary Constraint</indexState>
<isSurrogateKey>false</isSurrogateKey>
<indexColumnUsage>
<colUsage columnID="6CA76CB5-AB97-5462-4C2D-E65E00A7B401"/>
</indexColumnUsage>
</ind_PK_UK>
<ind_PK_UK id="E2801D62-4FA4-2997-4D9C-75D857B2FB9A" schemaObject="B9747E78-31C9-E033-1072-BFCA55C723C9" name="MO31_PK">
<sourceConnName>Browser@C01L</sourceConnName>
<sourceObjSchema>MORPHMASTER</sourceObjSchema>
<sourceObjName>MO31_PK</sourceObjName>
<createdBy>Duncan.Taylor</createdBy>
<createdTime>2018-07-25 11:57:20 UTC</createdTime>
<ownerDesignName>cdb_c01l</ownerDesignName>
<indexState>Unique Plain Index</indexState>
<isSurrogateKey>false</isSurrogateKey>
<indexColumnUsage>
<colUsage columnID="6CA76CB5-AB97-5462-4C2D-E65E00A7B401"/>
</indexColumnUsage>
</ind_PK_UK>
</indexes>
</Table>