<?xml version = '1.0' encoding = 'UTF-8'?>
<Table class="oracle.dbtools.crest.model.design.relational.Table" directorySegmentName="seg_19" id="26F59A68-F4F2-2EF6-A67B-7A3ED3FC839C" schemaObject="B9747E78-31C9-E033-1072-BFCA55C723C9" name="MO02_DIVISIONS">
<sourceConnName>Browser@C01L</sourceConnName>
<sourceObjSchema>MORPHMASTER</sourceObjSchema>
<sourceObjName>MO02_DIVISIONS</sourceObjName>
<createdBy>Duncan.Taylor</createdBy>
<createdTime>2018-07-25 11:56:53 UTC</createdTime>
<ownerDesignName>cdb_c01l</ownerDesignName>
<allowColumnReorder>false</allowColumnReorder>
<existDependencyGenerateInDDl>true</existDependencyGenerateInDDl>
<parsed>true</parsed>
<columns itemClass="oracle.dbtools.crest.model.design.relational.Column">
<Column name="DIVISION_CODE" id="3873E4DE-CDD6-3F13-D63A-47254DDB5E6A">
<sourceConnName>Browser@C01L</sourceConnName>
<sourceObjSchema>MO02_DIVISIONS</sourceObjSchema>
<sourceObjName>DIVISION_CODE</sourceObjName>
<createdBy>Duncan.Taylor</createdBy>
<createdTime>2018-07-25 11:57:08 UTC</createdTime>
<ownerDesignName>cdb_c01l</ownerDesignName>
<useDomainConstraints>false</useDomainConstraints>
<use>1</use>
<logicalDatatype>LOGDT019</logicalDatatype>
<dataTypePrecision>8</dataTypePrecision>
<dataTypeScale>0</dataTypeScale>
<ownDataTypeParameters>,8,0</ownDataTypeParameters>
<autoIncrementCycle>false</autoIncrementCycle>
</Column>
<Column name="DIVISION_DESCRIPTION" id="766BA327-AE30-EF3E-224B-876D9E7C7C51">
<sourceConnName>Browser@C01L</sourceConnName>
<sourceObjSchema>MO02_DIVISIONS</sourceObjSchema>
<sourceObjName>DIVISION_DESCRIPTION</sourceObjName>
<createdBy>Duncan.Taylor</createdBy>
<createdTime>2018-07-25 11:57:08 UTC</createdTime>
<ownerDesignName>cdb_c01l</ownerDesignName>
<nullsAllowed>true</nullsAllowed>
<useDomainConstraints>false</useDomainConstraints>
<use>1</use>
<logicalDatatype>LOGDT024</logicalDatatype>
<dataTypeSize>100 BYTE</dataTypeSize>
<ownDataTypeParameters>100 BYTE,,</ownDataTypeParameters>
<autoIncrementCycle>false</autoIncrementCycle>
</Column>
<Column name="ZONE_CODE" id="A229481A-B771-2EAF-D101-56ED52F027F1">
<sourceConnName>Browser@C01L</sourceConnName>
<sourceObjSchema>MO02_DIVISIONS</sourceObjSchema>
<sourceObjName>ZONE_CODE</sourceObjName>
<createdBy>Duncan.Taylor</createdBy>
<createdTime>2018-07-25 11:57:08 UTC</createdTime>
<ownerDesignName>cdb_c01l</ownerDesignName>
<useDomainConstraints>false</useDomainConstraints>
<use>1</use>
<logicalDatatype>LOGDT019</logicalDatatype>
<dataTypePrecision>8</dataTypePrecision>
<dataTypeScale>0</dataTypeScale>
<ownDataTypeParameters>,8,0</ownDataTypeParameters>
<autoIncrementCycle>false</autoIncrementCycle>
<associations>
<colAssociation fkAssociation="537F4858-58DE-EEE0-0C49-0063EDA860E7" referredColumn="66B34DDB-B6CA-8163-EAAB-77401B20F68F"/>
</associations>
</Column>
<Column name="VALID" id="0417B548-06DB-3412-7A07-64728CEA52C3">
<sourceConnName>Browser@C01L</sourceConnName>
<sourceObjSchema>MO02_DIVISIONS</sourceObjSchema>
<sourceObjName>VALID</sourceObjName>
<createdBy>Duncan.Taylor</createdBy>
<createdTime>2018-07-25 11:57:08 UTC</createdTime>
<ownerDesignName>cdb_c01l</ownerDesignName>
<constraintName>AVCON_1148636563_VALID_002</constraintName>
<nullsAllowed>true</nullsAllowed>
<useDomainConstraints>false</useDomainConstraints>
<use>1</use>
<logicalDatatype>LOGDT024</logicalDatatype>
<dataTypeSize>1 BYTE</dataTypeSize>
<listOfValues>
<valueDef value="&apos;N&apos;" description=""/>
<valueDef value="&apos;Y&apos;" description=""/>
</listOfValues>
<ownDataTypeParameters>1 BYTE,,</ownDataTypeParameters>
<autoIncrementCycle>false</autoIncrementCycle>
</Column>
</columns>
<indexes itemClass="oracle.dbtools.crest.model.design.relational.Index">
<ind_PK_UK id="D65A39AA-07EE-720D-34CC-13DD620FD5F5" name="MO02_PK">
<sourceConnName>Browser@C01L</sourceConnName>
<sourceObjSchema>MORPHMASTER</sourceObjSchema>
<sourceObjName>MO02_PK</sourceObjName>
<createdBy>Duncan.Taylor</createdBy>
<createdTime>2018-07-25 11:57:29 UTC</createdTime>
<ownerDesignName>cdb_c01l</ownerDesignName>
<pk>true</pk>
<indexState>Primary Constraint</indexState>
<isSurrogateKey>false</isSurrogateKey>
<indexColumnUsage>
<colUsage columnID="3873E4DE-CDD6-3F13-D63A-47254DDB5E6A"/>
</indexColumnUsage>
</ind_PK_UK>
<ind_PK_UK id="1024DF31-2EFA-0C0A-7878-1AEB9D0B4E71" schemaObject="B9747E78-31C9-E033-1072-BFCA55C723C9" name="MO02_MO01_FK_I">
<sourceConnName>Browser@C01L</sourceConnName>
<sourceObjSchema>MORPHMASTER</sourceObjSchema>
<sourceObjName>MO02_MO01_FK_I</sourceObjName>
<createdBy>Duncan.Taylor</createdBy>
<createdTime>2018-07-25 11:57:20 UTC</createdTime>
<ownerDesignName>cdb_c01l</ownerDesignName>
<isSurrogateKey>false</isSurrogateKey>
<indexColumnUsage>
<colUsage columnID="A229481A-B771-2EAF-D101-56ED52F027F1"/>
</indexColumnUsage>
</ind_PK_UK>
<ind_PK_UK id="A00546E2-156B-EDDC-E6E2-E514ECE08493" schemaObject="B9747E78-31C9-E033-1072-BFCA55C723C9" name="MO02_PK">
<sourceConnName>Browser@C01L</sourceConnName>
<sourceObjSchema>MORPHMASTER</sourceObjSchema>
<sourceObjName>MO02_PK</sourceObjName>
<createdBy>Duncan.Taylor</createdBy>
<createdTime>2018-07-25 11:57:20 UTC</createdTime>
<ownerDesignName>cdb_c01l</ownerDesignName>
<indexState>Unique Plain Index</indexState>
<isSurrogateKey>false</isSurrogateKey>
<indexColumnUsage>
<colUsage columnID="3873E4DE-CDD6-3F13-D63A-47254DDB5E6A"/>
</indexColumnUsage>
</ind_PK_UK>
<ind_PK_UK id="9653E945-A36B-9B66-3372-ED96528EE15D" name="MO02_MO01_FK">
<createdBy>Duncan.Taylor</createdBy>
<createdTime>2018-07-25 11:57:41 UTC</createdTime>
<ownerDesignName>cdb_c01l</ownerDesignName>
<indexState>Foreign Key</indexState>
<isSurrogateKey>false</isSurrogateKey>
<indexColumnUsage>
<colUsage columnID="A229481A-B771-2EAF-D101-56ED52F027F1"/>
</indexColumnUsage>
</ind_PK_UK>
</indexes>
</Table>