<?xml version = '1.0' encoding = 'UTF-8'?>
<Table class="oracle.dbtools.crest.model.design.relational.Table" directorySegmentName="seg_19" id="57498EF2-0161-F24E-2FAD-AD8C36137DA6" schemaObject="B9747E78-31C9-E033-1072-BFCA55C723C9" name="MO03_CHARACTERISTICS">
<sourceConnName>Browser@C01L</sourceConnName>
<sourceObjSchema>MORPHMASTER</sourceObjSchema>
<sourceObjName>MO03_CHARACTERISTICS</sourceObjName>
<createdBy>Duncan.Taylor</createdBy>
<createdTime>2018-07-25 11:56:53 UTC</createdTime>
<ownerDesignName>cdb_c01l</ownerDesignName>
<allowColumnReorder>false</allowColumnReorder>
<existDependencyGenerateInDDl>true</existDependencyGenerateInDDl>
<parsed>true</parsed>
<columns itemClass="oracle.dbtools.crest.model.design.relational.Column">
<Column name="CHARACTERISTIC_CODE" id="75B063C9-A3AC-C18F-3A57-79DD2E189A60">
<sourceConnName>Browser@C01L</sourceConnName>
<sourceObjSchema>MO03_CHARACTERISTICS</sourceObjSchema>
<sourceObjName>CHARACTERISTIC_CODE</sourceObjName>
<createdBy>Duncan.Taylor</createdBy>
<createdTime>2018-07-25 11:57:08 UTC</createdTime>
<ownerDesignName>cdb_c01l</ownerDesignName>
<useDomainConstraints>false</useDomainConstraints>
<use>1</use>
<logicalDatatype>LOGDT019</logicalDatatype>
<dataTypePrecision>8</dataTypePrecision>
<dataTypeScale>0</dataTypeScale>
<ownDataTypeParameters>,8,0</ownDataTypeParameters>
<autoIncrementCycle>false</autoIncrementCycle>
</Column>
<Column name="CHARACTERISTIC_DESCRIPTION" id="71D1ABC7-691E-6196-36D0-AEEE491B943A">
<sourceConnName>Browser@C01L</sourceConnName>
<sourceObjSchema>MO03_CHARACTERISTICS</sourceObjSchema>
<sourceObjName>CHARACTERISTIC_DESCRIPTION</sourceObjName>
<createdBy>Duncan.Taylor</createdBy>
<createdTime>2018-07-25 11:57:08 UTC</createdTime>
<ownerDesignName>cdb_c01l</ownerDesignName>
<useDomainConstraints>false</useDomainConstraints>
<use>1</use>
<logicalDatatype>LOGDT024</logicalDatatype>
<dataTypeSize>100 BYTE</dataTypeSize>
<ownDataTypeParameters>100 BYTE,,</ownDataTypeParameters>
<autoIncrementCycle>false</autoIncrementCycle>
</Column>
<Column name="DIVISION_CODE" id="E6756DD2-2DD9-4F9C-351E-CE66F6A804A0">
<sourceConnName>Browser@C01L</sourceConnName>
<sourceObjSchema>MO03_CHARACTERISTICS</sourceObjSchema>
<sourceObjName>DIVISION_CODE</sourceObjName>
<createdBy>Duncan.Taylor</createdBy>
<createdTime>2018-07-25 11:57:08 UTC</createdTime>
<ownerDesignName>cdb_c01l</ownerDesignName>
<useDomainConstraints>false</useDomainConstraints>
<use>1</use>
<logicalDatatype>LOGDT019</logicalDatatype>
<dataTypePrecision>8</dataTypePrecision>
<dataTypeScale>0</dataTypeScale>
<ownDataTypeParameters>,8,0</ownDataTypeParameters>
<autoIncrementCycle>false</autoIncrementCycle>
<associations>
<colAssociation fkAssociation="5BC9C2D6-027D-9679-E52E-447582BE32AF" referredColumn="3873E4DE-CDD6-3F13-D63A-47254DDB5E6A"/>
</associations>
</Column>
<Column name="VALID" id="97150119-0F56-2497-2A5A-34344A8A5EA8">
<sourceConnName>Browser@C01L</sourceConnName>
<sourceObjSchema>MO03_CHARACTERISTICS</sourceObjSchema>
<sourceObjName>VALID</sourceObjName>
<createdBy>Duncan.Taylor</createdBy>
<createdTime>2018-07-25 11:57:08 UTC</createdTime>
<ownerDesignName>cdb_c01l</ownerDesignName>
<constraintName>AVCON_1148636563_VALID_001</constraintName>
<nullsAllowed>true</nullsAllowed>
<useDomainConstraints>false</useDomainConstraints>
<use>1</use>
<logicalDatatype>LOGDT024</logicalDatatype>
<dataTypeSize>1 BYTE</dataTypeSize>
<listOfValues>
<valueDef value="&apos;N&apos;" description=""/>
<valueDef value="&apos;Y&apos;" description=""/>
</listOfValues>
<ownDataTypeParameters>1 BYTE,,</ownDataTypeParameters>
<autoIncrementCycle>false</autoIncrementCycle>
</Column>
</columns>
<indexes itemClass="oracle.dbtools.crest.model.design.relational.Index">
<ind_PK_UK id="49A1C727-35B5-076D-F390-97D7E34B2E9D" name="MO03_PK">
<sourceConnName>Browser@C01L</sourceConnName>
<sourceObjSchema>MORPHMASTER</sourceObjSchema>
<sourceObjName>MO03_PK</sourceObjName>
<createdBy>Duncan.Taylor</createdBy>
<createdTime>2018-07-25 11:57:29 UTC</createdTime>
<ownerDesignName>cdb_c01l</ownerDesignName>
<pk>true</pk>
<indexState>Primary Constraint</indexState>
<isSurrogateKey>false</isSurrogateKey>
<indexColumnUsage>
<colUsage columnID="75B063C9-A3AC-C18F-3A57-79DD2E189A60"/>
</indexColumnUsage>
</ind_PK_UK>
<ind_PK_UK id="1731CFD7-3D31-15E5-9E48-DD97BD0D7210" schemaObject="B9747E78-31C9-E033-1072-BFCA55C723C9" name="MO03_MO02_FK_I">
<sourceConnName>Browser@C01L</sourceConnName>
<sourceObjSchema>MORPHMASTER</sourceObjSchema>
<sourceObjName>MO03_MO02_FK_I</sourceObjName>
<createdBy>Duncan.Taylor</createdBy>
<createdTime>2018-07-25 11:57:20 UTC</createdTime>
<ownerDesignName>cdb_c01l</ownerDesignName>
<isSurrogateKey>false</isSurrogateKey>
<indexColumnUsage>
<colUsage columnID="E6756DD2-2DD9-4F9C-351E-CE66F6A804A0"/>
</indexColumnUsage>
</ind_PK_UK>
<ind_PK_UK id="1F0E53B9-DDD8-FC4E-61D6-FDF2C644ED9E" schemaObject="B9747E78-31C9-E033-1072-BFCA55C723C9" name="MO03_PK">
<sourceConnName>Browser@C01L</sourceConnName>
<sourceObjSchema>MORPHMASTER</sourceObjSchema>
<sourceObjName>MO03_PK</sourceObjName>
<createdBy>Duncan.Taylor</createdBy>
<createdTime>2018-07-25 11:57:20 UTC</createdTime>
<ownerDesignName>cdb_c01l</ownerDesignName>
<indexState>Unique Plain Index</indexState>
<isSurrogateKey>false</isSurrogateKey>
<indexColumnUsage>
<colUsage columnID="75B063C9-A3AC-C18F-3A57-79DD2E189A60"/>
</indexColumnUsage>
</ind_PK_UK>
<ind_PK_UK id="41B7D1E7-4B23-A8A6-20E6-CB7A9E4C9636" name="MO03_MO02_FK">
<createdBy>Duncan.Taylor</createdBy>
<createdTime>2018-07-25 11:57:41 UTC</createdTime>
<ownerDesignName>cdb_c01l</ownerDesignName>
<indexState>Foreign Key</indexState>
<isSurrogateKey>false</isSurrogateKey>
<indexColumnUsage>
<colUsage columnID="E6756DD2-2DD9-4F9C-351E-CE66F6A804A0"/>
</indexColumnUsage>
</ind_PK_UK>
</indexes>
</Table>