<?xml version = '1.0' encoding = 'UTF-8'?>
<Table class="oracle.dbtools.crest.model.design.relational.Table" directorySegmentName="seg_13" id="3B4E3AF7-295A-07D0-46DA-4E14FA343AF7" schemaObject="FDB3BDB5-53F3-F784-262D-34CA63021D54" name="GE31_SUBTYPOLOGY_CATEGORIES">
<sourceConnName>Browser@C01L</sourceConnName>
<sourceObjSchema>GENERAL</sourceObjSchema>
<sourceObjName>GE31_SUBTYPOLOGY_CATEGORIES</sourceObjName>
<createdBy>Duncan.Taylor</createdBy>
<createdTime>2018-07-25 11:56:52 UTC</createdTime>
<ownerDesignName>cdb_c01l</ownerDesignName>
<allowColumnReorder>false</allowColumnReorder>
<existDependencyGenerateInDDl>true</existDependencyGenerateInDDl>
<parsed>true</parsed>
<columns itemClass="oracle.dbtools.crest.model.design.relational.Column">
<Column name="ST_CODE" id="DB9572F1-F220-A330-348B-FD69E7B990F1">
<sourceConnName>Browser@C01L</sourceConnName>
<sourceObjSchema>GE31_SUBTYPOLOGY_CATEGORIES</sourceObjSchema>
<sourceObjName>ST_CODE</sourceObjName>
<createdBy>Duncan.Taylor</createdBy>
<createdTime>2018-07-25 11:57:07 UTC</createdTime>
<ownerDesignName>cdb_c01l</ownerDesignName>
<useDomainConstraints>false</useDomainConstraints>
<use>1</use>
<logicalDatatype>LOGDT024</logicalDatatype>
<dataTypeSize>4 BYTE</dataTypeSize>
<ownDataTypeParameters>4 BYTE,,</ownDataTypeParameters>
<autoIncrementCycle>false</autoIncrementCycle>
</Column>
<Column name="CATEGORY" id="409C1669-D4CA-733A-FAC7-A5443C99203F">
<sourceConnName>Browser@C01L</sourceConnName>
<sourceObjSchema>GE31_SUBTYPOLOGY_CATEGORIES</sourceObjSchema>
<sourceObjName>CATEGORY</sourceObjName>
<createdBy>Duncan.Taylor</createdBy>
<createdTime>2018-07-25 11:57:07 UTC</createdTime>
<ownerDesignName>cdb_c01l</ownerDesignName>
<useDomainConstraints>false</useDomainConstraints>
<use>1</use>
<logicalDatatype>LOGDT019</logicalDatatype>
<dataTypePrecision>3</dataTypePrecision>
<dataTypeScale>0</dataTypeScale>
<ownDataTypeParameters>,3,0</ownDataTypeParameters>
<autoIncrementCycle>false</autoIncrementCycle>
</Column>
<Column name="SHORT_DESCRIPTION" id="873F0DC9-0648-0128-4941-33CA64F0BC9C">
<sourceConnName>Browser@C01L</sourceConnName>
<sourceObjSchema>GE31_SUBTYPOLOGY_CATEGORIES</sourceObjSchema>
<sourceObjName>SHORT_DESCRIPTION</sourceObjName>
<createdBy>Duncan.Taylor</createdBy>
<createdTime>2018-07-25 11:57:07 UTC</createdTime>
<ownerDesignName>cdb_c01l</ownerDesignName>
<nullsAllowed>true</nullsAllowed>
<useDomainConstraints>false</useDomainConstraints>
<use>1</use>
<logicalDatatype>LOGDT024</logicalDatatype>
<dataTypeSize>30 BYTE</dataTypeSize>
<ownDataTypeParameters>30 BYTE,,</ownDataTypeParameters>
<autoIncrementCycle>false</autoIncrementCycle>
</Column>
<Column name="LONG_DESCRIPTION" id="FA7461D9-8E75-A493-6BE2-B6697EDF62A4">
<sourceConnName>Browser@C01L</sourceConnName>
<sourceObjSchema>GE31_SUBTYPOLOGY_CATEGORIES</sourceObjSchema>
<sourceObjName>LONG_DESCRIPTION</sourceObjName>
<createdBy>Duncan.Taylor</createdBy>
<createdTime>2018-07-25 11:57:07 UTC</createdTime>
<ownerDesignName>cdb_c01l</ownerDesignName>
<nullsAllowed>true</nullsAllowed>
<useDomainConstraints>false</useDomainConstraints>
<use>1</use>
<logicalDatatype>LOGDT024</logicalDatatype>
<dataTypeSize>240 BYTE</dataTypeSize>
<ownDataTypeParameters>240 BYTE,,</ownDataTypeParameters>
<autoIncrementCycle>false</autoIncrementCycle>
</Column>
<Column name="ABSOLUTE" id="AAC5D504-78AE-DD16-A0C3-14B53B96D8FE">
<sourceConnName>Browser@C01L</sourceConnName>
<sourceObjSchema>GE31_SUBTYPOLOGY_CATEGORIES</sourceObjSchema>
<sourceObjName>ABSOLUTE</sourceObjName>
<createdBy>Duncan.Taylor</createdBy>
<createdTime>2018-07-25 11:57:07 UTC</createdTime>
<ownerDesignName>cdb_c01l</ownerDesignName>
<nullsAllowed>true</nullsAllowed>
<useDomainConstraints>false</useDomainConstraints>
<use>1</use>
<logicalDatatype>LOGDT024</logicalDatatype>
<dataTypeSize>240 BYTE</dataTypeSize>
<ownDataTypeParameters>240 BYTE,,</ownDataTypeParameters>
<autoIncrementCycle>false</autoIncrementCycle>
</Column>
<Column name="LOWER_BOUND" id="EEBE4227-3C89-EC40-920E-5325136807B4">
<sourceConnName>Browser@C01L</sourceConnName>
<sourceObjSchema>GE31_SUBTYPOLOGY_CATEGORIES</sourceObjSchema>
<sourceObjName>LOWER_BOUND</sourceObjName>
<createdBy>Duncan.Taylor</createdBy>
<createdTime>2018-07-25 11:57:07 UTC</createdTime>
<ownerDesignName>cdb_c01l</ownerDesignName>
<nullsAllowed>true</nullsAllowed>
<useDomainConstraints>false</useDomainConstraints>
<use>1</use>
<logicalDatatype>LOGDT019</logicalDatatype>
<dataTypePrecision>9</dataTypePrecision>
<dataTypeScale>2</dataTypeScale>
<ownDataTypeParameters>,9,2</ownDataTypeParameters>
<autoIncrementCycle>false</autoIncrementCycle>
</Column>
<Column name="UPPER_BOUND" id="EDF8E087-4894-6B2C-8F83-61C0F0304A56">
<sourceConnName>Browser@C01L</sourceConnName>
<sourceObjSchema>GE31_SUBTYPOLOGY_CATEGORIES</sourceObjSchema>
<sourceObjName>UPPER_BOUND</sourceObjName>
<createdBy>Duncan.Taylor</createdBy>
<createdTime>2018-07-25 11:57:07 UTC</createdTime>
<ownerDesignName>cdb_c01l</ownerDesignName>
<nullsAllowed>true</nullsAllowed>
<useDomainConstraints>false</useDomainConstraints>
<use>1</use>
<logicalDatatype>LOGDT019</logicalDatatype>
<dataTypePrecision>9</dataTypePrecision>
<dataTypeScale>2</dataTypeScale>
<ownDataTypeParameters>,9,2</ownDataTypeParameters>
<autoIncrementCycle>false</autoIncrementCycle>
</Column>
</columns>
<indexes itemClass="oracle.dbtools.crest.model.design.relational.Index">
<ind_PK_UK id="621E965C-8C0C-8D2E-70DE-BCB11E84A192" name="GE31_PK">
<sourceConnName>Browser@C01L</sourceConnName>
<sourceObjSchema>GENERAL</sourceObjSchema>
<sourceObjName>GE31_PK</sourceObjName>
<createdBy>Duncan.Taylor</createdBy>
<createdTime>2018-07-25 11:57:28 UTC</createdTime>
<ownerDesignName>cdb_c01l</ownerDesignName>
<pk>true</pk>
<indexState>Primary Constraint</indexState>
<isSurrogateKey>false</isSurrogateKey>
<indexColumnUsage>
<colUsage columnID="DB9572F1-F220-A330-348B-FD69E7B990F1"/>
<colUsage columnID="409C1669-D4CA-733A-FAC7-A5443C99203F"/>
</indexColumnUsage>
</ind_PK_UK>
<ind_PK_UK id="D71E7891-52B8-84E4-D7B9-1A0E1A46A646" schemaObject="FDB3BDB5-53F3-F784-262D-34CA63021D54" name="GE31_PK">
<sourceConnName>Browser@C01L</sourceConnName>
<sourceObjSchema>GENERAL</sourceObjSchema>
<sourceObjName>GE31_PK</sourceObjName>
<createdBy>Duncan.Taylor</createdBy>
<createdTime>2018-07-25 11:57:20 UTC</createdTime>
<ownerDesignName>cdb_c01l</ownerDesignName>
<indexState>Unique Plain Index</indexState>
<isSurrogateKey>false</isSurrogateKey>
<indexColumnUsage>
<colUsage columnID="DB9572F1-F220-A330-348B-FD69E7B990F1"/>
<colUsage columnID="409C1669-D4CA-733A-FAC7-A5443C99203F"/>
</indexColumnUsage>
</ind_PK_UK>
<ind_PK_UK id="AF7A87E0-67EF-C2E1-BEE6-568729965DF5" name="GE31_GE29_FK">
<createdBy>Duncan.Taylor</createdBy>
<createdTime>2018-07-25 11:57:41 UTC</createdTime>
<ownerDesignName>cdb_c01l</ownerDesignName>
<indexState>Foreign Key</indexState>
<isSurrogateKey>false</isSurrogateKey>
<indexColumnUsage>
<colUsage columnID="DB9572F1-F220-A330-348B-FD69E7B990F1"/>
</indexColumnUsage>
</ind_PK_UK>
<ind_PK_UK id="C0FAA608-DE47-A487-3E3D-F337CD6BC0BC" name="GE31_GE29_FK">
<createdBy>duncan.taylor</createdBy>
<createdTime>2018-07-31 12:33:28 UTC</createdTime>
<ownerDesignName>cdb_morphmaster</ownerDesignName>
<indexState>Foreign Key</indexState>
<isSurrogateKey>false</isSurrogateKey>
<indexColumnUsage>
<colUsage columnID="DB9572F1-F220-A330-348B-FD69E7B990F1"/>
</indexColumnUsage>
</ind_PK_UK>
</indexes>
</Table>