<?xml version = '1.0' encoding = 'UTF-8'?>
<Table class="oracle.dbtools.crest.model.design.relational.Table" directorySegmentName="seg_13" id="F6329F25-9033-2C20-DA7D-6B215A361D59" schemaObject="FDB3BDB5-53F3-F784-262D-34CA63021D54" name="GE3_RIVERS">
<sourceConnName>Browser@C01L</sourceConnName>
<sourceObjSchema>GENERAL</sourceObjSchema>
<sourceObjName>GE3_RIVERS</sourceObjName>
<createdBy>Duncan.Taylor</createdBy>
<createdTime>2018-07-25 11:56:52 UTC</createdTime>
<ownerDesignName>cdb_c01l</ownerDesignName>
<allowColumnReorder>false</allowColumnReorder>
<existDependencyGenerateInDDl>true</existDependencyGenerateInDDl>
<parsed>true</parsed>
<columns itemClass="oracle.dbtools.crest.model.design.relational.Column">
<Column name="GE3_CATCHMENT_ID" id="DA3A4CB7-2EF2-A970-6312-CCE0B287C657">
<sourceConnName>Browser@C01L</sourceConnName>
<sourceObjSchema>GE3_RIVERS</sourceObjSchema>
<sourceObjName>GE3_CATCHMENT_ID</sourceObjName>
<createdBy>Duncan.Taylor</createdBy>
<createdTime>2018-07-25 11:57:07 UTC</createdTime>
<ownerDesignName>cdb_c01l</ownerDesignName>
<useDomainConstraints>false</useDomainConstraints>
<use>1</use>
<logicalDatatype>LOGDT019</logicalDatatype>
<dataTypePrecision>4</dataTypePrecision>
<dataTypeScale>0</dataTypeScale>
<ownDataTypeParameters>,4,0</ownDataTypeParameters>
<autoIncrementCycle>false</autoIncrementCycle>
</Column>
<Column name="GE3_RIVER_NUMBER" id="9CD8A74B-8E94-995E-1759-FA73F78B2DFD">
<sourceConnName>Browser@C01L</sourceConnName>
<sourceObjSchema>GE3_RIVERS</sourceObjSchema>
<sourceObjName>GE3_RIVER_NUMBER</sourceObjName>
<createdBy>Duncan.Taylor</createdBy>
<createdTime>2018-07-25 11:57:07 UTC</createdTime>
<ownerDesignName>cdb_c01l</ownerDesignName>
<useDomainConstraints>false</useDomainConstraints>
<use>1</use>
<logicalDatatype>LOGDT019</logicalDatatype>
<dataTypePrecision>6</dataTypePrecision>
<dataTypeScale>3</dataTypeScale>
<ownDataTypeParameters>,6,3</ownDataTypeParameters>
<autoIncrementCycle>false</autoIncrementCycle>
</Column>
<Column name="GE3_LENGTH_KM" id="1C90A05B-31D6-2895-5C52-4442AFF6CDA2">
<sourceConnName>Browser@C01L</sourceConnName>
<sourceObjSchema>GE3_RIVERS</sourceObjSchema>
<sourceObjName>GE3_LENGTH_KM</sourceObjName>
<createdBy>Duncan.Taylor</createdBy>
<createdTime>2018-07-25 11:57:07 UTC</createdTime>
<ownerDesignName>cdb_c01l</ownerDesignName>
<nullsAllowed>true</nullsAllowed>
<useDomainConstraints>false</useDomainConstraints>
<use>1</use>
<logicalDatatype>LOGDT019</logicalDatatype>
<dataTypePrecision>6</dataTypePrecision>
<dataTypeScale>3</dataTypeScale>
<ownDataTypeParameters>,6,3</ownDataTypeParameters>
<autoIncrementCycle>false</autoIncrementCycle>
</Column>
<Column name="GE3_MAX_NESTED_RIVER_NUMBER" id="7A4C519A-9C3E-E2C0-2573-7748940311C7">
<sourceConnName>Browser@C01L</sourceConnName>
<sourceObjSchema>GE3_RIVERS</sourceObjSchema>
<sourceObjName>GE3_MAX_NESTED_RIVER_NUMBER</sourceObjName>
<createdBy>Duncan.Taylor</createdBy>
<createdTime>2018-07-25 11:57:07 UTC</createdTime>
<ownerDesignName>cdb_c01l</ownerDesignName>
<nullsAllowed>true</nullsAllowed>
<useDomainConstraints>false</useDomainConstraints>
<use>1</use>
<logicalDatatype>LOGDT019</logicalDatatype>
<dataTypePrecision>6</dataTypePrecision>
<dataTypeScale>3</dataTypeScale>
<ownDataTypeParameters>,6,3</ownDataTypeParameters>
<autoIncrementCycle>false</autoIncrementCycle>
</Column>
</columns>
<indexes itemClass="oracle.dbtools.crest.model.design.relational.Index">
<ind_PK_UK id="38EE0B49-8453-C366-20D7-C9215DF083E6" name="GE3_PK">
<sourceConnName>Browser@C01L</sourceConnName>
<sourceObjSchema>GENERAL</sourceObjSchema>
<sourceObjName>GE3_PK</sourceObjName>
<createdBy>Duncan.Taylor</createdBy>
<createdTime>2018-07-25 11:57:28 UTC</createdTime>
<ownerDesignName>cdb_c01l</ownerDesignName>
<pk>true</pk>
<indexState>Primary Constraint</indexState>
<isSurrogateKey>false</isSurrogateKey>
<indexColumnUsage>
<colUsage columnID="DA3A4CB7-2EF2-A970-6312-CCE0B287C657"/>
<colUsage columnID="9CD8A74B-8E94-995E-1759-FA73F78B2DFD"/>
</indexColumnUsage>
</ind_PK_UK>
<ind_PK_UK id="C9D6F9CD-8053-B2DB-8003-E15A16C7753F" schemaObject="FDB3BDB5-53F3-F784-262D-34CA63021D54" name="GE3_PK">
<sourceConnName>Browser@C01L</sourceConnName>
<sourceObjSchema>GENERAL</sourceObjSchema>
<sourceObjName>GE3_PK</sourceObjName>
<createdBy>Duncan.Taylor</createdBy>
<createdTime>2018-07-25 11:57:20 UTC</createdTime>
<ownerDesignName>cdb_c01l</ownerDesignName>
<indexState>Unique Plain Index</indexState>
<isSurrogateKey>false</isSurrogateKey>
<indexColumnUsage>
<colUsage columnID="DA3A4CB7-2EF2-A970-6312-CCE0B287C657"/>
<colUsage columnID="9CD8A74B-8E94-995E-1759-FA73F78B2DFD"/>
</indexColumnUsage>
</ind_PK_UK>
<ind_PK_UK id="C59F958D-495D-6768-DDB8-8A53D9B53B9C" name="GE3_GE2_FK">
<createdBy>Duncan.Taylor</createdBy>
<createdTime>2018-07-25 11:57:41 UTC</createdTime>
<ownerDesignName>cdb_c01l</ownerDesignName>
<indexState>Foreign Key</indexState>
<isSurrogateKey>false</isSurrogateKey>
<indexColumnUsage>
<colUsage columnID="DA3A4CB7-2EF2-A970-6312-CCE0B287C657"/>
</indexColumnUsage>
</ind_PK_UK>
<ind_PK_UK id="AE1CB763-6AE5-CCA3-18CF-836FCAE2FCD6" name="GE3_GE2_FK">
<createdBy>duncan.taylor</createdBy>
<createdTime>2018-07-31 12:33:28 UTC</createdTime>
<ownerDesignName>cdb_morphmaster</ownerDesignName>
<indexState>Foreign Key</indexState>
<isSurrogateKey>false</isSurrogateKey>
<indexColumnUsage>
<colUsage columnID="DA3A4CB7-2EF2-A970-6312-CCE0B287C657"/>
</indexColumnUsage>
</ind_PK_UK>
</indexes>
</Table>