<?xml version = '1.0' encoding = 'UTF-8'?>
<TableSpaceOraclev10g class="oracle.dbtools.crest.model.design.storage.oracle.v10g.TableSpaceOraclev10g" name="GENERAL_D" directorySegmentName="seg_0" id="16637BBA-FEAF-33E6-AF78-AECE63459021">
<sourceConnName>Browser@C01L</sourceConnName>
<sourceObjSchema>GENERAL</sourceObjSchema>
<sourceObjName>GENERAL_D</sourceObjName>
<createdBy>duncan.taylor</createdBy>
<createdTime>2018-07-31 12:33:11 UTC</createdTime>
<ownerDesignName>cdb_morphmaster</ownerDesignName>
<emUniformSize>0</emUniformSize>
<extentManagement>LOCAL</extentManagement>
</TableSpaceOraclev10g>