<?xml version = '1.0' encoding = 'UTF-8'?>
<TableSpaceOraclev10g class="oracle.dbtools.crest.model.design.storage.oracle.v10g.TableSpaceOraclev10g" name="CLAS_I" directorySegmentName="seg_0" id="1A6C668A-6CED-94F1-5191-9223733E440D">
<sourceConnName>Browser@C01L</sourceConnName>
<sourceObjName>CLAS_I</sourceObjName>
<createdBy>duncan.taylor</createdBy>
<createdTime>2018-07-31 12:33:12 UTC</createdTime>
<ownerDesignName>cdb_morphmaster</ownerDesignName>
<emUniformSize>0</emUniformSize>
<extentManagement>LOCAL</extentManagement>
</TableSpaceOraclev10g>