<?xml version = '1.0' encoding = 'UTF-8'?>
<TableSpaceOraclev10g class="oracle.dbtools.crest.model.design.storage.oracle.v10g.TableSpaceOraclev10g" name="CLAS_D" directorySegmentName="seg_0" id="4B0E518F-AF22-12FB-8650-A4832F0481B0">
<sourceConnName>Browser@C01L</sourceConnName>
<sourceObjSchema>CLASMASTER</sourceObjSchema>
<sourceObjName>CLAS_D</sourceObjName>
<createdBy>duncan.taylor</createdBy>
<createdTime>2018-07-31 12:33:11 UTC</createdTime>
<ownerDesignName>cdb_morphmaster</ownerDesignName>
<emUniformSize>0</emUniformSize>
<extentManagement>LOCAL</extentManagement>
</TableSpaceOraclev10g>