<?xml version = '1.0' encoding = 'UTF-8'?>
<TableSpaceOraclev10g class="oracle.dbtools.crest.model.design.storage.oracle.v10g.TableSpaceOraclev10g" name="MORPH_D" directorySegmentName="seg_0" id="86F03238-F1C6-328D-B2DD-001403B5C274">
<sourceConnName>Browser@C01L</sourceConnName>
<sourceObjSchema>MORPHMASTER</sourceObjSchema>
<sourceObjName>MORPH_D</sourceObjName>
<createdBy>duncan.taylor</createdBy>
<createdTime>2018-07-31 12:33:11 UTC</createdTime>
<ownerDesignName>cdb_morphmaster</ownerDesignName>
<emUniformSize>0</emUniformSize>
<extentManagement>LOCAL</extentManagement>
</TableSpaceOraclev10g>