<?xml version = '1.0' encoding = 'UTF-8'?>
<TableSpaceOraclev10g class="oracle.dbtools.crest.model.design.storage.oracle.v10g.TableSpaceOraclev10g" name="WFD_D" directorySegmentName="seg_0" id="D68F365E-74DB-92D8-B040-27B08D3C9EEB">
<sourceConnName>Browser@C01L</sourceConnName>
<sourceObjSchema>WFDMASTER</sourceObjSchema>
<sourceObjName>WFD_D</sourceObjName>
<createdBy>duncan.taylor</createdBy>
<createdTime>2018-07-31 12:33:11 UTC</createdTime>
<ownerDesignName>cdb_morphmaster</ownerDesignName>
<emUniformSize>0</emUniformSize>
<extentManagement>LOCAL</extentManagement>
</TableSpaceOraclev10g>