<?xml version = '1.0' encoding = 'UTF-8'?>
<FKIndexAssociation class="oracle.dbtools.crest.model.design.relational.FKIndexAssociation" directorySegmentName="seg_23" id="0AD91D15-53AC-3148-57C1-FEB18EDE32F0" containerWithKeyObject="0B7CA974-4DD5-1864-DA5A-C3CCFC0DBF92" localFKIndex="B3927FD0-6D3F-E95C-F003-1D1E0BC153FD" name="MO33_MO30_FK">
<sourceConnName>Browser@C01L</sourceConnName>
<sourceObjSchema>MORPHMASTER</sourceObjSchema>
<sourceObjName>MO33_MO30_FK</sourceObjName>
<createdBy>Duncan.Taylor</createdBy>
<createdTime>2018-07-25 11:57:41 UTC</createdTime>
<ownerDesignName>cdb_c01l</ownerDesignName>
<referredTableLongName>MORPHMASTER.MO30_PRESSURE_ACTIVITIES</referredTableLongName>
<deleteRule>NO ACTION</deleteRule>
<referredTableID>E421FD0A-A74B-C3E7-1DD5-9CAD0C35FF20</referredTableID>
<keyObject>8BEBCF33-0B63-663B-CDD3-224CB9450EA7</keyObject>
<referredKeyID>8BEBCF33-0B63-663B-CDD3-224CB9450EA7</referredKeyID>
<mandatory>true</mandatory>
<refColNames>ACTIVITY_TYPE_ID</refColNames>
<transferable>true</transferable>
<rely>false</rely>
<columnDependencyConstraintGenerateInDDL>true</columnDependencyConstraintGenerateInDDL>
</FKIndexAssociation>