<?xml version = '1.0' encoding = 'UTF-8'?>
<FKIndexAssociation class="oracle.dbtools.crest.model.design.relational.FKIndexAssociation" directorySegmentName="seg_23" id="1DEDFDFD-5DF3-793A-6EF9-3FBDF861459E" containerWithKeyObject="7AC8A963-DA5E-EBE9-3F55-DD217EEB4B72" localFKIndex="FFB73162-27A0-A28E-F0DC-ED398893E051" name="MO98_WF10_FK">
<sourceConnName>Browser@C01L</sourceConnName>
<sourceObjSchema>MORPHMASTER</sourceObjSchema>
<sourceObjName>MO98_WF10_FK</sourceObjName>
<createdBy>Duncan.Taylor</createdBy>
<createdTime>2018-07-25 11:57:41 UTC</createdTime>
<ownerDesignName>cdb_c01l</ownerDesignName>
<referredTableLongName>WFDMASTER.WF10_WATER_BODIES</referredTableLongName>
<deleteRule>NO ACTION</deleteRule>
<referredTableID>B4B54A21-B155-C36F-ECEE-FBDB38919B11</referredTableID>
<keyObject>8EB1C36E-D40E-077A-5C00-4F85CCEC2B51</keyObject>
<referredKeyID>8EB1C36E-D40E-077A-5C00-4F85CCEC2B51</referredKeyID>
<mandatory>true</mandatory>
<refColNames>WB_ID</refColNames>
<transferable>true</transferable>
<rely>false</rely>
<columnDependencyConstraintGenerateInDDL>true</columnDependencyConstraintGenerateInDDL>
</FKIndexAssociation>