<?xml version = '1.0' encoding = 'UTF-8'?>
<FKIndexAssociation class="oracle.dbtools.crest.model.design.relational.FKIndexAssociation" directorySegmentName="seg_23" id="211E4A48-5531-9F5E-FDDD-992022C4E100" containerWithKeyObject="30DB35CC-5FFD-E059-03EF-8BEE67F2FB49" localFKIndex="8BCF5CE7-DE1B-541C-D85B-AFCFC0E4D819" name="MO94_WF10_FK">
<sourceConnName>Browser@C01L</sourceConnName>
<sourceObjSchema>MORPHMASTER</sourceObjSchema>
<sourceObjName>MO94_WF10_FK</sourceObjName>
<createdBy>Duncan.Taylor</createdBy>
<createdTime>2018-07-25 11:57:41 UTC</createdTime>
<ownerDesignName>cdb_c01l</ownerDesignName>
<referredTableLongName>WFDMASTER.WF10_WATER_BODIES</referredTableLongName>
<deleteRule>NO ACTION</deleteRule>
<referredTableID>B4B54A21-B155-C36F-ECEE-FBDB38919B11</referredTableID>
<keyObject>8EB1C36E-D40E-077A-5C00-4F85CCEC2B51</keyObject>
<referredKeyID>8EB1C36E-D40E-077A-5C00-4F85CCEC2B51</referredKeyID>
<mandatory>true</mandatory>
<refColNames>WB_ID</refColNames>
<transferable>true</transferable>
<rely>false</rely>
<columnDependencyConstraintGenerateInDDL>true</columnDependencyConstraintGenerateInDDL>
</FKIndexAssociation>