<?xml version = '1.0' encoding = 'UTF-8'?>
<FKIndexAssociation class="oracle.dbtools.crest.model.design.relational.FKIndexAssociation" directorySegmentName="seg_23" id="2B177821-F353-9D9C-6C57-ADFC9EDDEDD8" containerWithKeyObject="C3ECBF8C-C7EC-1083-3080-C40377AA1E20" localFKIndex="F4BB982B-3F20-0EB1-8997-4A81B3ADDB9D" name="MO15_MO01_FK">
<sourceConnName>Browser@C01L</sourceConnName>
<sourceObjSchema>MORPHMASTER</sourceObjSchema>
<sourceObjName>MO15_MO01_FK</sourceObjName>
<createdBy>Duncan.Taylor</createdBy>
<createdTime>2018-07-25 11:57:41 UTC</createdTime>
<ownerDesignName>cdb_morphmaster</ownerDesignName>
<referredTableLongName>MORPHMASTER.MO01_ZONES</referredTableLongName>
<deleteRule>NO ACTION</deleteRule>
<referredTableID>230D76D0-EE8E-01F5-D95C-939C0CF926B2</referredTableID>
<keyObject>0851AF4F-E1E1-3E84-3B67-6B20E9A3DED6</keyObject>
<referredKeyID>0851AF4F-E1E1-3E84-3B67-6B20E9A3DED6</referredKeyID>
<mandatory>true</mandatory>
<refColNames>ZONE_CODE</refColNames>
<transferable>true</transferable>
<rely>false</rely>
<columnDependencyConstraintGenerateInDDL>true</columnDependencyConstraintGenerateInDDL>
</FKIndexAssociation>