<?xml version = '1.0' encoding = 'UTF-8'?>
<FKIndexAssociation class="oracle.dbtools.crest.model.design.relational.FKIndexAssociation" directorySegmentName="seg_23" id="2D111C95-8CAA-58CB-375F-C1ADD02B958E" containerWithKeyObject="CFA0D3D5-ECDA-53E5-AA81-92FC013187CF" localFKIndex="69CB122F-1544-5CB5-E44B-DDA70548C250" name="MO26_MO40_FK">
<sourceConnName>Browser@C01L</sourceConnName>
<sourceObjSchema>MORPHMASTER</sourceObjSchema>
<sourceObjName>MO26_MO40_FK</sourceObjName>
<createdBy>Duncan.Taylor</createdBy>
<createdTime>2018-07-25 11:57:41 UTC</createdTime>
<ownerDesignName>cdb_c01l</ownerDesignName>
<referredTableLongName>MORPHMASTER.MO40_CLASSIFICATION_RUNS</referredTableLongName>
<deleteRule>NO ACTION</deleteRule>
<referredTableID>30C94BF6-2599-DFC6-69C0-F39E71616FF8</referredTableID>
<keyObject>A0A4B8F3-381D-8D16-ABD9-2F39F2C9FD44</keyObject>
<referredKeyID>A0A4B8F3-381D-8D16-ABD9-2F39F2C9FD44</referredKeyID>
<mandatory>true</mandatory>
<refColNames>CLASSIFICATION_RUN_ID</refColNames>
<transferable>true</transferable>
<rely>false</rely>
<columnDependencyConstraintGenerateInDDL>true</columnDependencyConstraintGenerateInDDL>
</FKIndexAssociation>