<?xml version = '1.0' encoding = 'UTF-8'?>
<FKIndexAssociation class="oracle.dbtools.crest.model.design.relational.FKIndexAssociation" directorySegmentName="seg_23" id="3AEFB530-3CA4-D329-63CA-FC4ADBC02611" containerWithKeyObject="E8106C5B-C6D3-3161-6F56-53CA9BA876D5" localFKIndex="2CA92095-F237-EF36-B20C-B0393D50D5BF" name="MO34_MO33_FK">
<sourceConnName>Browser@C01L</sourceConnName>
<sourceObjSchema>MORPHMASTER</sourceObjSchema>
<sourceObjName>MO34_MO33_FK</sourceObjName>
<createdBy>Duncan.Taylor</createdBy>
<createdTime>2018-07-25 11:57:41 UTC</createdTime>
<ownerDesignName>cdb_morphmaster</ownerDesignName>
<referredTableLongName>MORPHMASTER.MO33_MORPHOLOGICAL_PRESSURES</referredTableLongName>
<deleteRule>NO ACTION</deleteRule>
<referredTableID>0B7CA974-4DD5-1864-DA5A-C3CCFC0DBF92</referredTableID>
<keyObject>D60A73AD-093A-A44E-CA3D-D72E2550E402</keyObject>
<referredKeyID>D60A73AD-093A-A44E-CA3D-D72E2550E402</referredKeyID>
<mandatory>true</mandatory>
<refColNames>ACTIVITY_TYPE_ID,PRESSURE_ID</refColNames>
<transferable>true</transferable>
<rely>false</rely>
<columnDependencyConstraintGenerateInDDL>true</columnDependencyConstraintGenerateInDDL>
</FKIndexAssociation>