<?xml version = '1.0' encoding = 'UTF-8'?>
<FKIndexAssociation class="oracle.dbtools.crest.model.design.relational.FKIndexAssociation" directorySegmentName="seg_23" id="454E45E9-7440-4F8D-B082-002EA90997F4" containerWithKeyObject="22F04381-97A8-F624-914F-14C5F7804772" localFKIndex="8A214F7B-7377-D37B-F6DC-82FD8CF1E0B8" name="MO28_MO40_FK">
<sourceConnName>Browser@C01L</sourceConnName>
<sourceObjSchema>MORPHMASTER</sourceObjSchema>
<sourceObjName>MO28_MO40_FK</sourceObjName>
<createdBy>Duncan.Taylor</createdBy>
<createdTime>2018-07-25 11:57:41 UTC</createdTime>
<ownerDesignName>cdb_morphmaster</ownerDesignName>
<referredTableLongName>MORPHMASTER.MO40_CLASSIFICATION_RUNS</referredTableLongName>
<deleteRule>NO ACTION</deleteRule>
<referredTableID>30C94BF6-2599-DFC6-69C0-F39E71616FF8</referredTableID>
<keyObject>A0A4B8F3-381D-8D16-ABD9-2F39F2C9FD44</keyObject>
<referredKeyID>A0A4B8F3-381D-8D16-ABD9-2F39F2C9FD44</referredKeyID>
<mandatory>true</mandatory>
<refColNames>CLASSIFICATION_RUN_ID</refColNames>
<transferable>true</transferable>
<rely>false</rely>
<columnDependencyConstraintGenerateInDDL>true</columnDependencyConstraintGenerateInDDL>
</FKIndexAssociation>