<?xml version = '1.0' encoding = 'UTF-8'?>
<FKIndexAssociation class="oracle.dbtools.crest.model.design.relational.FKIndexAssociation" directorySegmentName="seg_23" id="4A3818D0-DCF1-6991-7584-1C19E74B7A0E" containerWithKeyObject="D7D8256D-6F98-3C13-700C-C5ED9E1E8E96" localFKIndex="1EDC9ED7-0A66-D3B6-00A4-31F09CCF46DC" name="MO32_MO30_FK">
<sourceConnName>Browser@C01L</sourceConnName>
<sourceObjSchema>MORPHMASTER</sourceObjSchema>
<sourceObjName>MO32_MO30_FK</sourceObjName>
<createdBy>Duncan.Taylor</createdBy>
<createdTime>2018-07-25 11:57:41 UTC</createdTime>
<ownerDesignName>cdb_c01l</ownerDesignName>
<referredTableLongName>MORPHMASTER.MO30_PRESSURE_ACTIVITIES</referredTableLongName>
<deleteRule>NO ACTION</deleteRule>
<referredTableID>E421FD0A-A74B-C3E7-1DD5-9CAD0C35FF20</referredTableID>
<keyObject>8BEBCF33-0B63-663B-CDD3-224CB9450EA7</keyObject>
<referredKeyID>8BEBCF33-0B63-663B-CDD3-224CB9450EA7</referredKeyID>
<mandatory>true</mandatory>
<refColNames>ACTIVITY_TYPE_ID</refColNames>
<transferable>true</transferable>
<rely>false</rely>
<columnDependencyConstraintGenerateInDDL>true</columnDependencyConstraintGenerateInDDL>
</FKIndexAssociation>