<?xml version = '1.0' encoding = 'UTF-8'?>
<FKIndexAssociation class="oracle.dbtools.crest.model.design.relational.FKIndexAssociation" directorySegmentName="seg_23" id="4B9E9C04-192F-DEA4-60C0-1C194BB9BA35" containerWithKeyObject="0B7CA974-4DD5-1864-DA5A-C3CCFC0DBF92" localFKIndex="EDFE6548-2C77-9347-CF94-8FD361B98ED5" name="MO33_AUTH_ACT_FK">
<sourceConnName>Browser@C01L</sourceConnName>
<sourceObjSchema>MORPHMASTER</sourceObjSchema>
<sourceObjName>MO33_AUTH_ACT_FK</sourceObjName>
<createdBy>Duncan.Taylor</createdBy>
<createdTime>2018-07-25 11:57:41 UTC</createdTime>
<ownerDesignName>cdb_morphmaster</ownerDesignName>
<referredTableLongName>CLASMASTER.AUTHORISED_ACTIVITIES</referredTableLongName>
<deleteRule>NO ACTION</deleteRule>
<referredTableID>5BD92544-468E-6D64-0B1B-4D284AE3712A</referredTableID>
<keyObject>CC1482EE-0465-9C14-49C8-CE4F4D07AE15</keyObject>
<referredKeyID>CC1482EE-0465-9C14-49C8-CE4F4D07AE15</referredKeyID>
<mandatory>false</mandatory>
<refColNames>AUTH_AUTHORISATION_ID,ACC_CATEGORY_NUMBER</refColNames>
<transferable>true</transferable>
<rely>false</rely>
<columnDependencyConstraintGenerateInDDL>true</columnDependencyConstraintGenerateInDDL>
</FKIndexAssociation>