<?xml version = '1.0' encoding = 'UTF-8'?>
<FKIndexAssociation class="oracle.dbtools.crest.model.design.relational.FKIndexAssociation" directorySegmentName="seg_23" id="5B1CEBE4-6C46-2203-59C2-B8C6D1731001" containerWithKeyObject="C3ECBF8C-C7EC-1083-3080-C40377AA1E20" localFKIndex="520354FB-B71D-1536-E42E-8FEA33477EB3" name="MO15_GE31_FK">
<sourceConnName>Browser@C01L</sourceConnName>
<sourceObjSchema>MORPHMASTER</sourceObjSchema>
<sourceObjName>MO15_GE31_FK</sourceObjName>
<createdBy>Duncan.Taylor</createdBy>
<createdTime>2018-07-25 11:57:41 UTC</createdTime>
<ownerDesignName>cdb_morphmaster</ownerDesignName>
<referredTableLongName>GENERAL.GE31_SUBTYPOLOGY_CATEGORIES</referredTableLongName>
<deleteRule>NO ACTION</deleteRule>
<referredTableID>3B4E3AF7-295A-07D0-46DA-4E14FA343AF7</referredTableID>
<keyObject>621E965C-8C0C-8D2E-70DE-BCB11E84A192</keyObject>
<referredKeyID>621E965C-8C0C-8D2E-70DE-BCB11E84A192</referredKeyID>
<mandatory>true</mandatory>
<refColNames>ST_CODE,CATEGORY</refColNames>
<transferable>true</transferable>
<rely>false</rely>
<columnDependencyConstraintGenerateInDDL>true</columnDependencyConstraintGenerateInDDL>
</FKIndexAssociation>