<?xml version = '1.0' encoding = 'UTF-8'?>
<FKIndexAssociation class="oracle.dbtools.crest.model.design.relational.FKIndexAssociation" directorySegmentName="seg_23" id="63AE7B8F-7297-EBBC-6B30-D9FFC4F4C02C" containerWithKeyObject="2946D50B-70FA-1723-46DA-E5AF75037674" localFKIndex="A4B38C3D-A629-4840-7F6C-A1A148790C8F" name="MO09_MO01_FK">
<sourceConnName>Browser@C01L</sourceConnName>
<sourceObjSchema>MORPHMASTER</sourceObjSchema>
<sourceObjName>MO09_MO01_FK</sourceObjName>
<createdBy>Duncan.Taylor</createdBy>
<createdTime>2018-07-25 11:57:41 UTC</createdTime>
<ownerDesignName>cdb_morphmaster</ownerDesignName>
<referredTableLongName>MORPHMASTER.MO01_ZONES</referredTableLongName>
<deleteRule>NO ACTION</deleteRule>
<referredTableID>230D76D0-EE8E-01F5-D95C-939C0CF926B2</referredTableID>
<keyObject>0851AF4F-E1E1-3E84-3B67-6B20E9A3DED6</keyObject>
<referredKeyID>0851AF4F-E1E1-3E84-3B67-6B20E9A3DED6</referredKeyID>
<mandatory>true</mandatory>
<refColNames>ZONE_CODE</refColNames>
<transferable>true</transferable>
<rely>false</rely>
<columnDependencyConstraintGenerateInDDL>true</columnDependencyConstraintGenerateInDDL>
</FKIndexAssociation>