<?xml version = '1.0' encoding = 'UTF-8'?>
<FKIndexAssociation class="oracle.dbtools.crest.model.design.relational.FKIndexAssociation" directorySegmentName="seg_23" id="6524A960-8014-5464-4E6C-404F97549D73" containerWithKeyObject="66B08357-2E4D-5FA3-15A6-57CA465884BF" localFKIndex="E5D1F2F1-2BFB-AABE-1219-7B75F59F68F3" name="MO99_WF10_FK">
<sourceConnName>Browser@C01L</sourceConnName>
<sourceObjSchema>MORPHMASTER</sourceObjSchema>
<sourceObjName>MO99_WF10_FK</sourceObjName>
<createdBy>Duncan.Taylor</createdBy>
<createdTime>2018-07-25 11:57:41 UTC</createdTime>
<ownerDesignName>cdb_morphmaster</ownerDesignName>
<referredTableLongName>WFDMASTER.WF10_WATER_BODIES</referredTableLongName>
<deleteRule>NO ACTION</deleteRule>
<referredTableID>B4B54A21-B155-C36F-ECEE-FBDB38919B11</referredTableID>
<keyObject>8EB1C36E-D40E-077A-5C00-4F85CCEC2B51</keyObject>
<referredKeyID>8EB1C36E-D40E-077A-5C00-4F85CCEC2B51</referredKeyID>
<mandatory>false</mandatory>
<refColNames>WB_ID</refColNames>
<transferable>true</transferable>
<rely>false</rely>
<columnDependencyConstraintGenerateInDDL>true</columnDependencyConstraintGenerateInDDL>
</FKIndexAssociation>