<?xml version = '1.0' encoding = 'UTF-8'?>
<FKIndexAssociation class="oracle.dbtools.crest.model.design.relational.FKIndexAssociation" directorySegmentName="seg_23" id="715E0BF5-E4C8-2D0B-080C-01117408FEE7" containerWithKeyObject="A28C63F3-F697-E9F3-6893-319D9685EAF5" localFKIndex="5C7DCA80-34D9-B443-1AC9-2A8D34D73632" name="MO25_MO30_FK">
<sourceConnName>Browser@C01L</sourceConnName>
<sourceObjSchema>MORPHMASTER</sourceObjSchema>
<sourceObjName>MO25_MO30_FK</sourceObjName>
<createdBy>Duncan.Taylor</createdBy>
<createdTime>2018-07-25 11:57:41 UTC</createdTime>
<ownerDesignName>cdb_morphmaster</ownerDesignName>
<referredTableLongName>MORPHMASTER.MO30_PRESSURE_ACTIVITIES</referredTableLongName>
<deleteRule>NO ACTION</deleteRule>
<referredTableID>E421FD0A-A74B-C3E7-1DD5-9CAD0C35FF20</referredTableID>
<keyObject>8BEBCF33-0B63-663B-CDD3-224CB9450EA7</keyObject>
<referredKeyID>8BEBCF33-0B63-663B-CDD3-224CB9450EA7</referredKeyID>
<mandatory>true</mandatory>
<refColNames>ACTIVITY_TYPE_ID</refColNames>
<transferable>true</transferable>
<rely>false</rely>
<columnDependencyConstraintGenerateInDDL>true</columnDependencyConstraintGenerateInDDL>
</FKIndexAssociation>