<?xml version = '1.0' encoding = 'UTF-8'?>
<FKIndexAssociation class="oracle.dbtools.crest.model.design.relational.FKIndexAssociation" directorySegmentName="seg_23" id="783DA0FD-430B-BD9F-B2F3-D885A2EE3888" containerWithKeyObject="C3ECBF8C-C7EC-1083-3080-C40377AA1E20" localFKIndex="115DAAA6-ABA8-6930-1C54-906D90250E09" name="MO15_MO04_FK">
<sourceConnName>Browser@C01L</sourceConnName>
<sourceObjSchema>MORPHMASTER</sourceObjSchema>
<sourceObjName>MO15_MO04_FK</sourceObjName>
<createdBy>Duncan.Taylor</createdBy>
<createdTime>2018-07-25 11:57:41 UTC</createdTime>
<ownerDesignName>cdb_morphmaster</ownerDesignName>
<referredTableLongName>MORPHMASTER.MO04_ACTIVITIES</referredTableLongName>
<deleteRule>NO ACTION</deleteRule>
<referredTableID>D14D807D-D862-C12A-21E8-779F910D5C60</referredTableID>
<keyObject>CCD29A68-0212-478F-6B57-4612165A21E7</keyObject>
<referredKeyID>CCD29A68-0212-478F-6B57-4612165A21E7</referredKeyID>
<mandatory>true</mandatory>
<refColNames>ACTIVITY_CODE</refColNames>
<transferable>true</transferable>
<rely>false</rely>
<columnDependencyConstraintGenerateInDDL>true</columnDependencyConstraintGenerateInDDL>
</FKIndexAssociation>