<?xml version = '1.0' encoding = 'UTF-8'?>
<FKIndexAssociation class="oracle.dbtools.crest.model.design.relational.FKIndexAssociation" directorySegmentName="seg_23" id="808361DB-209F-79A2-9CC2-9C9D6B6F109E" containerWithKeyObject="E8106C5B-C6D3-3161-6F56-53CA9BA876D5" localFKIndex="77E11A17-BF4C-C85E-2489-CD4DD22C5451" name="MO34_MO32_FK">
<sourceConnName>Browser@C01L</sourceConnName>
<sourceObjSchema>MORPHMASTER</sourceObjSchema>
<sourceObjName>MO34_MO32_FK</sourceObjName>
<createdBy>Duncan.Taylor</createdBy>
<createdTime>2018-07-25 11:57:41 UTC</createdTime>
<ownerDesignName>cdb_c01l</ownerDesignName>
<referredTableLongName>MORPHMASTER.MO32_TYPE_ATTRIBUTE_MATRIX</referredTableLongName>
<deleteRule>NO ACTION</deleteRule>
<referredTableID>D7D8256D-6F98-3C13-700C-C5ED9E1E8E96</referredTableID>
<keyObject>68A30C6B-8A78-1C08-87B0-72F8E8DACC85</keyObject>
<referredKeyID>68A30C6B-8A78-1C08-87B0-72F8E8DACC85</referredKeyID>
<mandatory>true</mandatory>
<refColNames>ACTIVITY_TYPE_ID,ATTRIBUTE_ID</refColNames>
<transferable>true</transferable>
<rely>false</rely>
<columnDependencyConstraintGenerateInDDL>true</columnDependencyConstraintGenerateInDDL>
</FKIndexAssociation>