<?xml version = '1.0' encoding = 'UTF-8'?>
<FKIndexAssociation class="oracle.dbtools.crest.model.design.relational.FKIndexAssociation" directorySegmentName="seg_23" id="8545EA28-E78E-0AB8-2059-0674B5F0481D" containerWithKeyObject="596C9C6B-FB76-D99A-8433-E12A50A44EAE" localFKIndex="F284C2E8-7474-A1EB-5249-7DC9D9F47B7C" name="MO96_WF11_FK">
<sourceConnName>Browser@C01L</sourceConnName>
<sourceObjSchema>MORPHMASTER</sourceObjSchema>
<sourceObjName>MO96_WF11_FK</sourceObjName>
<createdBy>Duncan.Taylor</createdBy>
<createdTime>2018-07-25 11:57:41 UTC</createdTime>
<ownerDesignName>cdb_c01l</ownerDesignName>
<referredTableLongName>WFDMASTER.WF11_PROTECTED_AREAS</referredTableLongName>
<deleteRule>NO ACTION</deleteRule>
<referredTableID>94BEB5A6-9738-FC97-0688-FFB2D19DF8A4</referredTableID>
<keyObject>E9206B44-2B01-91FF-241C-8A7FC227BF81</keyObject>
<referredKeyID>E9206B44-2B01-91FF-241C-8A7FC227BF81</referredKeyID>
<mandatory>true</mandatory>
<refColNames>PA_ID</refColNames>
<transferable>true</transferable>
<rely>false</rely>
<columnDependencyConstraintGenerateInDDL>true</columnDependencyConstraintGenerateInDDL>
</FKIndexAssociation>