<?xml version = '1.0' encoding = 'UTF-8'?>
<FKIndexAssociation class="oracle.dbtools.crest.model.design.relational.FKIndexAssociation" directorySegmentName="seg_23" id="85CC9AF8-9013-ED0E-0626-15C167E555E9" containerWithKeyObject="D7D8256D-6F98-3C13-700C-C5ED9E1E8E96" localFKIndex="3F23486B-C044-71E5-A5F6-009C876468FD" name="MO32_MO31_FK">
<sourceConnName>Browser@C01L</sourceConnName>
<sourceObjSchema>MORPHMASTER</sourceObjSchema>
<sourceObjName>MO32_MO31_FK</sourceObjName>
<createdBy>Duncan.Taylor</createdBy>
<createdTime>2018-07-25 11:57:41 UTC</createdTime>
<ownerDesignName>cdb_morphmaster</ownerDesignName>
<referredTableLongName>MORPHMASTER.MO31_ATTRIBUTE_CATEGORIES</referredTableLongName>
<deleteRule>NO ACTION</deleteRule>
<referredTableID>FBC01113-E0D1-B5CF-B00E-FF01419565A7</referredTableID>
<keyObject>718B7B39-260C-B59A-AEA3-E80B9EAD04C7</keyObject>
<referredKeyID>718B7B39-260C-B59A-AEA3-E80B9EAD04C7</referredKeyID>
<mandatory>true</mandatory>
<refColNames>ATTRIBUTE_ID</refColNames>
<transferable>true</transferable>
<rely>false</rely>
<columnDependencyConstraintGenerateInDDL>true</columnDependencyConstraintGenerateInDDL>
</FKIndexAssociation>