<?xml version = '1.0' encoding = 'UTF-8'?>
<FKIndexAssociation class="oracle.dbtools.crest.model.design.relational.FKIndexAssociation" directorySegmentName="seg_23" id="8EB76AC3-3374-F744-4CB0-1186F13A5AED" containerWithKeyObject="30CF2BA5-37BC-FE00-52AA-8B6A280272CD" localFKIndex="74DA173F-3737-4CB6-A358-E4260928BB14" name="MO39_GE3_FK">
<sourceConnName>Browser@C01L</sourceConnName>
<sourceObjSchema>MORPHMASTER</sourceObjSchema>
<sourceObjName>MO39_GE3_FK</sourceObjName>
<createdBy>Duncan.Taylor</createdBy>
<createdTime>2018-07-25 11:57:41 UTC</createdTime>
<ownerDesignName>cdb_morphmaster</ownerDesignName>
<referredTableLongName>GENERAL.GE3_RIVERS</referredTableLongName>
<deleteRule>NO ACTION</deleteRule>
<referredTableID>F6329F25-9033-2C20-DA7D-6B215A361D59</referredTableID>
<keyObject>38EE0B49-8453-C366-20D7-C9215DF083E6</keyObject>
<referredKeyID>38EE0B49-8453-C366-20D7-C9215DF083E6</referredKeyID>
<mandatory>true</mandatory>
<refColNames>GE3_CATCHMENT_ID,GE3_RIVER_NUMBER</refColNames>
<transferable>true</transferable>
<rely>false</rely>
<columnDependencyConstraintGenerateInDDL>true</columnDependencyConstraintGenerateInDDL>
</FKIndexAssociation>