<?xml version = '1.0' encoding = 'UTF-8'?>
<FKIndexAssociation class="oracle.dbtools.crest.model.design.relational.FKIndexAssociation" directorySegmentName="seg_23" id="9D153200-E2B0-849B-5451-C694CDDBA99C" containerWithKeyObject="DFFF3846-F86F-302A-6AC2-2A430933896A" localFKIndex="7367CB51-9F85-CE1E-237F-C530D0B6E5A8" name="MO07_MO03_FK">
<sourceConnName>Browser@C01L</sourceConnName>
<sourceObjSchema>MORPHMASTER</sourceObjSchema>
<sourceObjName>MO07_MO03_FK</sourceObjName>
<createdBy>Duncan.Taylor</createdBy>
<createdTime>2018-07-25 11:57:41 UTC</createdTime>
<ownerDesignName>cdb_morphmaster</ownerDesignName>
<referredTableLongName>MORPHMASTER.MO03_CHARACTERISTICS</referredTableLongName>
<deleteRule>NO ACTION</deleteRule>
<referredTableID>57498EF2-0161-F24E-2FAD-AD8C36137DA6</referredTableID>
<keyObject>49A1C727-35B5-076D-F390-97D7E34B2E9D</keyObject>
<referredKeyID>49A1C727-35B5-076D-F390-97D7E34B2E9D</referredKeyID>
<mandatory>true</mandatory>
<refColNames>CHARACTERISTIC_CODE</refColNames>
<transferable>true</transferable>
<rely>false</rely>
<columnDependencyConstraintGenerateInDDL>true</columnDependencyConstraintGenerateInDDL>
</FKIndexAssociation>