<?xml version = '1.0' encoding = 'UTF-8'?>
<FKIndexAssociation class="oracle.dbtools.crest.model.design.relational.FKIndexAssociation" directorySegmentName="seg_23" id="A310AB6E-5805-08DA-37DA-2477E758F4F4" containerWithKeyObject="F112AFB2-A363-E0D5-F172-1E6E71EC0B28" localFKIndex="89650E3D-5BBB-AD62-CAA1-895A4702E9C0" name="MO27_MO40_FK">
<sourceConnName>Browser@C01L</sourceConnName>
<sourceObjSchema>MORPHMASTER</sourceObjSchema>
<sourceObjName>MO27_MO40_FK</sourceObjName>
<createdBy>Duncan.Taylor</createdBy>
<createdTime>2018-07-25 11:57:41 UTC</createdTime>
<ownerDesignName>cdb_c01l</ownerDesignName>
<referredTableLongName>MORPHMASTER.MO40_CLASSIFICATION_RUNS</referredTableLongName>
<deleteRule>NO ACTION</deleteRule>
<referredTableID>30C94BF6-2599-DFC6-69C0-F39E71616FF8</referredTableID>
<keyObject>A0A4B8F3-381D-8D16-ABD9-2F39F2C9FD44</keyObject>
<referredKeyID>A0A4B8F3-381D-8D16-ABD9-2F39F2C9FD44</referredKeyID>
<mandatory>true</mandatory>
<refColNames>CLASSIFICATION_RUN_ID</refColNames>
<transferable>true</transferable>
<rely>false</rely>
<columnDependencyConstraintGenerateInDDL>true</columnDependencyConstraintGenerateInDDL>
</FKIndexAssociation>