<?xml version = '1.0' encoding = 'UTF-8'?>
<FKIndexAssociation class="oracle.dbtools.crest.model.design.relational.FKIndexAssociation" directorySegmentName="seg_23" id="B1FE5381-5EB4-E0F5-28DE-78342F29C6E9" containerWithKeyObject="A28C63F3-F697-E9F3-6893-319D9685EAF5" localFKIndex="0BE82DD3-5496-C458-AED2-EA4804F24004" name="MO25_MO31_FK">
<sourceConnName>Browser@C01L</sourceConnName>
<sourceObjSchema>MORPHMASTER</sourceObjSchema>
<sourceObjName>MO25_MO31_FK</sourceObjName>
<createdBy>Duncan.Taylor</createdBy>
<createdTime>2018-07-25 11:57:41 UTC</createdTime>
<ownerDesignName>cdb_c01l</ownerDesignName>
<referredTableLongName>MORPHMASTER.MO31_ATTRIBUTE_CATEGORIES</referredTableLongName>
<deleteRule>NO ACTION</deleteRule>
<referredTableID>FBC01113-E0D1-B5CF-B00E-FF01419565A7</referredTableID>
<keyObject>718B7B39-260C-B59A-AEA3-E80B9EAD04C7</keyObject>
<referredKeyID>718B7B39-260C-B59A-AEA3-E80B9EAD04C7</referredKeyID>
<mandatory>false</mandatory>
<refColNames>ATTRIBUTE_ID</refColNames>
<transferable>true</transferable>
<rely>false</rely>
<columnDependencyConstraintGenerateInDDL>true</columnDependencyConstraintGenerateInDDL>
</FKIndexAssociation>