<?xml version = '1.0' encoding = 'UTF-8'?>
<FKIndexAssociation class="oracle.dbtools.crest.model.design.relational.FKIndexAssociation" directorySegmentName="seg_23" id="CF57DB6C-786B-3B21-2D1D-367599456D32" containerWithKeyObject="75A99719-2128-7FF5-12C9-BE1A2E993C7C" localFKIndex="ABF23DF7-12F2-98D9-8FE9-CD75684E68B0" name="MO08_MO03_FK">
<sourceConnName>Browser@C01L</sourceConnName>
<sourceObjSchema>MORPHMASTER</sourceObjSchema>
<sourceObjName>MO08_MO03_FK</sourceObjName>
<createdBy>Duncan.Taylor</createdBy>
<createdTime>2018-07-25 11:57:41 UTC</createdTime>
<ownerDesignName>cdb_morphmaster</ownerDesignName>
<referredTableLongName>MORPHMASTER.MO03_CHARACTERISTICS</referredTableLongName>
<deleteRule>NO ACTION</deleteRule>
<referredTableID>57498EF2-0161-F24E-2FAD-AD8C36137DA6</referredTableID>
<keyObject>49A1C727-35B5-076D-F390-97D7E34B2E9D</keyObject>
<referredKeyID>49A1C727-35B5-076D-F390-97D7E34B2E9D</referredKeyID>
<mandatory>true</mandatory>
<refColNames>CHARACTERISTIC_CODE</refColNames>
<transferable>true</transferable>
<rely>false</rely>
<columnDependencyConstraintGenerateInDDL>true</columnDependencyConstraintGenerateInDDL>
</FKIndexAssociation>