<?xml version = '1.0' encoding = 'UTF-8'?>
<FKIndexAssociation class="oracle.dbtools.crest.model.design.relational.FKIndexAssociation" directorySegmentName="seg_23" id="DDF4FC57-8664-8226-B783-FD6DE5D6F9D9" containerWithKeyObject="30CF2BA5-37BC-FE00-52AA-8B6A280272CD" localFKIndex="FA29ED9E-274A-9A46-1DDB-A3548A95191D" name="MO39_MO16_FK">
<sourceConnName>Browser@C01L</sourceConnName>
<sourceObjSchema>MORPHMASTER</sourceObjSchema>
<sourceObjName>MO39_MO16_FK</sourceObjName>
<createdBy>Duncan.Taylor</createdBy>
<createdTime>2018-07-25 11:57:41 UTC</createdTime>
<ownerDesignName>cdb_c01l</ownerDesignName>
<referredTableLongName>MORPHMASTER.MO16_RIPARIAN_VEG_CATEGORIES</referredTableLongName>
<deleteRule>NO ACTION</deleteRule>
<referredTableID>44B9D5E7-11E9-B6E8-A6DF-A53AA562FB38</referredTableID>
<keyObject>79183ADB-A318-466C-6E3C-EC44025455CD</keyObject>
<referredKeyID>79183ADB-A318-466C-6E3C-EC44025455CD</referredKeyID>
<mandatory>true</mandatory>
<refColNames>ST_CODE,CATEGORY</refColNames>
<transferable>true</transferable>
<rely>false</rely>
<columnDependencyConstraintGenerateInDDL>true</columnDependencyConstraintGenerateInDDL>
</FKIndexAssociation>