<?xml version = '1.0' encoding = 'UTF-8'?>
<FKIndexAssociation class="oracle.dbtools.crest.model.design.relational.FKIndexAssociation" directorySegmentName="seg_23" id="E0D491AC-1DC6-8315-83D1-FBF40936C886" containerWithKeyObject="75A99719-2128-7FF5-12C9-BE1A2E993C7C" localFKIndex="97337666-7029-7351-E547-D2B5784009C8" name="MO08_GE31_FK">
<sourceConnName>Browser@C01L</sourceConnName>
<sourceObjSchema>MORPHMASTER</sourceObjSchema>
<sourceObjName>MO08_GE31_FK</sourceObjName>
<createdBy>Duncan.Taylor</createdBy>
<createdTime>2018-07-25 11:57:41 UTC</createdTime>
<ownerDesignName>cdb_c01l</ownerDesignName>
<referredTableLongName>GENERAL.GE31_SUBTYPOLOGY_CATEGORIES</referredTableLongName>
<deleteRule>NO ACTION</deleteRule>
<referredTableID>3B4E3AF7-295A-07D0-46DA-4E14FA343AF7</referredTableID>
<keyObject>621E965C-8C0C-8D2E-70DE-BCB11E84A192</keyObject>
<referredKeyID>621E965C-8C0C-8D2E-70DE-BCB11E84A192</referredKeyID>
<mandatory>true</mandatory>
<refColNames>ST_CODE,CATEGORY</refColNames>
<transferable>true</transferable>
<rely>false</rely>
<columnDependencyConstraintGenerateInDDL>true</columnDependencyConstraintGenerateInDDL>
</FKIndexAssociation>