<?xml version = '1.0' encoding = 'UTF-8'?>
<FKIndexAssociation class="oracle.dbtools.crest.model.design.relational.FKIndexAssociation" directorySegmentName="seg_23" id="E1EB9953-7842-F51D-A5DC-3099D22A45EC" containerWithKeyObject="546AA26A-5467-AB53-C6FF-80681533B4B5" localFKIndex="537F57C9-D981-A62C-9392-D82C27DDF342" name="MO36_MO31_FK">
<sourceConnName>Browser@C01L</sourceConnName>
<sourceObjSchema>MORPHMASTER</sourceObjSchema>
<sourceObjName>MO36_MO31_FK</sourceObjName>
<createdBy>Duncan.Taylor</createdBy>
<createdTime>2018-07-25 11:57:41 UTC</createdTime>
<ownerDesignName>cdb_c01l</ownerDesignName>
<referredTableLongName>MORPHMASTER.MO31_ATTRIBUTE_CATEGORIES</referredTableLongName>
<deleteRule>NO ACTION</deleteRule>
<referredTableID>FBC01113-E0D1-B5CF-B00E-FF01419565A7</referredTableID>
<keyObject>718B7B39-260C-B59A-AEA3-E80B9EAD04C7</keyObject>
<referredKeyID>718B7B39-260C-B59A-AEA3-E80B9EAD04C7</referredKeyID>
<mandatory>true</mandatory>
<refColNames>ATTRIBUTE_ID</refColNames>
<transferable>true</transferable>
<rely>false</rely>
<columnDependencyConstraintGenerateInDDL>true</columnDependencyConstraintGenerateInDDL>
</FKIndexAssociation>