<?xml version = '1.0' encoding = 'UTF-8'?>
<FKIndexAssociation class="oracle.dbtools.crest.model.design.relational.FKIndexAssociation" directorySegmentName="seg_23" id="EA0E3317-35B2-8B06-F63E-FC48580359F4" containerWithKeyObject="2946D50B-70FA-1723-46DA-E5AF75037674" localFKIndex="AEB36572-BC4F-6A09-5794-A76418B10076" name="MO09_MO12_FK">
<sourceConnName>Browser@C01L</sourceConnName>
<sourceObjSchema>MORPHMASTER</sourceObjSchema>
<sourceObjName>MO09_MO12_FK</sourceObjName>
<createdBy>Duncan.Taylor</createdBy>
<createdTime>2018-07-25 11:57:41 UTC</createdTime>
<ownerDesignName>cdb_morphmaster</ownerDesignName>
<referredTableLongName>MORPHMASTER.MO12_STANDARDS</referredTableLongName>
<deleteRule>NO ACTION</deleteRule>
<referredTableID>96774B7B-9789-72E5-A308-55FB71F12DFE</referredTableID>
<keyObject>49B73B2A-0665-72FA-ECBD-4E5EA96D3FE4</keyObject>
<referredKeyID>49B73B2A-0665-72FA-ECBD-4E5EA96D3FE4</referredKeyID>
<mandatory>true</mandatory>
<refColNames>STND_CODE</refColNames>
<transferable>true</transferable>
<rely>false</rely>
<columnDependencyConstraintGenerateInDDL>true</columnDependencyConstraintGenerateInDDL>
</FKIndexAssociation>