<?xml version = '1.0' encoding = 'UTF-8'?>
<FKIndexAssociation class="oracle.dbtools.crest.model.design.relational.FKIndexAssociation" directorySegmentName="seg_23" id="F7A317BE-EB15-FC65-D607-DFE8C94B47D4" containerWithKeyObject="D71286C7-DE94-2064-54A8-A63C056924E2" localFKIndex="D76193E9-3FD0-CCE8-2B60-6BC1B01BF6E1" name="MO35_MO33_FK">
<sourceConnName>Browser@C01L</sourceConnName>
<sourceObjSchema>MORPHMASTER</sourceObjSchema>
<sourceObjName>MO35_MO33_FK</sourceObjName>
<createdBy>Duncan.Taylor</createdBy>
<createdTime>2018-07-25 11:57:41 UTC</createdTime>
<ownerDesignName>cdb_morphmaster</ownerDesignName>
<referredTableLongName>MORPHMASTER.MO33_MORPHOLOGICAL_PRESSURES</referredTableLongName>
<deleteRule>NO ACTION</deleteRule>
<referredTableID>0B7CA974-4DD5-1864-DA5A-C3CCFC0DBF92</referredTableID>
<keyObject>FC424EFF-72AE-C5F6-3509-240AE4E50A2A</keyObject>
<referredKeyID>FC424EFF-72AE-C5F6-3509-240AE4E50A2A</referredKeyID>
<mandatory>true</mandatory>
<refColNames>PRESSURE_ID</refColNames>
<transferable>true</transferable>
<rely>false</rely>
<columnDependencyConstraintGenerateInDDL>true</columnDependencyConstraintGenerateInDDL>
</FKIndexAssociation>