<?xml version = '1.0' encoding = 'UTF-8'?>
<FKIndexAssociation class="oracle.dbtools.crest.model.design.relational.FKIndexAssociation" directorySegmentName="seg_23" id="F91C6BEB-B1DD-7F79-521B-29506540CE95" containerWithKeyObject="A28C63F3-F697-E9F3-6893-319D9685EAF5" localFKIndex="FCCCFB9B-7736-58CB-5608-7DBDD8CA786E" name="MO25_MO04_FK">
<sourceConnName>Browser@C01L</sourceConnName>
<sourceObjSchema>MORPHMASTER</sourceObjSchema>
<sourceObjName>MO25_MO04_FK</sourceObjName>
<createdBy>Duncan.Taylor</createdBy>
<createdTime>2018-07-25 11:57:41 UTC</createdTime>
<ownerDesignName>cdb_c01l</ownerDesignName>
<referredTableLongName>MORPHMASTER.MO04_ACTIVITIES</referredTableLongName>
<deleteRule>NO ACTION</deleteRule>
<referredTableID>D14D807D-D862-C12A-21E8-779F910D5C60</referredTableID>
<keyObject>CCD29A68-0212-478F-6B57-4612165A21E7</keyObject>
<referredKeyID>CCD29A68-0212-478F-6B57-4612165A21E7</referredKeyID>
<mandatory>true</mandatory>
<refColNames>ACTIVITY_CODE</refColNames>
<transferable>true</transferable>
<rely>false</rely>
<columnDependencyConstraintGenerateInDDL>true</columnDependencyConstraintGenerateInDDL>
</FKIndexAssociation>