<?xml version = '1.0' encoding = 'UTF-8'?>
<TriggerOraclev10g class="oracle.dbtools.crest.model.design.storage.oracle.v10g.TriggerOraclev10g" name="MO27_ID_TRG" directorySegmentName="seg_0" id="314A900C-0935-3235-8625-C0C7C2CAC809">
<sourceConnName>Browser@C01L</sourceConnName>
<sourceObjSchema>MORPHMASTER</sourceObjSchema>
<sourceObjName>MO27_ID_TRG</sourceObjName>
<createdBy>duncan.taylor</createdBy>
<createdTime>2018-07-31 12:33:13 UTC</createdTime>
<ownerDesignName>cdb_morphmaster</ownerDesignName>
<actions>INSERT</actions>
<body>BEGIN&lt;br/&gt;SELECT mo27_seq.nextval INTO :new.mo27_id&lt;br/&gt;FROM dual;&lt;br/&gt;END;&lt;br/&gt;</body>
<triggerTime>BEFORE</triggerTime>
<owner>DF5642B9-E527-7523-EC33-AC91C3CB5FB0</owner>
<table>F112AFB2-A363-E0D5-F172-1E6E71EC0B28</table>
</TriggerOraclev10g>