<?xml version = '1.0' encoding = 'UTF-8'?>
<TriggerOraclev10g class="oracle.dbtools.crest.model.design.storage.oracle.v10g.TriggerOraclev10g" name="AUA_ADR" directorySegmentName="seg_0" id="55E270E2-3FAB-8EB5-6533-9F030BDB161B">
<sourceConnName>Browser@C01L</sourceConnName>
<sourceObjSchema>CLASMASTER</sourceObjSchema>
<sourceObjName>AUA_ADR</sourceObjName>
<createdBy>duncan.taylor</createdBy>
<createdTime>2018-07-31 12:33:13 UTC</createdTime>
<ownerDesignName>cdb_morphmaster</ownerDesignName>
<actions>DELETE</actions>
<body>BEGIN&lt;br/&gt;--&lt;br/&gt;-- Create history record&lt;br/&gt;--&lt;br/&gt;CLAOP002.p_audit_authorised_activities&lt;br/&gt; ( &apos;D&apos;&lt;br/&gt;  ,:old.AUTH_AUTHORISATION_ID&lt;br/&gt;  ,:old.ACC_CATEGORY_NUMBER&lt;br/&gt;  ,:old.INS_INSTALLATION_ID&lt;br/&gt;  ,:old.YN_PRIMARY&lt;br/&gt;  ,user&lt;br/&gt;  ,:old.CHANGE_NUMBER&lt;br/&gt;   );&lt;br/&gt;&lt;br/&gt;END AUA_ADR;&lt;br/&gt;</body>
<triggerTime>AFTER</triggerTime>
<owner>CA05CB50-B07E-4F20-A048-C59E3675D525</owner>
<table>5BD92544-468E-6D64-0B1B-4D284AE3712A</table>
</TriggerOraclev10g>