<?xml version = '1.0' encoding = 'UTF-8'?>
<TriggerOraclev10g class="oracle.dbtools.crest.model.design.storage.oracle.v10g.TriggerOraclev10g" name="MO28_ID_TRG" directorySegmentName="seg_0" id="65EBBE95-829C-BF90-CBF9-6FB616064D33">
<sourceConnName>Browser@C01L</sourceConnName>
<sourceObjSchema>MORPHMASTER</sourceObjSchema>
<sourceObjName>MO28_ID_TRG</sourceObjName>
<createdBy>duncan.taylor</createdBy>
<createdTime>2018-07-31 12:33:13 UTC</createdTime>
<ownerDesignName>cdb_morphmaster</ownerDesignName>
<actions>INSERT</actions>
<body>BEGIN&lt;br/&gt;SELECT mo28_seq.nextval INTO :new.mo28_id&lt;br/&gt;FROM dual;&lt;br/&gt;END;&lt;br/&gt;</body>
<triggerTime>BEFORE</triggerTime>
<owner>DF5642B9-E527-7523-EC33-AC91C3CB5FB0</owner>
<table>22F04381-97A8-F624-914F-14C5F7804772</table>
</TriggerOraclev10g>