<?xml version = '1.0' encoding = 'UTF-8'?>
<TriggerOraclev10g class="oracle.dbtools.crest.model.design.storage.oracle.v10g.TriggerOraclev10g" name="AUA_AIR" directorySegmentName="seg_0" id="6FC77C64-12AF-247E-320B-E5D251585E4A">
<sourceConnName>Browser@C01L</sourceConnName>
<sourceObjSchema>CLASMASTER</sourceObjSchema>
<sourceObjName>AUA_AIR</sourceObjName>
<createdBy>duncan.taylor</createdBy>
<createdTime>2018-07-31 12:33:13 UTC</createdTime>
<ownerDesignName>cdb_morphmaster</ownerDesignName>
<actions>INSERT</actions>
<body>BEGIN&lt;br/&gt;--&lt;br/&gt;-- Create history record&lt;br/&gt;--&lt;br/&gt;CLAOP002.p_audit_authorised_activities&lt;br/&gt; ( &apos;I&apos;&lt;br/&gt;  ,:new.AUTH_AUTHORISATION_ID&lt;br/&gt;  ,:new.ACC_CATEGORY_NUMBER&lt;br/&gt;  ,:new.INS_INSTALLATION_ID&lt;br/&gt;  ,:new.YN_PRIMARY&lt;br/&gt;  ,user&lt;br/&gt;  ,:new.CHANGE_NUMBER&lt;br/&gt;   );&lt;br/&gt;&lt;br/&gt;END AUA_AIR;&lt;br/&gt;</body>
<triggerTime>AFTER</triggerTime>
<owner>CA05CB50-B07E-4F20-A048-C59E3675D525</owner>
<table>5BD92544-468E-6D64-0B1B-4D284AE3712A</table>
</TriggerOraclev10g>