<?xml version = '1.0' encoding = 'UTF-8'?>
<TriggerOraclev10g class="oracle.dbtools.crest.model.design.storage.oracle.v10g.TriggerOraclev10g" name="MO26_ID_TRG" directorySegmentName="seg_0" id="A53CDE55-C0A2-561E-19E2-14BDC50F5424">
<sourceConnName>Browser@C01L</sourceConnName>
<sourceObjSchema>MORPHMASTER</sourceObjSchema>
<sourceObjName>MO26_ID_TRG</sourceObjName>
<createdBy>duncan.taylor</createdBy>
<createdTime>2018-07-31 12:33:13 UTC</createdTime>
<ownerDesignName>cdb_morphmaster</ownerDesignName>
<actions>INSERT</actions>
<body>BEGIN&lt;br/&gt;SELECT mo26_seq.nextval INTO :new.mo26_id&lt;br/&gt;FROM dual;&lt;br/&gt;END;&lt;br/&gt;</body>
<triggerTime>BEFORE</triggerTime>
<owner>DF5642B9-E527-7523-EC33-AC91C3CB5FB0</owner>
<table>CFA0D3D5-ECDA-53E5-AA81-92FC013187CF</table>
</TriggerOraclev10g>