<?xml version = '1.0' encoding = 'UTF-8'?>
<TriggerOraclev10g class="oracle.dbtools.crest.model.design.storage.oracle.v10g.TriggerOraclev10g" name="MO25_MO25_ID_TRG" directorySegmentName="seg_0" id="CA4F99A2-AA1B-7932-BB13-9EAAB52946B6">
<sourceConnName>Browser@C01L</sourceConnName>
<sourceObjSchema>MORPHMASTER</sourceObjSchema>
<sourceObjName>MO25_MO25_ID_TRG</sourceObjName>
<createdBy>duncan.taylor</createdBy>
<createdTime>2018-07-31 12:33:13 UTC</createdTime>
<ownerDesignName>cdb_morphmaster</ownerDesignName>
<actions>INSERT</actions>
<body>BEGIN&lt;br/&gt;SELECT mo25_seq.nextval INTO :new.mo25_id&lt;br/&gt;FROM dual;&lt;br/&gt;END;&lt;br/&gt;</body>
<triggerTime>BEFORE</triggerTime>
<owner>DF5642B9-E527-7523-EC33-AC91C3CB5FB0</owner>
<table>A28C63F3-F697-E9F3-6893-319D9685EAF5</table>
</TriggerOraclev10g>