<?xml version = '1.0' encoding = 'UTF-8'?>
<TriggerOraclev10g class="oracle.dbtools.crest.model.design.storage.oracle.v10g.TriggerOraclev10g" name="MO41_ID_TRG" directorySegmentName="seg_0" id="F17F9276-9E07-5119-A74B-3F6E42FCA00C">
<sourceConnName>Browser@C01L</sourceConnName>
<sourceObjSchema>MORPHMASTER</sourceObjSchema>
<sourceObjName>MO41_ID_TRG</sourceObjName>
<createdBy>duncan.taylor</createdBy>
<createdTime>2018-07-31 12:33:13 UTC</createdTime>
<ownerDesignName>cdb_morphmaster</ownerDesignName>
<actions>INSERT</actions>
<body>BEGIN&lt;br/&gt;SELECT mo41_seq.nextval INTO :new.id&lt;br/&gt;FROM dual;&lt;br/&gt;END;&lt;br/&gt;</body>
<triggerTime>BEFORE</triggerTime>
<owner>DF5642B9-E527-7523-EC33-AC91C3CB5FB0</owner>
<table>D99CEAB8-19B9-F7FE-4AC2-09D907AF3692</table>
</TriggerOraclev10g>