<?xml version = '1.0' encoding = 'UTF-8'?>
<UserOraclev10g class="oracle.dbtools.crest.model.design.storage.oracle.v10g.UserOraclev10g" name="GENERAL" directorySegmentName="seg_0" id="3B407D93-7555-413A-5A91-008315E3EC20">
<sourceConnName>Browser@C01L</sourceConnName>
<sourceObjName>GENERAL</sourceObjName>
<createdBy>duncan.taylor</createdBy>
<createdTime>2018-07-31 12:33:11 UTC</createdTime>
<ownerDesignName>cdb_morphmaster</ownerDesignName>
<schemaObject>FDB3BDB5-53F3-F784-262D-34CA63021D54</schemaObject>
</UserOraclev10g>