<?xml version = '1.0' encoding = 'UTF-8'?>
<UserOraclev10g class="oracle.dbtools.crest.model.design.storage.oracle.v10g.UserOraclev10g" name="WFDMASTER" directorySegmentName="seg_0" id="7FE7D71D-9675-633E-7299-7AC1064B8ACE">
<sourceConnName>Browser@C01L</sourceConnName>
<sourceObjName>WFDMASTER</sourceObjName>
<createdBy>duncan.taylor</createdBy>
<createdTime>2018-07-31 12:33:11 UTC</createdTime>
<ownerDesignName>cdb_morphmaster</ownerDesignName>
<schemaObject>06841B23-6140-E146-0E94-9D7A2B48ED83</schemaObject>
</UserOraclev10g>