<?xml version = '1.0' encoding = 'UTF-8'?>
<UserOraclev10g class="oracle.dbtools.crest.model.design.storage.oracle.v10g.UserOraclev10g" name="CLASMASTER" directorySegmentName="seg_0" id="CA05CB50-B07E-4F20-A048-C59E3675D525">
<sourceConnName>Browser@C01L</sourceConnName>
<sourceObjName>CLASMASTER</sourceObjName>
<createdBy>duncan.taylor</createdBy>
<createdTime>2018-07-31 12:33:11 UTC</createdTime>
<ownerDesignName>cdb_morphmaster</ownerDesignName>
<schemaObject>B1402178-3A6C-11FF-4231-BA73D239EB21</schemaObject>
</UserOraclev10g>