<?xml version = '1.0' encoding = 'UTF-8'?>
<UserOraclev10g class="oracle.dbtools.crest.model.design.storage.oracle.v10g.UserOraclev10g" name="MORPHMASTER" directorySegmentName="seg_0" id="DF5642B9-E527-7523-EC33-AC91C3CB5FB0">
<sourceConnName>Browser@C01L</sourceConnName>
<sourceObjName>MORPHMASTER</sourceObjName>
<createdBy>duncan.taylor</createdBy>
<createdTime>2018-07-31 12:33:11 UTC</createdTime>
<ownerDesignName>cdb_morphmaster</ownerDesignName>
<schemaObject>B9747E78-31C9-E033-1072-BFCA55C723C9</schemaObject>
</UserOraclev10g>