<?xml version = '1.0' encoding = 'UTF-8'?>
<UserOraclev10g class="oracle.dbtools.crest.model.design.storage.oracle.v10g.UserOraclev10g" name="PUBLIC" directorySegmentName="seg_0" id="PUBLIC">
<createdBy>duncan.taylor</createdBy>
<createdTime>2018-07-31 12:33:10 UTC</createdTime>
<ownerDesignName>cdb_morphmaster</ownerDesignName>
<nullInstance>true</nullInstance>
<storableNullInstance>true</storableNullInstance>
<permissions>
<Permission class="oracle.dbtools.crest.model.design.storage.oracle.v10g.PermissionsOraclev10g" name="Permissions1" id="BCA23A77-0625-A93F-06B7-B50B0E1DA9A4">
<createdBy>duncan.taylor</createdBy>
<createdTime>2018-07-31 12:33:13 UTC</createdTime>
<ownerDesignName>cdb_morphmaster</ownerDesignName>
<privileges>SELECT</privileges>
<view>B7B17ABD-547D-7493-E4CB-E2D6158E83A4</view>
</Permission>
<Permission class="oracle.dbtools.crest.model.design.storage.oracle.v10g.PermissionsOraclev10g" name="Permissions10" id="ACA6FAC0-3149-2967-CC90-A56E1123CB75">
<createdBy>duncan.taylor</createdBy>
<createdTime>2018-07-31 12:33:13 UTC</createdTime>
<ownerDesignName>cdb_morphmaster</ownerDesignName>
<privileges>SELECT</privileges>
<view>C8DC4891-4DA6-FFAD-86EE-42E5A8FE6CF1</view>
</Permission>
<Permission class="oracle.dbtools.crest.model.design.storage.oracle.v10g.PermissionsOraclev10g" name="Permissions101" id="E6E7E2B9-F587-D236-1C4D-03B0FCBCB4B0">
<createdBy>duncan.taylor</createdBy>
<createdTime>2018-07-31 12:33:13 UTC</createdTime>
<ownerDesignName>cdb_morphmaster</ownerDesignName>
<privileges>SELECT</privileges>
<table>44B9D5E7-11E9-B6E8-A6DF-A53AA562FB38</table>
</Permission>
<Permission class="oracle.dbtools.crest.model.design.storage.oracle.v10g.PermissionsOraclev10g" name="Permissions104" id="6C5E03F3-0AE1-EF3F-0606-B96462ACBCFE">
<createdBy>duncan.taylor</createdBy>
<createdTime>2018-07-31 12:33:13 UTC</createdTime>
<ownerDesignName>cdb_morphmaster</ownerDesignName>
<privileges>SELECT</privileges>
<table>699BE86F-97C6-2976-D434-2D5C1B6392B2</table>
</Permission>
<Permission class="oracle.dbtools.crest.model.design.storage.oracle.v10g.PermissionsOraclev10g" name="Permissions107" id="052F661F-D242-EE3A-BDF5-59001B403C07">
<createdBy>duncan.taylor</createdBy>
<createdTime>2018-07-31 12:33:13 UTC</createdTime>
<ownerDesignName>cdb_morphmaster</ownerDesignName>
<privileges>SELECT</privileges>
<table>A28C63F3-F697-E9F3-6893-319D9685EAF5</table>
</Permission>
<Permission class="oracle.dbtools.crest.model.design.storage.oracle.v10g.PermissionsOraclev10g" name="Permissions110" id="AA29DDFB-5993-BB74-0E18-4F3D86C7283C">
<createdBy>duncan.taylor</createdBy>
<createdTime>2018-07-31 12:33:13 UTC</createdTime>
<ownerDesignName>cdb_morphmaster</ownerDesignName>
<privileges>SELECT</privileges>
<table>CFA0D3D5-ECDA-53E5-AA81-92FC013187CF</table>
</Permission>
<Permission class="oracle.dbtools.crest.model.design.storage.oracle.v10g.PermissionsOraclev10g" name="Permissions113" id="4563D44F-A6C4-C291-C36C-80C5EC787B82">
<createdBy>duncan.taylor</createdBy>
<createdTime>2018-07-31 12:33:13 UTC</createdTime>
<ownerDesignName>cdb_morphmaster</ownerDesignName>
<privileges>SELECT</privileges>
<table>F112AFB2-A363-E0D5-F172-1E6E71EC0B28</table>
</Permission>
<Permission class="oracle.dbtools.crest.model.design.storage.oracle.v10g.PermissionsOraclev10g" name="Permissions116" id="1E635CBA-87C2-99A2-A5EB-22183923BFD9">
<createdBy>duncan.taylor</createdBy>
<createdTime>2018-07-31 12:33:13 UTC</createdTime>
<ownerDesignName>cdb_morphmaster</ownerDesignName>
<privileges>SELECT</privileges>
<table>22F04381-97A8-F624-914F-14C5F7804772</table>
</Permission>
<Permission class="oracle.dbtools.crest.model.design.storage.oracle.v10g.PermissionsOraclev10g" name="Permissions119" id="C778630B-1FEA-0EA6-77C2-D6512FD7BEEA">
<createdBy>duncan.taylor</createdBy>
<createdTime>2018-07-31 12:33:13 UTC</createdTime>
<ownerDesignName>cdb_morphmaster</ownerDesignName>
<privileges>SELECT, REFERENCES</privileges>
<table>E421FD0A-A74B-C3E7-1DD5-9CAD0C35FF20</table>
</Permission>
<Permission class="oracle.dbtools.crest.model.design.storage.oracle.v10g.PermissionsOraclev10g" name="Permissions122" id="F190944D-9232-2F8E-A3EC-03D4EC5AA5A9">
<createdBy>duncan.taylor</createdBy>
<createdTime>2018-07-31 12:33:13 UTC</createdTime>
<ownerDesignName>cdb_morphmaster</ownerDesignName>
<privileges>SELECT, REFERENCES</privileges>
<table>FBC01113-E0D1-B5CF-B00E-FF01419565A7</table>
</Permission>
<Permission class="oracle.dbtools.crest.model.design.storage.oracle.v10g.PermissionsOraclev10g" name="Permissions125" id="D8EFEC0B-0192-78F2-9704-89ADA1E78270">
<createdBy>duncan.taylor</createdBy>
<createdTime>2018-07-31 12:33:13 UTC</createdTime>
<ownerDesignName>cdb_morphmaster</ownerDesignName>
<privileges>SELECT, REFERENCES</privileges>
<table>D7D8256D-6F98-3C13-700C-C5ED9E1E8E96</table>
</Permission>
<Permission class="oracle.dbtools.crest.model.design.storage.oracle.v10g.PermissionsOraclev10g" name="Permissions128" id="8EAF4359-B780-88AE-192F-3EFE5770D76F">
<createdBy>duncan.taylor</createdBy>
<createdTime>2018-07-31 12:33:13 UTC</createdTime>
<ownerDesignName>cdb_morphmaster</ownerDesignName>
<privileges>SELECT, REFERENCES</privileges>
<table>0B7CA974-4DD5-1864-DA5A-C3CCFC0DBF92</table>
</Permission>
<Permission class="oracle.dbtools.crest.model.design.storage.oracle.v10g.PermissionsOraclev10g" name="Permissions13" id="0484FE52-1269-BE1B-944A-ABF474254B82">
<createdBy>duncan.taylor</createdBy>
<createdTime>2018-07-31 12:33:13 UTC</createdTime>
<ownerDesignName>cdb_morphmaster</ownerDesignName>
<privileges>SELECT</privileges>
<view>14DC059B-5269-3D6C-F70D-FB15E5B35667</view>
</Permission>
<Permission class="oracle.dbtools.crest.model.design.storage.oracle.v10g.PermissionsOraclev10g" name="Permissions131" id="CB6518A3-7FD2-C7CC-C4D2-5F4F5FA42C95">
<createdBy>duncan.taylor</createdBy>
<createdTime>2018-07-31 12:33:13 UTC</createdTime>
<ownerDesignName>cdb_morphmaster</ownerDesignName>
<privileges>SELECT, REFERENCES</privileges>
<table>E8106C5B-C6D3-3161-6F56-53CA9BA876D5</table>
</Permission>
<Permission class="oracle.dbtools.crest.model.design.storage.oracle.v10g.PermissionsOraclev10g" name="Permissions134" id="60054D70-0BA4-6FCB-9CFE-52DE0BA0E3F8">
<createdBy>duncan.taylor</createdBy>
<createdTime>2018-07-31 12:33:13 UTC</createdTime>
<ownerDesignName>cdb_morphmaster</ownerDesignName>
<privileges>SELECT, REFERENCES</privileges>
<table>D71286C7-DE94-2064-54A8-A63C056924E2</table>
</Permission>
<Permission class="oracle.dbtools.crest.model.design.storage.oracle.v10g.PermissionsOraclev10g" name="Permissions137" id="325DB72A-B4C6-93A9-F726-3E8BFD29FD84">
<createdBy>duncan.taylor</createdBy>
<createdTime>2018-07-31 12:33:13 UTC</createdTime>
<ownerDesignName>cdb_morphmaster</ownerDesignName>
<privileges>SELECT, REFERENCES</privileges>
<table>546AA26A-5467-AB53-C6FF-80681533B4B5</table>
</Permission>
<Permission class="oracle.dbtools.crest.model.design.storage.oracle.v10g.PermissionsOraclev10g" name="Permissions140" id="82F07D39-6B80-4BFD-E353-DB4A5D7C224C">
<createdBy>duncan.taylor</createdBy>
<createdTime>2018-07-31 12:33:13 UTC</createdTime>
<ownerDesignName>cdb_morphmaster</ownerDesignName>
<privileges>SELECT, REFERENCES</privileges>
<table>28E10A57-C8E2-88BD-49C2-8D2426D9AADB</table>
</Permission>
<Permission class="oracle.dbtools.crest.model.design.storage.oracle.v10g.PermissionsOraclev10g" name="Permissions143" id="36E77821-51FF-B86F-DAF1-BE68D8157824">
<createdBy>duncan.taylor</createdBy>
<createdTime>2018-07-31 12:33:13 UTC</createdTime>
<ownerDesignName>cdb_morphmaster</ownerDesignName>
<privileges>SELECT</privileges>
<table>30CF2BA5-37BC-FE00-52AA-8B6A280272CD</table>
</Permission>
<Permission class="oracle.dbtools.crest.model.design.storage.oracle.v10g.PermissionsOraclev10g" name="Permissions146" id="FE4B0766-AD53-9A81-D1BF-2C35DC68342F">
<createdBy>duncan.taylor</createdBy>
<createdTime>2018-07-31 12:33:13 UTC</createdTime>
<ownerDesignName>cdb_morphmaster</ownerDesignName>
<privileges>SELECT</privileges>
<table>30C94BF6-2599-DFC6-69C0-F39E71616FF8</table>
</Permission>
<Permission class="oracle.dbtools.crest.model.design.storage.oracle.v10g.PermissionsOraclev10g" name="Permissions149" id="2A9358CB-B559-B5C2-F137-7182C3B0701B">
<createdBy>duncan.taylor</createdBy>
<createdTime>2018-07-31 12:33:13 UTC</createdTime>
<ownerDesignName>cdb_morphmaster</ownerDesignName>
<privileges>DELETE</privileges>
<table>D99CEAB8-19B9-F7FE-4AC2-09D907AF3692</table>
</Permission>
<Permission class="oracle.dbtools.crest.model.design.storage.oracle.v10g.PermissionsOraclev10g" name="Permissions152" id="1F951952-5E3E-4AC0-1BBF-17F2BEE135B7">
<createdBy>duncan.taylor</createdBy>
<createdTime>2018-07-31 12:33:13 UTC</createdTime>
<ownerDesignName>cdb_morphmaster</ownerDesignName>
<privileges>SELECT</privileges>
<table>30DB35CC-5FFD-E059-03EF-8BEE67F2FB49</table>
</Permission>
<Permission class="oracle.dbtools.crest.model.design.storage.oracle.v10g.PermissionsOraclev10g" name="Permissions155" id="A1B576D1-7B82-D388-4375-281FF59F6B45">
<createdBy>duncan.taylor</createdBy>
<createdTime>2018-07-31 12:33:13 UTC</createdTime>
<ownerDesignName>cdb_morphmaster</ownerDesignName>
<privileges>SELECT</privileges>
<table>9450A56E-691F-0248-05B2-728CD224C8DC</table>
</Permission>
<Permission class="oracle.dbtools.crest.model.design.storage.oracle.v10g.PermissionsOraclev10g" name="Permissions158" id="404E850F-3D2F-864C-82CF-46445D209B79">
<createdBy>duncan.taylor</createdBy>
<createdTime>2018-07-31 12:33:13 UTC</createdTime>
<ownerDesignName>cdb_morphmaster</ownerDesignName>
<privileges>SELECT</privileges>
<table>596C9C6B-FB76-D99A-8433-E12A50A44EAE</table>
</Permission>
<Permission class="oracle.dbtools.crest.model.design.storage.oracle.v10g.PermissionsOraclev10g" name="Permissions16" id="1D62C01D-4378-EC4B-A1CB-AF950DFF1CE5">
<createdBy>duncan.taylor</createdBy>
<createdTime>2018-07-31 12:33:13 UTC</createdTime>
<ownerDesignName>cdb_morphmaster</ownerDesignName>
<privileges>SELECT</privileges>
<view>1F9EB711-0D38-1F07-81DB-7247DE134136</view>
</Permission>
<Permission class="oracle.dbtools.crest.model.design.storage.oracle.v10g.PermissionsOraclev10g" name="Permissions161" id="F98F3D32-5E8A-661B-D6CB-7ED9A0FDB83F">
<createdBy>duncan.taylor</createdBy>
<createdTime>2018-07-31 12:33:13 UTC</createdTime>
<ownerDesignName>cdb_morphmaster</ownerDesignName>
<privileges>SELECT</privileges>
<table>C4177279-BB48-6149-E286-5DBCCFA6AAAC</table>
</Permission>
<Permission class="oracle.dbtools.crest.model.design.storage.oracle.v10g.PermissionsOraclev10g" name="Permissions164" id="45248E80-114C-C09E-A7E7-D8DDC5CDF131">
<createdBy>duncan.taylor</createdBy>
<createdTime>2018-07-31 12:33:13 UTC</createdTime>
<ownerDesignName>cdb_morphmaster</ownerDesignName>
<privileges>SELECT</privileges>
<table>7AC8A963-DA5E-EBE9-3F55-DD217EEB4B72</table>
</Permission>
<Permission class="oracle.dbtools.crest.model.design.storage.oracle.v10g.PermissionsOraclev10g" name="Permissions167" id="127804B1-7B0D-F7FA-4E71-D7BC98EF1501">
<createdBy>duncan.taylor</createdBy>
<createdTime>2018-07-31 12:33:13 UTC</createdTime>
<ownerDesignName>cdb_morphmaster</ownerDesignName>
<privileges>SELECT</privileges>
<table>66B08357-2E4D-5FA3-15A6-57CA465884BF</table>
</Permission>
<Permission class="oracle.dbtools.crest.model.design.storage.oracle.v10g.PermissionsOraclev10g" name="Permissions170" id="24C403A3-7959-F374-10A3-64C87466ACC4">
<createdBy>duncan.taylor</createdBy>
<createdTime>2018-07-31 12:33:13 UTC</createdTime>
<ownerDesignName>cdb_morphmaster</ownerDesignName>
<privileges>SELECT</privileges>
<table>01AA0CF7-0C58-4E3B-ADDE-D4D3A0A3235C</table>
</Permission>
<Permission class="oracle.dbtools.crest.model.design.storage.oracle.v10g.PermissionsOraclev10g" name="Permissions171" id="CE7F17B7-7CCE-8152-25AE-7F5897286CFE">
<createdBy>duncan.taylor</createdBy>
<createdTime>2018-07-31 12:33:13 UTC</createdTime>
<ownerDesignName>cdb_morphmaster</ownerDesignName>
<privileges>SELECT, REFERENCES</privileges>
<table>B4B54A21-B155-C36F-ECEE-FBDB38919B11</table>
</Permission>
<Permission class="oracle.dbtools.crest.model.design.storage.oracle.v10g.PermissionsOraclev10g" name="Permissions173" id="1A3EEB5B-6A02-CDA6-7752-767F3F752295">
<createdBy>duncan.taylor</createdBy>
<createdTime>2018-07-31 12:33:13 UTC</createdTime>
<ownerDesignName>cdb_morphmaster</ownerDesignName>
<privileges>SELECT, REFERENCES</privileges>
<table>94BEB5A6-9738-FC97-0688-FFB2D19DF8A4</table>
</Permission>
<Permission class="oracle.dbtools.crest.model.design.storage.oracle.v10g.PermissionsOraclev10g" name="Permissions19" id="E2AE9C4B-99B2-9D5E-6A84-CFF4554CC44C">
<createdBy>duncan.taylor</createdBy>
<createdTime>2018-07-31 12:33:13 UTC</createdTime>
<ownerDesignName>cdb_morphmaster</ownerDesignName>
<privileges>SELECT</privileges>
<view>D6A69B3A-8DFF-669A-5B26-E3FD26E0E8D3</view>
</Permission>
<Permission class="oracle.dbtools.crest.model.design.storage.oracle.v10g.PermissionsOraclev10g" name="Permissions23" id="C337CF69-0728-2CE5-8FC8-302FDA78A4EA">
<createdBy>duncan.taylor</createdBy>
<createdTime>2018-07-31 12:33:13 UTC</createdTime>
<ownerDesignName>cdb_morphmaster</ownerDesignName>
<privileges>SELECT</privileges>
<view>6AAD99F2-9B81-7490-BF21-15AEF6782E63</view>
</Permission>
<Permission class="oracle.dbtools.crest.model.design.storage.oracle.v10g.PermissionsOraclev10g" name="Permissions26" id="3E40813D-DAA6-1D38-D5F7-E1518A45E388">
<createdBy>duncan.taylor</createdBy>
<createdTime>2018-07-31 12:33:13 UTC</createdTime>
<ownerDesignName>cdb_morphmaster</ownerDesignName>
<privileges>SELECT</privileges>
<view>7F6CBA0E-5690-3F61-F6E8-AACD5B9BC52D</view>
</Permission>
<Permission class="oracle.dbtools.crest.model.design.storage.oracle.v10g.PermissionsOraclev10g" name="Permissions29" id="ED527123-449E-E698-C531-136B87A0F3B2">
<createdBy>duncan.taylor</createdBy>
<createdTime>2018-07-31 12:33:13 UTC</createdTime>
<ownerDesignName>cdb_morphmaster</ownerDesignName>
<privileges>SELECT</privileges>
<view>7C262D1E-30DC-E612-E9A8-C1BDB21C5D32</view>
</Permission>
<Permission class="oracle.dbtools.crest.model.design.storage.oracle.v10g.PermissionsOraclev10g" name="Permissions32" id="65E460DC-8246-5B96-83D9-4E03EEB3EA55">
<createdBy>duncan.taylor</createdBy>
<createdTime>2018-07-31 12:33:13 UTC</createdTime>
<ownerDesignName>cdb_morphmaster</ownerDesignName>
<privileges>SELECT</privileges>
<view>DA5A4299-CF80-6F21-0B41-26DCA27E017B</view>
</Permission>
<Permission class="oracle.dbtools.crest.model.design.storage.oracle.v10g.PermissionsOraclev10g" name="Permissions33" id="DF2EEAD6-5682-41A8-C48E-A04B69FA52ED">
<createdBy>duncan.taylor</createdBy>
<createdTime>2018-07-31 12:33:13 UTC</createdTime>
<ownerDesignName>cdb_morphmaster</ownerDesignName>
<privileges>SELECT</privileges>
<view>B824451D-B978-4C51-90EC-9684C3C5CABB</view>
</Permission>
<Permission class="oracle.dbtools.crest.model.design.storage.oracle.v10g.PermissionsOraclev10g" name="Permissions34" id="106643D0-B9F0-D4E9-B250-25FA470A3A55">
<createdBy>duncan.taylor</createdBy>
<createdTime>2018-07-31 12:33:13 UTC</createdTime>
<ownerDesignName>cdb_morphmaster</ownerDesignName>
<privileges>SELECT</privileges>
<view>4D90FA7F-9E73-EA52-0B0C-43DA7C26AC3E</view>
</Permission>
<Permission class="oracle.dbtools.crest.model.design.storage.oracle.v10g.PermissionsOraclev10g" name="Permissions35" id="2DEFFDE7-1C67-2865-E009-58A35AA44890">
<createdBy>duncan.taylor</createdBy>
<createdTime>2018-07-31 12:33:13 UTC</createdTime>
<ownerDesignName>cdb_morphmaster</ownerDesignName>
<privileges>SELECT</privileges>
<view>7E9E3469-A127-17DE-CFB5-F6F2D7114053</view>
</Permission>
<Permission class="oracle.dbtools.crest.model.design.storage.oracle.v10g.PermissionsOraclev10g" name="Permissions36" id="9D77E3EC-51CD-89E7-B1DF-FD0EDE8F6152">
<createdBy>duncan.taylor</createdBy>
<createdTime>2018-07-31 12:33:13 UTC</createdTime>
<ownerDesignName>cdb_morphmaster</ownerDesignName>
<privileges>SELECT</privileges>
<view>049EF2D1-6020-0332-CFDD-ADF9E344BB0C</view>
</Permission>
<Permission class="oracle.dbtools.crest.model.design.storage.oracle.v10g.PermissionsOraclev10g" name="Permissions37" id="90DE9BC4-A5FD-D816-7F3C-B3580674FA65">
<createdBy>duncan.taylor</createdBy>
<createdTime>2018-07-31 12:33:13 UTC</createdTime>
<ownerDesignName>cdb_morphmaster</ownerDesignName>
<privileges>SELECT</privileges>
<view>86EAE23B-4C67-CB84-169C-CD56216AAF64</view>
</Permission>
<Permission class="oracle.dbtools.crest.model.design.storage.oracle.v10g.PermissionsOraclev10g" name="Permissions38" id="EECC6BF9-FF57-CCB2-DC3B-794CBD1E53BF">
<createdBy>duncan.taylor</createdBy>
<createdTime>2018-07-31 12:33:13 UTC</createdTime>
<ownerDesignName>cdb_morphmaster</ownerDesignName>
<privileges>SELECT</privileges>
<view>FB25FA9D-74F7-174A-D614-E8B0456160FC</view>
</Permission>
<Permission class="oracle.dbtools.crest.model.design.storage.oracle.v10g.PermissionsOraclev10g" name="Permissions39" id="6A9C503D-B388-938B-FF8E-C9E90E02F2EF">
<createdBy>duncan.taylor</createdBy>
<createdTime>2018-07-31 12:33:13 UTC</createdTime>
<ownerDesignName>cdb_morphmaster</ownerDesignName>
<privileges>SELECT</privileges>
<view>4171095A-0825-C970-D37F-AD2EF337A9C3</view>
</Permission>
<Permission class="oracle.dbtools.crest.model.design.storage.oracle.v10g.PermissionsOraclev10g" name="Permissions4" id="703868D4-200F-9C13-048D-60DAA121084F">
<createdBy>duncan.taylor</createdBy>
<createdTime>2018-07-31 12:33:13 UTC</createdTime>
<ownerDesignName>cdb_morphmaster</ownerDesignName>
<privileges>SELECT</privileges>
<view>E55D089E-D438-31F7-A63E-9CFD7AA6A951</view>
</Permission>
<Permission class="oracle.dbtools.crest.model.design.storage.oracle.v10g.PermissionsOraclev10g" name="Permissions40" id="283A4776-ED1F-7BDC-BDB8-494A58871582">
<createdBy>duncan.taylor</createdBy>
<createdTime>2018-07-31 12:33:13 UTC</createdTime>
<ownerDesignName>cdb_morphmaster</ownerDesignName>
<privileges>SELECT</privileges>
<view>B023639C-B800-4CB4-3043-3557675CFFBA</view>
</Permission>
<Permission class="oracle.dbtools.crest.model.design.storage.oracle.v10g.PermissionsOraclev10g" name="Permissions41" id="F9C45480-8D10-2767-97BA-BC9BB6548B66">
<createdBy>duncan.taylor</createdBy>
<createdTime>2018-07-31 12:33:13 UTC</createdTime>
<ownerDesignName>cdb_morphmaster</ownerDesignName>
<privileges>SELECT</privileges>
<view>0BF72664-71F6-27C8-2D7D-64098C4C716B</view>
</Permission>
<Permission class="oracle.dbtools.crest.model.design.storage.oracle.v10g.PermissionsOraclev10g" name="Permissions42" id="3A49811F-067A-A2E5-4597-43258C1B3231">
<createdBy>duncan.taylor</createdBy>
<createdTime>2018-07-31 12:33:13 UTC</createdTime>
<ownerDesignName>cdb_morphmaster</ownerDesignName>
<privileges>SELECT</privileges>
<view>620A50B4-1524-83FD-E827-D1184E1B21E8</view>
</Permission>
<Permission class="oracle.dbtools.crest.model.design.storage.oracle.v10g.PermissionsOraclev10g" name="Permissions43" id="57877851-3044-1C4E-FC13-488D17D5B042">
<createdBy>duncan.taylor</createdBy>
<createdTime>2018-07-31 12:33:13 UTC</createdTime>
<ownerDesignName>cdb_morphmaster</ownerDesignName>
<privileges>SELECT</privileges>
<view>166DFF5F-2EBF-DDE9-10C0-C027A78AD5A0</view>
</Permission>
<Permission class="oracle.dbtools.crest.model.design.storage.oracle.v10g.PermissionsOraclev10g" name="Permissions44" id="9D76DF0A-D9F7-2094-24AE-D5BE4DCF4F5E">
<createdBy>duncan.taylor</createdBy>
<createdTime>2018-07-31 12:33:13 UTC</createdTime>
<ownerDesignName>cdb_morphmaster</ownerDesignName>
<privileges>SELECT</privileges>
<view>399F31BA-E89A-5043-6A8A-376DA7921A66</view>
</Permission>
<Permission class="oracle.dbtools.crest.model.design.storage.oracle.v10g.PermissionsOraclev10g" name="Permissions45" id="0569785B-86EF-94A9-4C23-F6FB19E3B7A1">
<createdBy>duncan.taylor</createdBy>
<createdTime>2018-07-31 12:33:13 UTC</createdTime>
<ownerDesignName>cdb_morphmaster</ownerDesignName>
<privileges>SELECT</privileges>
<view>438568CB-E33D-213C-4166-F8B42F94EECF</view>
</Permission>
<Permission class="oracle.dbtools.crest.model.design.storage.oracle.v10g.PermissionsOraclev10g" name="Permissions46" id="C8F979CE-AE88-C0D7-0F19-E2EFDC0C8C58">
<createdBy>duncan.taylor</createdBy>
<createdTime>2018-07-31 12:33:13 UTC</createdTime>
<ownerDesignName>cdb_morphmaster</ownerDesignName>
<privileges>SELECT</privileges>
<view>C336D284-7D87-B2AB-BFF3-0BD8BC2307B3</view>
</Permission>
<Permission class="oracle.dbtools.crest.model.design.storage.oracle.v10g.PermissionsOraclev10g" name="Permissions47" id="723CBCBB-6F6B-D6AE-3028-29AB692F3C22">
<createdBy>duncan.taylor</createdBy>
<createdTime>2018-07-31 12:33:13 UTC</createdTime>
<ownerDesignName>cdb_morphmaster</ownerDesignName>
<privileges>SELECT</privileges>
<view>B1CDAF7D-B331-827A-4E62-2D6FE39D0EBB</view>
</Permission>
<Permission class="oracle.dbtools.crest.model.design.storage.oracle.v10g.PermissionsOraclev10g" name="Permissions48" id="DF27F1A1-A011-00E4-DA64-975684D03DEE">
<createdBy>duncan.taylor</createdBy>
<createdTime>2018-07-31 12:33:13 UTC</createdTime>
<ownerDesignName>cdb_morphmaster</ownerDesignName>
<privileges>SELECT</privileges>
<view>C0184ECB-1987-DB17-553C-2619232197F1</view>
</Permission>
<Permission class="oracle.dbtools.crest.model.design.storage.oracle.v10g.PermissionsOraclev10g" name="Permissions49" id="0BD380CF-528C-A083-B2DF-F0347ED2A680">
<createdBy>duncan.taylor</createdBy>
<createdTime>2018-07-31 12:33:13 UTC</createdTime>
<ownerDesignName>cdb_morphmaster</ownerDesignName>
<privileges>SELECT</privileges>
<view>9F8914CF-5F14-D42E-1BA3-4285831365F2</view>
</Permission>
<Permission class="oracle.dbtools.crest.model.design.storage.oracle.v10g.PermissionsOraclev10g" name="Permissions50" id="DEFBA22D-B530-E6D6-8CA6-D1F99F3019EE">
<createdBy>duncan.taylor</createdBy>
<createdTime>2018-07-31 12:33:13 UTC</createdTime>
<ownerDesignName>cdb_morphmaster</ownerDesignName>
<privileges>SELECT</privileges>
<view>ED04E770-CAE0-9F15-A6AE-E22A0ED04028</view>
</Permission>
<Permission class="oracle.dbtools.crest.model.design.storage.oracle.v10g.PermissionsOraclev10g" name="Permissions51" id="30EE3B7F-E7C5-4D06-BAF0-78D099C95FEC">
<createdBy>duncan.taylor</createdBy>
<createdTime>2018-07-31 12:33:13 UTC</createdTime>
<ownerDesignName>cdb_morphmaster</ownerDesignName>
<privileges>SELECT</privileges>
<view>C6C6FAF6-C09A-D6E5-41FF-3EFECFDC12B7</view>
</Permission>
<Permission class="oracle.dbtools.crest.model.design.storage.oracle.v10g.PermissionsOraclev10g" name="Permissions52" id="40A5102C-EB4D-214D-472D-423385EF31A1">
<createdBy>duncan.taylor</createdBy>
<createdTime>2018-07-31 12:33:13 UTC</createdTime>
<ownerDesignName>cdb_morphmaster</ownerDesignName>
<privileges>SELECT</privileges>
<view>4C81C7D7-EA7E-B8C3-277D-6D57416283B4</view>
</Permission>
<Permission class="oracle.dbtools.crest.model.design.storage.oracle.v10g.PermissionsOraclev10g" name="Permissions53" id="33461F74-0A55-7992-EF96-ECD380463828">
<createdBy>duncan.taylor</createdBy>
<createdTime>2018-07-31 12:33:13 UTC</createdTime>
<ownerDesignName>cdb_morphmaster</ownerDesignName>
<privileges>SELECT</privileges>
<view>63AEF200-457F-7691-3984-3CF073080552</view>
</Permission>
<Permission class="oracle.dbtools.crest.model.design.storage.oracle.v10g.PermissionsOraclev10g" name="Permissions54" id="2B2A6796-F5E3-AAA8-D3FF-43C1DA97ABEB">
<createdBy>duncan.taylor</createdBy>
<createdTime>2018-07-31 12:33:13 UTC</createdTime>
<ownerDesignName>cdb_morphmaster</ownerDesignName>
<privileges>SELECT</privileges>
<view>97E31453-13F4-9D1D-18C5-F782EF50ED57</view>
</Permission>
<Permission class="oracle.dbtools.crest.model.design.storage.oracle.v10g.PermissionsOraclev10g" name="Permissions55" id="C87C1301-9AA5-D1D0-107A-F58F6EAAEFA9">
<createdBy>duncan.taylor</createdBy>
<createdTime>2018-07-31 12:33:13 UTC</createdTime>
<ownerDesignName>cdb_morphmaster</ownerDesignName>
<privileges>SELECT</privileges>
<view>5E16B59E-1C34-EE11-D060-747FC81B19EF</view>
</Permission>
<Permission class="oracle.dbtools.crest.model.design.storage.oracle.v10g.PermissionsOraclev10g" name="Permissions56" id="72EAD370-426A-E7A6-9B24-07E3A348EA21">
<createdBy>duncan.taylor</createdBy>
<createdTime>2018-07-31 12:33:13 UTC</createdTime>
<ownerDesignName>cdb_morphmaster</ownerDesignName>
<privileges>SELECT</privileges>
<view>B5A7BD2F-F727-B978-954E-D976F356001C</view>
</Permission>
<Permission class="oracle.dbtools.crest.model.design.storage.oracle.v10g.PermissionsOraclev10g" name="Permissions57" id="BB7C7A34-F02A-EDAB-10B5-B06D1590D5DA">
<createdBy>duncan.taylor</createdBy>
<createdTime>2018-07-31 12:33:13 UTC</createdTime>
<ownerDesignName>cdb_morphmaster</ownerDesignName>
<privileges>SELECT</privileges>
<view>F80F19A6-FC2A-C2AE-47C4-CB9C0ED2946E</view>
</Permission>
<Permission class="oracle.dbtools.crest.model.design.storage.oracle.v10g.PermissionsOraclev10g" name="Permissions58" id="689AEAF0-8D9B-172E-C73B-9219EC19A471">
<createdBy>duncan.taylor</createdBy>
<createdTime>2018-07-31 12:33:13 UTC</createdTime>
<ownerDesignName>cdb_morphmaster</ownerDesignName>
<privileges>SELECT, REFERENCES</privileges>
<table>5BD92544-468E-6D64-0B1B-4D284AE3712A</table>
</Permission>
<Permission class="oracle.dbtools.crest.model.design.storage.oracle.v10g.PermissionsOraclev10g" name="Permissions61" id="141C69EB-4CB2-1695-86A7-D1634C83F1BB">
<createdBy>duncan.taylor</createdBy>
<createdTime>2018-07-31 12:33:13 UTC</createdTime>
<ownerDesignName>cdb_morphmaster</ownerDesignName>
<privileges>SELECT, REFERENCES</privileges>
<table>3B4E3AF7-295A-07D0-46DA-4E14FA343AF7</table>
</Permission>
<Permission class="oracle.dbtools.crest.model.design.storage.oracle.v10g.PermissionsOraclev10g" name="Permissions63" id="E51203C0-9483-8EC6-9D6B-D4561BB7E4CC">
<createdBy>duncan.taylor</createdBy>
<createdTime>2018-07-31 12:33:13 UTC</createdTime>
<ownerDesignName>cdb_morphmaster</ownerDesignName>
<privileges>SELECT, REFERENCES</privileges>
<table>F6329F25-9033-2C20-DA7D-6B215A361D59</table>
</Permission>
<Permission class="oracle.dbtools.crest.model.design.storage.oracle.v10g.PermissionsOraclev10g" name="Permissions65" id="63FAB84B-029B-7BCE-64D2-CA8CEB62A036">
<createdBy>duncan.taylor</createdBy>
<createdTime>2018-07-31 12:33:13 UTC</createdTime>
<ownerDesignName>cdb_morphmaster</ownerDesignName>
<privileges>SELECT</privileges>
<table>230D76D0-EE8E-01F5-D95C-939C0CF926B2</table>
</Permission>
<Permission class="oracle.dbtools.crest.model.design.storage.oracle.v10g.PermissionsOraclev10g" name="Permissions68" id="15D807B2-5368-33F8-57BD-2E00FBF04E7D">
<createdBy>duncan.taylor</createdBy>
<createdTime>2018-07-31 12:33:13 UTC</createdTime>
<ownerDesignName>cdb_morphmaster</ownerDesignName>
<privileges>SELECT</privileges>
<table>26F59A68-F4F2-2EF6-A67B-7A3ED3FC839C</table>
</Permission>
<Permission class="oracle.dbtools.crest.model.design.storage.oracle.v10g.PermissionsOraclev10g" name="Permissions7" id="C7C9E17E-63DE-D19F-CABD-0B0C21B40788">
<createdBy>duncan.taylor</createdBy>
<createdTime>2018-07-31 12:33:13 UTC</createdTime>
<ownerDesignName>cdb_morphmaster</ownerDesignName>
<privileges>SELECT</privileges>
<view>6982B3BA-E02B-215C-CD80-4914470526D5</view>
</Permission>
<Permission class="oracle.dbtools.crest.model.design.storage.oracle.v10g.PermissionsOraclev10g" name="Permissions71" id="5BE13F68-CE9F-FF91-B1DB-EA5CC02086B6">
<createdBy>duncan.taylor</createdBy>
<createdTime>2018-07-31 12:33:13 UTC</createdTime>
<ownerDesignName>cdb_morphmaster</ownerDesignName>
<privileges>SELECT</privileges>
<table>57498EF2-0161-F24E-2FAD-AD8C36137DA6</table>
</Permission>
<Permission class="oracle.dbtools.crest.model.design.storage.oracle.v10g.PermissionsOraclev10g" name="Permissions74" id="530CAB58-5574-D19D-20F6-357248293104">
<createdBy>duncan.taylor</createdBy>
<createdTime>2018-07-31 12:33:13 UTC</createdTime>
<ownerDesignName>cdb_morphmaster</ownerDesignName>
<privileges>SELECT</privileges>
<table>D14D807D-D862-C12A-21E8-779F910D5C60</table>
</Permission>
<Permission class="oracle.dbtools.crest.model.design.storage.oracle.v10g.PermissionsOraclev10g" name="Permissions77" id="B526CBEB-6A0F-CD41-6273-38B0124B9A57">
<createdBy>duncan.taylor</createdBy>
<createdTime>2018-07-31 12:33:13 UTC</createdTime>
<ownerDesignName>cdb_morphmaster</ownerDesignName>
<privileges>SELECT</privileges>
<table>33B24BBD-2FBB-87B9-4785-AFBE0482107A</table>
</Permission>
<Permission class="oracle.dbtools.crest.model.design.storage.oracle.v10g.PermissionsOraclev10g" name="Permissions80" id="0514B125-195D-E1B0-E5B8-571D25E0581E">
<createdBy>duncan.taylor</createdBy>
<createdTime>2018-07-31 12:33:13 UTC</createdTime>
<ownerDesignName>cdb_morphmaster</ownerDesignName>
<privileges>SELECT</privileges>
<table>6E9BA383-CBF0-3DBB-E440-1E11E7C63837</table>
</Permission>
<Permission class="oracle.dbtools.crest.model.design.storage.oracle.v10g.PermissionsOraclev10g" name="Permissions83" id="12EAD22D-1A97-E039-A7CC-388C1269EC50">
<createdBy>duncan.taylor</createdBy>
<createdTime>2018-07-31 12:33:13 UTC</createdTime>
<ownerDesignName>cdb_morphmaster</ownerDesignName>
<privileges>SELECT</privileges>
<table>DFFF3846-F86F-302A-6AC2-2A430933896A</table>
</Permission>
<Permission class="oracle.dbtools.crest.model.design.storage.oracle.v10g.PermissionsOraclev10g" name="Permissions86" id="26AC5608-20E7-D066-9E0F-346E2C00B4AE">
<createdBy>duncan.taylor</createdBy>
<createdTime>2018-07-31 12:33:13 UTC</createdTime>
<ownerDesignName>cdb_morphmaster</ownerDesignName>
<privileges>SELECT</privileges>
<table>75A99719-2128-7FF5-12C9-BE1A2E993C7C</table>
</Permission>
<Permission class="oracle.dbtools.crest.model.design.storage.oracle.v10g.PermissionsOraclev10g" name="Permissions89" id="36AE862C-68FF-93C5-3F33-582843DAD8E5">
<createdBy>duncan.taylor</createdBy>
<createdTime>2018-07-31 12:33:13 UTC</createdTime>
<ownerDesignName>cdb_morphmaster</ownerDesignName>
<privileges>SELECT</privileges>
<table>2946D50B-70FA-1723-46DA-E5AF75037674</table>
</Permission>
<Permission class="oracle.dbtools.crest.model.design.storage.oracle.v10g.PermissionsOraclev10g" name="Permissions92" id="90C2FEC9-BC1D-7D11-6272-D31AB423EB1C">
<createdBy>duncan.taylor</createdBy>
<createdTime>2018-07-31 12:33:13 UTC</createdTime>
<ownerDesignName>cdb_morphmaster</ownerDesignName>
<privileges>SELECT</privileges>
<table>A01F1EF3-5B10-ECD1-33CF-87B87F868596</table>
</Permission>
<Permission class="oracle.dbtools.crest.model.design.storage.oracle.v10g.PermissionsOraclev10g" name="Permissions95" id="8781DDF8-9973-1C59-29C5-99074CCDAB88">
<createdBy>duncan.taylor</createdBy>
<createdTime>2018-07-31 12:33:13 UTC</createdTime>
<ownerDesignName>cdb_morphmaster</ownerDesignName>
<privileges>SELECT</privileges>
<table>96774B7B-9789-72E5-A308-55FB71F12DFE</table>
</Permission>
<Permission class="oracle.dbtools.crest.model.design.storage.oracle.v10g.PermissionsOraclev10g" name="Permissions98" id="9DC1BA2D-EC05-81F3-4239-EB66A76A1E58">
<createdBy>duncan.taylor</createdBy>
<createdTime>2018-07-31 12:33:13 UTC</createdTime>
<ownerDesignName>cdb_morphmaster</ownerDesignName>
<privileges>SELECT</privileges>
<table>C3ECBF8C-C7EC-1083-3080-C40377AA1E20</table>
</Permission>
</permissions>
</UserOraclev10g>