<?xml version = '1.0' encoding = 'UTF-8'?>
<TableProxyOraclev11g class="oracle.dbtools.crest.model.design.storage.oracle.v11g.TableProxyOraclev11g" name="GE31_SUBTYPOLOGY_CATEGORIES" directorySegmentName="seg_9" id="3B4E3AF7-295A-07D0-46DA-4E14FA343AF7">
<createdBy>Duncan.Taylor</createdBy>
<createdTime>2018-07-31 12:33:11 UTC</createdTime>
<ownerDesignName>cdb_morphmaster</ownerDesignName>
<schemaObject>FDB3BDB5-53F3-F784-262D-34CA63021D54</schemaObject>
<logging>YES</logging>
<partitionedRowMovement>DISABLE</partitionedRowMovement>
<segment>CFC18D1C-3F84-65C4-C4A4-A2E8039A1E4B</segment>
<tableSpace>16637BBA-FEAF-33E6-AF78-AECE63459021</tableSpace>
<temporaryChanged>false</temporaryChanged>
<accessDriverType>oracle_loader</accessDriverType>
<rejectLimit></rejectLimit>
<columnProxies itemClass="oracle.dbtools.crest.model.design.storage.oracle.v12c.ColumnProxyOraclev12c">
<ColumnProxy name="CATEGORY" id="409C1669-D4CA-733A-FAC7-A5443C99203F">
<createdBy>duncan.taylor</createdBy>
<createdTime>2018-07-31 12:33:11 UTC</createdTime>
<ownerDesignName>cdb_morphmaster</ownerDesignName>
</ColumnProxy>
<ColumnProxy name="SHORT_DESCRIPTION" id="873F0DC9-0648-0128-4941-33CA64F0BC9C">
<createdBy>duncan.taylor</createdBy>
<createdTime>2018-07-31 12:33:11 UTC</createdTime>
<ownerDesignName>cdb_morphmaster</ownerDesignName>
</ColumnProxy>
<ColumnProxy name="ABSOLUTE" id="AAC5D504-78AE-DD16-A0C3-14B53B96D8FE">
<createdBy>duncan.taylor</createdBy>
<createdTime>2018-07-31 12:33:11 UTC</createdTime>
<ownerDesignName>cdb_morphmaster</ownerDesignName>
</ColumnProxy>
<ColumnProxy name="ST_CODE" id="DB9572F1-F220-A330-348B-FD69E7B990F1">
<createdBy>duncan.taylor</createdBy>
<createdTime>2018-07-31 12:33:11 UTC</createdTime>
<ownerDesignName>cdb_morphmaster</ownerDesignName>
</ColumnProxy>
<ColumnProxy name="UPPER_BOUND" id="EDF8E087-4894-6B2C-8F83-61C0F0304A56">
<createdBy>duncan.taylor</createdBy>
<createdTime>2018-07-31 12:33:11 UTC</createdTime>
<ownerDesignName>cdb_morphmaster</ownerDesignName>
</ColumnProxy>
<ColumnProxy name="LOWER_BOUND" id="EEBE4227-3C89-EC40-920E-5325136807B4">
<createdBy>duncan.taylor</createdBy>
<createdTime>2018-07-31 12:33:11 UTC</createdTime>
<ownerDesignName>cdb_morphmaster</ownerDesignName>
</ColumnProxy>
<ColumnProxy name="LONG_DESCRIPTION" id="FA7461D9-8E75-A493-6BE2-B6697EDF62A4">
<createdBy>duncan.taylor</createdBy>
<createdTime>2018-07-31 12:33:11 UTC</createdTime>
<ownerDesignName>cdb_morphmaster</ownerDesignName>
</ColumnProxy>
</columnProxies>
<indexProxies>
<IndexProxy class="oracle.dbtools.crest.model.design.storage.oracle.v10g.IndexProxyOraclev10g" name="GE31_GE29_FK" id="AF7A87E0-67EF-C2E1-BEE6-568729965DF5">
<createdBy>Duncan.Taylor</createdBy>
<createdTime>2018-07-25 11:57:41 UTC</createdTime>
<ownerDesignName>cdb_morphmaster</ownerDesignName>
</IndexProxy>
<IndexProxy class="oracle.dbtools.crest.model.design.storage.oracle.v10g.IndexProxyOraclev10g" name="GE31_PK" id="D71E7891-52B8-84E4-D7B9-1A0E1A46A646">
<createdBy>duncan.taylor</createdBy>
<createdTime>2018-07-31 12:33:12 UTC</createdTime>
<ownerDesignName>cdb_morphmaster</ownerDesignName>
<schemaObject>FDB3BDB5-53F3-F784-262D-34CA63021D54</schemaObject>
<segment>F7D7198C-0E60-12B8-30BF-49BFA140BAB0</segment>
<tableSpace>5E31421E-4A0D-1FD4-F677-9F0DE240B5A7</tableSpace>
</IndexProxy>
</indexProxies>
<synonyms>
<Synonym class="oracle.dbtools.crest.model.design.storage.oracle.v10g.SynonymOraclev10g" name="GE31" directorySegmentName="seg_36" id="E983F08F-94E3-6953-A012-AEEF7A01E269">
<sourceConnName>Browser@C01L</sourceConnName>
<sourceObjSchema>PUBLIC</sourceObjSchema>
<sourceObjName>GE31</sourceObjName>
<createdBy>Duncan.Taylor</createdBy>
<createdTime>2018-07-25 11:57:49 UTC</createdTime>
<ownerDesignName>cdb_c01l</ownerDesignName>
<object>GE31_SUBTYPOLOGY_CATEGORIES</object>
<public>YES</public>
<user>PUBLIC</user>
<referredObjectID>3B4E3AF7-295A-07D0-46DA-4E14FA343AF7</referredObjectID>
</Synonym>
<Synonym class="oracle.dbtools.crest.model.design.storage.oracle.v10g.SynonymOraclev10g" name="GE31_SUBTYPOLOGY_CATEGORIES" directorySegmentName="seg_36" id="404AD02E-BD54-D3C5-C997-5010CBBEA581">
<sourceConnName>Browser@C01L</sourceConnName>
<sourceObjSchema>PUBLIC</sourceObjSchema>
<sourceObjName>GE31_SUBTYPOLOGY_CATEGORIES</sourceObjName>
<createdBy>Duncan.Taylor</createdBy>
<createdTime>2018-07-25 11:57:49 UTC</createdTime>
<ownerDesignName>cdb_c01l</ownerDesignName>
<object>GE31_SUBTYPOLOGY_CATEGORIES</object>
<public>YES</public>
<user>PUBLIC</user>
<referredObjectID>3B4E3AF7-295A-07D0-46DA-4E14FA343AF7</referredObjectID>
</Synonym>
</synonyms>
<foreignKeys>
<ForeignKey class="oracle.dbtools.crest.model.design.storage.oracle.v10g.FKProxyOraclev10g" name="GE31_GE29_FK" id="C0FAA608-DE47-A487-3E3D-F337CD6BC0BC">
<createdBy>duncan.taylor</createdBy>
<createdTime>2018-07-31 12:33:13 UTC</createdTime>
<ownerDesignName>cdb_morphmaster</ownerDesignName>
</ForeignKey>
</foreignKeys>
<primaryKeys>
<PrimaryKey class="oracle.dbtools.crest.model.design.storage.oracle.v10g.PKProxyOraclev10g" name="GE31_PK" id="621E965C-8C0C-8D2E-70DE-BCB11E84A192">
<createdBy>duncan.taylor</createdBy>
<createdTime>2018-07-31 12:33:12 UTC</createdTime>
<ownerDesignName>cdb_morphmaster</ownerDesignName>
<segment>F7D7198C-0E60-12B8-30BF-49BFA140BAB0</segment>
<tableSpace>5E31421E-4A0D-1FD4-F677-9F0DE240B5A7</tableSpace>
<existingIndex>D71E7891-52B8-84E4-D7B9-1A0E1A46A646</existingIndex>
<indexSegment>F7D7198C-0E60-12B8-30BF-49BFA140BAB0</indexSegment>
<indexSort>SORTED</indexSort>
<usingIndex>BY INDEX NAME</usingIndex>
</PrimaryKey>
</primaryKeys>
</TableProxyOraclev11g>