<?xml version = '1.0' encoding = 'UTF-8'?>
<TableProxyOraclev11g class="oracle.dbtools.crest.model.design.storage.oracle.v11g.TableProxyOraclev11g" name="MO31_ATTRIBUTE_CATEGORIES" directorySegmentName="seg_39" id="FBC01113-E0D1-B5CF-B00E-FF01419565A7">
<createdBy>Duncan.Taylor</createdBy>
<createdTime>2018-07-31 12:33:11 UTC</createdTime>
<ownerDesignName>cdb_morphmaster</ownerDesignName>
<schemaObject>B9747E78-31C9-E033-1072-BFCA55C723C9</schemaObject>
<logging>YES</logging>
<partitionedRowMovement>DISABLE</partitionedRowMovement>
<segment>59302EFA-DED9-7DC1-42E4-98A691AEBEEE</segment>
<tableSpace>86F03238-F1C6-328D-B2DD-001403B5C274</tableSpace>
<temporaryChanged>false</temporaryChanged>
<accessDriverType>oracle_loader</accessDriverType>
<rejectLimit></rejectLimit>
<columnProxies itemClass="oracle.dbtools.crest.model.design.storage.oracle.v12c.ColumnProxyOraclev12c">
<ColumnProxy name="ATTRIBUTE_NAME" id="64194E37-8C64-1E33-A71D-A332548C475E">
<createdBy>duncan.taylor</createdBy>
<createdTime>2018-07-31 12:33:12 UTC</createdTime>
<ownerDesignName>cdb_morphmaster</ownerDesignName>
</ColumnProxy>
<ColumnProxy name="ATTRIBUTE_ID" id="6CA76CB5-AB97-5462-4C2D-E65E00A7B401">
<createdBy>duncan.taylor</createdBy>
<createdTime>2018-07-31 12:33:12 UTC</createdTime>
<ownerDesignName>cdb_morphmaster</ownerDesignName>
</ColumnProxy>
<ColumnProxy name="MANDATORY" id="9854A310-7EC1-667E-6F22-771715C8A41B">
<createdBy>duncan.taylor</createdBy>
<createdTime>2018-07-31 12:33:12 UTC</createdTime>
<ownerDesignName>cdb_morphmaster</ownerDesignName>
<defaultValue>&apos;N&apos;</defaultValue>
</ColumnProxy>
<ColumnProxy name="DESCRIPTION" id="C30CDADC-523B-7D8A-573B-8CBCC2A1E502">
<createdBy>duncan.taylor</createdBy>
<createdTime>2018-07-31 12:33:12 UTC</createdTime>
<ownerDesignName>cdb_morphmaster</ownerDesignName>
</ColumnProxy>
<ColumnProxy name="DISPLAY" id="D65902C6-97A8-7782-FC5A-5F6CEDA64D56">
<createdBy>duncan.taylor</createdBy>
<createdTime>2018-07-31 12:33:12 UTC</createdTime>
<ownerDesignName>cdb_morphmaster</ownerDesignName>
<defaultValue>&apos;S&apos;</defaultValue>
</ColumnProxy>
</columnProxies>
<indexProxies>
<IndexProxy class="oracle.dbtools.crest.model.design.storage.oracle.v10g.IndexProxyOraclev10g" name="MO31_PK" id="E2801D62-4FA4-2997-4D9C-75D857B2FB9A">
<createdBy>duncan.taylor</createdBy>
<createdTime>2018-07-31 12:33:12 UTC</createdTime>
<ownerDesignName>cdb_morphmaster</ownerDesignName>
<schemaObject>B9747E78-31C9-E033-1072-BFCA55C723C9</schemaObject>
<segment>CCB81AF3-8F34-9E39-4DA3-6F9C76F2EB3D</segment>
<tableSpace>45DD7492-3B4B-F8A9-AB51-4519BCC608CC</tableSpace>
</IndexProxy>
</indexProxies>
<synonyms>
<Synonym class="oracle.dbtools.crest.model.design.storage.oracle.v10g.SynonymOraclev10g" name="MO31" directorySegmentName="seg_51" id="955ADD04-89E3-0980-831B-6AF97475D93D">
<sourceConnName>Browser@C01L</sourceConnName>
<sourceObjSchema>PUBLIC</sourceObjSchema>
<sourceObjName>MO31</sourceObjName>
<createdBy>Duncan.Taylor</createdBy>
<createdTime>2018-07-25 11:57:50 UTC</createdTime>
<ownerDesignName>cdb_c01l</ownerDesignName>
<object>MO31_ATTRIBUTE_CATEGORIES</object>
<public>YES</public>
<user>PUBLIC</user>
<referredObjectID>FBC01113-E0D1-B5CF-B00E-FF01419565A7</referredObjectID>
</Synonym>
<Synonym class="oracle.dbtools.crest.model.design.storage.oracle.v10g.SynonymOraclev10g" name="MO31_ATTRIBUTE_CATEGORIES" directorySegmentName="seg_51" id="2C85A239-8D79-830E-6C2D-31D0D5214175">
<sourceConnName>Browser@C01L</sourceConnName>
<sourceObjSchema>PUBLIC</sourceObjSchema>
<sourceObjName>MO31_ATTRIBUTE_CATEGORIES</sourceObjName>
<createdBy>Duncan.Taylor</createdBy>
<createdTime>2018-07-25 11:57:50 UTC</createdTime>
<ownerDesignName>cdb_c01l</ownerDesignName>
<object>MO31_ATTRIBUTE_CATEGORIES</object>
<public>YES</public>
<user>PUBLIC</user>
<referredObjectID>FBC01113-E0D1-B5CF-B00E-FF01419565A7</referredObjectID>
</Synonym>
</synonyms>
<primaryKeys>
<PrimaryKey class="oracle.dbtools.crest.model.design.storage.oracle.v10g.PKProxyOraclev10g" name="MO31_PK" id="718B7B39-260C-B59A-AEA3-E80B9EAD04C7">
<createdBy>duncan.taylor</createdBy>
<createdTime>2018-07-31 12:33:12 UTC</createdTime>
<ownerDesignName>cdb_morphmaster</ownerDesignName>
<segment>CCB81AF3-8F34-9E39-4DA3-6F9C76F2EB3D</segment>
<tableSpace>45DD7492-3B4B-F8A9-AB51-4519BCC608CC</tableSpace>
<existingIndex>E2801D62-4FA4-2997-4D9C-75D857B2FB9A</existingIndex>
<indexSegment>CCB81AF3-8F34-9E39-4DA3-6F9C76F2EB3D</indexSegment>
<indexSort>SORTED</indexSort>
<usingIndex>BY INDEX NAME</usingIndex>
</PrimaryKey>
</primaryKeys>
</TableProxyOraclev11g>