<?xml version = '1.0' encoding = 'UTF-8'?>
<SynonymOraclev10g class="oracle.dbtools.crest.model.design.storage.oracle.v10g.SynonymOraclev10g" name="AUTHORISED_ACTIVITIES" directorySegmentName="seg_3" id="1E89E1C2-5E3A-1E9A-8D44-F101DEFAEAF6">
<sourceConnName>Browser@C01L</sourceConnName>
<sourceObjSchema>PUBLIC</sourceObjSchema>
<sourceObjName>AUTHORISED_ACTIVITIES</sourceObjName>
<createdBy>Duncan.Taylor</createdBy>
<createdTime>2018-07-25 11:57:48 UTC</createdTime>
<ownerDesignName>cdb_morphmaster</ownerDesignName>
<object>AUTHORISED_ACTIVITIES</object>
<public>YES</public>
<user>PUBLIC</user>
<referredObjectID>5BD92544-468E-6D64-0B1B-4D284AE3712A</referredObjectID>
</SynonymOraclev10g>