<?xml version = '1.0' encoding = 'UTF-8'?>
<SynonymOraclev10g class="oracle.dbtools.crest.model.design.storage.oracle.v10g.SynonymOraclev10g" name="AUA" directorySegmentName="seg_3" id="D6252189-839D-282E-5671-2153B32AA14E">
<sourceConnName>Browser@C01L</sourceConnName>
<sourceObjSchema>PUBLIC</sourceObjSchema>
<sourceObjName>AUA</sourceObjName>
<createdBy>Duncan.Taylor</createdBy>
<createdTime>2018-07-25 11:57:48 UTC</createdTime>
<ownerDesignName>cdb_morphmaster</ownerDesignName>
<object>AUTHORISED_ACTIVITIES</object>
<public>YES</public>
<user>PUBLIC</user>
<referredObjectID>5BD92544-468E-6D64-0B1B-4D284AE3712A</referredObjectID>
</SynonymOraclev10g>