<?xml version = '1.0' encoding = 'UTF-8'?>
<SynonymOraclev10g class="oracle.dbtools.crest.model.design.storage.oracle.v10g.SynonymOraclev10g" name="WF11_PROTECTED_AREAS" directorySegmentName="seg_110" id="124EA090-7D85-AB0D-C06C-C02519040DA6">
<sourceConnName>Browser@C01L</sourceConnName>
<sourceObjSchema>PUBLIC</sourceObjSchema>
<sourceObjName>WF11_PROTECTED_AREAS</sourceObjName>
<createdBy>Duncan.Taylor</createdBy>
<createdTime>2018-07-25 11:57:56 UTC</createdTime>
<ownerDesignName>cdb_morphmaster</ownerDesignName>
<object>WF11_PROTECTED_AREAS</object>
<public>YES</public>
<user>PUBLIC</user>
<referredObjectID>94BEB5A6-9738-FC97-0688-FFB2D19DF8A4</referredObjectID>
</SynonymOraclev10g>