<?xml version = '1.0' encoding = 'UTF-8'?>
<SynonymOraclev10g class="oracle.dbtools.crest.model.design.storage.oracle.v10g.SynonymOraclev10g" name="WF10_WATER_BODIES" directorySegmentName="seg_110" id="592333B2-8936-4B80-1AC9-0447DD317D15">
<sourceConnName>Browser@C01L</sourceConnName>
<sourceObjSchema>PUBLIC</sourceObjSchema>
<sourceObjName>WF10_WATER_BODIES</sourceObjName>
<createdBy>Duncan.Taylor</createdBy>
<createdTime>2018-07-25 11:57:56 UTC</createdTime>
<ownerDesignName>cdb_morphmaster</ownerDesignName>
<object>WF10_WATER_BODIES</object>
<public>YES</public>
<user>PUBLIC</user>
<referredObjectID>B4B54A21-B155-C36F-ECEE-FBDB38919B11</referredObjectID>
</SynonymOraclev10g>