<?xml version = '1.0' encoding = 'UTF-8'?>
<relationalModel class="oracle.dbtools.crest.model.design.relational.RelationalDesign" name="cdb" id="9C6926CF-73B5-57D1-F5D6-C932F1D0B04F" mainViewID="786A7317-449E-F89A-A95C-160E29EA9882">
<createdBy>Duncan.Taylor</createdBy>
<createdTime>2018-07-25 11:46:09 UTC</createdTime>
<ownerDesignName>cdb_c01l</ownerDesignName>
<shouldBeOpen>true</shouldBeOpen>
<selectedRDBMSSite>32076570-2523-435C-2E92-BF29817DFF70</selectedRDBMSSite>
<importConnectionStamps>
<importConnectionStamp class="oracle.dbtools.crest.imports.DBConnectionStamp">
<connName>Browser@C01L</connName>
<connUser>browser</connUser>
<connType>1</connType>
<syncSelected>1</syncSelected>
</importConnectionStamp>
</importConnectionStamps>
</relationalModel>