<?xml version = '1.0' encoding = 'UTF-8'?>
<TableProxyOraclev11g class="oracle.dbtools.crest.model.design.storage.oracle.v11g.TableProxyOraclev11g" name="WF10_WATER_BODIES" directorySegmentName="seg_28" id="B4B54A21-B155-C36F-ECEE-FBDB38919B11">
<createdBy>Duncan.Taylor</createdBy>
<createdTime>2018-07-31 12:33:11 UTC</createdTime>
<ownerDesignName>cdb_morphmaster</ownerDesignName>
<schemaObject>06841B23-6140-E146-0E94-9D7A2B48ED83</schemaObject>
<logging>YES</logging>
<partitionedRowMovement>DISABLE</partitionedRowMovement>
<segment>59302EFA-DED9-7DC1-42E4-98A691AEBEEE</segment>
<tableSpace>D68F365E-74DB-92D8-B040-27B08D3C9EEB</tableSpace>
<temporaryChanged>false</temporaryChanged>
<accessDriverType>oracle_loader</accessDriverType>
<rejectLimit></rejectLimit>
<columnProxies itemClass="oracle.dbtools.crest.model.design.storage.oracle.v12c.ColumnProxyOraclev12c">
<ColumnProxy name="EASTING" id="03BA3B12-B133-5FAA-A950-5AA5004857B7">
<createdBy>duncan.taylor</createdBy>
<createdTime>2018-07-31 12:33:12 UTC</createdTime>
<ownerDesignName>cdb_morphmaster</ownerDesignName>
</ColumnProxy>
<ColumnProxy name="CATEGORY" id="165B1C03-51B9-73CB-C713-BB3567EC2BB0">
<createdBy>duncan.taylor</createdBy>
<createdTime>2018-07-31 12:33:12 UTC</createdTime>
<ownerDesignName>cdb_morphmaster</ownerDesignName>
</ColumnProxy>
<ColumnProxy name="REPORTING_LATITUDE" id="1D0D9EC2-F825-22B2-FC1B-7AE960F81663">
<createdBy>duncan.taylor</createdBy>
<createdTime>2018-07-31 12:33:12 UTC</createdTime>
<ownerDesignName>cdb_morphmaster</ownerDesignName>
</ColumnProxy>
<ColumnProxy name="NORTHING" id="1F250E92-BCB4-95DC-B137-7A21F8387609">
<createdBy>duncan.taylor</createdBy>
<createdTime>2018-07-31 12:33:12 UTC</createdTime>
<ownerDesignName>cdb_morphmaster</ownerDesignName>
</ColumnProxy>
<ColumnProxy name="REPORTING_LEVEL" id="24103F25-4818-C552-7BE1-DA25015200C5">
<createdBy>duncan.taylor</createdBy>
<createdTime>2018-07-31 12:33:12 UTC</createdTime>
<ownerDesignName>cdb_morphmaster</ownerDesignName>
</ColumnProxy>
<ColumnProxy name="GENRE_ID" id="34E4A575-3682-BC70-EA18-27305C023697">
<createdBy>duncan.taylor</createdBy>
<createdTime>2018-07-31 12:33:12 UTC</createdTime>
<ownerDesignName>cdb_morphmaster</ownerDesignName>
</ColumnProxy>
<ColumnProxy name="EXPIRY_DATE" id="38B2CD91-99CC-E768-79CD-5E06A8D7A7B3">
<createdBy>duncan.taylor</createdBy>
<createdTime>2018-07-31 12:33:12 UTC</createdTime>
<ownerDesignName>cdb_morphmaster</ownerDesignName>
</ColumnProxy>
<ColumnProxy name="BASELINE" id="48FCAABE-B445-367A-6ACB-FF3DBD043B75">
<createdBy>duncan.taylor</createdBy>
<createdTime>2018-07-31 12:33:12 UTC</createdTime>
<ownerDesignName>cdb_morphmaster</ownerDesignName>
</ColumnProxy>
<ColumnProxy name="REPORTING_LONGITUDE" id="63A46A3A-B6F7-CA29-7DEC-5DA038258E9B">
<createdBy>duncan.taylor</createdBy>
<createdTime>2018-07-31 12:33:12 UTC</createdTime>
<ownerDesignName>cdb_morphmaster</ownerDesignName>
</ColumnProxy>
<ColumnProxy name="CHANGE_REASON" id="7B2E2622-C465-BD0E-EFE2-FFCCBD7FB250">
<createdBy>duncan.taylor</createdBy>
<createdTime>2018-07-31 12:33:12 UTC</createdTime>
<ownerDesignName>cdb_morphmaster</ownerDesignName>
</ColumnProxy>
<ColumnProxy name="ECO_REGION" id="B61F46B5-1E06-1EBE-9871-C382C316B045">
<createdBy>duncan.taylor</createdBy>
<createdTime>2018-07-31 12:33:12 UTC</createdTime>
<ownerDesignName>cdb_morphmaster</ownerDesignName>
</ColumnProxy>
<ColumnProxy name="SBD_CODE" id="BD50267E-CC33-8004-9547-CB0D7EFC668A">
<createdBy>duncan.taylor</createdBy>
<createdTime>2018-07-31 12:33:12 UTC</createdTime>
<ownerDesignName>cdb_morphmaster</ownerDesignName>
</ColumnProxy>
<ColumnProxy name="NAME" id="C2CFF758-CAF6-5131-0354-BF16C94603AA">
<createdBy>duncan.taylor</createdBy>
<createdTime>2018-07-31 12:33:12 UTC</createdTime>
<ownerDesignName>cdb_morphmaster</ownerDesignName>
</ColumnProxy>
<ColumnProxy name="WB_ID" id="F5280911-80DD-85BD-7FDB-09FCE95CCE3A">
<createdBy>duncan.taylor</createdBy>
<createdTime>2018-07-31 12:33:12 UTC</createdTime>
<ownerDesignName>cdb_morphmaster</ownerDesignName>
</ColumnProxy>
<ColumnProxy name="COMMENTS" id="F7543104-79A6-9759-DDA2-573AC0A95F84">
<createdBy>duncan.taylor</createdBy>
<createdTime>2018-07-31 12:33:12 UTC</createdTime>
<ownerDesignName>cdb_morphmaster</ownerDesignName>
</ColumnProxy>
</columnProxies>
<indexProxies>
<IndexProxy class="oracle.dbtools.crest.model.design.storage.oracle.v10g.IndexProxyOraclev10g" name="WF10_WF50_FK_I" id="13B79862-CADC-13F0-36C0-A2DD82500E52">
<createdBy>duncan.taylor</createdBy>
<createdTime>2018-07-31 12:33:12 UTC</createdTime>
<ownerDesignName>cdb_morphmaster</ownerDesignName>
<schemaObject>06841B23-6140-E146-0E94-9D7A2B48ED83</schemaObject>
<segment>CCB81AF3-8F34-9E39-4DA3-6F9C76F2EB3D</segment>
<tableSpace>BC6F0A33-687E-6432-7BA4-951530D11650</tableSpace>
</IndexProxy>
<IndexProxy class="oracle.dbtools.crest.model.design.storage.oracle.v10g.IndexProxyOraclev10g" name="WF10_WF50_FK" id="360C9A4E-1BA1-BA0F-D7AD-254518C1918F">
<createdBy>Duncan.Taylor</createdBy>
<createdTime>2018-07-25 11:57:42 UTC</createdTime>
<ownerDesignName>cdb_morphmaster</ownerDesignName>
</IndexProxy>
<IndexProxy class="oracle.dbtools.crest.model.design.storage.oracle.v10g.IndexProxyOraclev10g" name="WF10_WF02_FK" id="3A5E1FD5-51BF-E77A-A505-CB92DF8D5E7E">
<createdBy>Duncan.Taylor</createdBy>
<createdTime>2018-07-25 11:57:42 UTC</createdTime>
<ownerDesignName>cdb_morphmaster</ownerDesignName>
</IndexProxy>
<IndexProxy class="oracle.dbtools.crest.model.design.storage.oracle.v10g.IndexProxyOraclev10g" name="WF10_WF40_FK_I" id="4B74E383-65CD-D4B1-3DB8-12E36DAFB810">
<createdBy>duncan.taylor</createdBy>
<createdTime>2018-07-31 12:33:12 UTC</createdTime>
<ownerDesignName>cdb_morphmaster</ownerDesignName>
<schemaObject>06841B23-6140-E146-0E94-9D7A2B48ED83</schemaObject>
<segment>CCB81AF3-8F34-9E39-4DA3-6F9C76F2EB3D</segment>
<tableSpace>BC6F0A33-687E-6432-7BA4-951530D11650</tableSpace>
</IndexProxy>
<IndexProxy class="oracle.dbtools.crest.model.design.storage.oracle.v10g.IndexProxyOraclev10g" name="WF10_WF02_FK_I" id="81E5708A-E988-C4F1-785F-042BCDE8EF2C">
<createdBy>duncan.taylor</createdBy>
<createdTime>2018-07-31 12:33:12 UTC</createdTime>
<ownerDesignName>cdb_morphmaster</ownerDesignName>
<schemaObject>06841B23-6140-E146-0E94-9D7A2B48ED83</schemaObject>
<segment>CCB81AF3-8F34-9E39-4DA3-6F9C76F2EB3D</segment>
<tableSpace>BC6F0A33-687E-6432-7BA4-951530D11650</tableSpace>
</IndexProxy>
<IndexProxy class="oracle.dbtools.crest.model.design.storage.oracle.v10g.IndexProxyOraclev10g" name="WF10_WF40_FK" id="A8040D28-4703-8C4A-6A27-74B1028FAD78">
<createdBy>Duncan.Taylor</createdBy>
<createdTime>2018-07-25 11:57:42 UTC</createdTime>
<ownerDesignName>cdb_morphmaster</ownerDesignName>
</IndexProxy>
<IndexProxy class="oracle.dbtools.crest.model.design.storage.oracle.v10g.IndexProxyOraclev10g" name="WF10_CAT_I" id="DFCD728C-F67A-6C5A-CDFF-CDCF5C6DE7F1">
<createdBy>duncan.taylor</createdBy>
<createdTime>2018-07-31 12:33:12 UTC</createdTime>
<ownerDesignName>cdb_morphmaster</ownerDesignName>
<schemaObject>06841B23-6140-E146-0E94-9D7A2B48ED83</schemaObject>
<segment>CCB81AF3-8F34-9E39-4DA3-6F9C76F2EB3D</segment>
<tableSpace>BC6F0A33-687E-6432-7BA4-951530D11650</tableSpace>
</IndexProxy>
<IndexProxy class="oracle.dbtools.crest.model.design.storage.oracle.v10g.IndexProxyOraclev10g" name="WF10_PK" id="FDBEAE32-AC6F-16C4-C77C-94BB99227762">
<createdBy>duncan.taylor</createdBy>
<createdTime>2018-07-31 12:33:12 UTC</createdTime>
<ownerDesignName>cdb_morphmaster</ownerDesignName>
<schemaObject>06841B23-6140-E146-0E94-9D7A2B48ED83</schemaObject>
<segment>CCB81AF3-8F34-9E39-4DA3-6F9C76F2EB3D</segment>
<tableSpace>BC6F0A33-687E-6432-7BA4-951530D11650</tableSpace>
</IndexProxy>
</indexProxies>
<synonyms>
<Synonym class="oracle.dbtools.crest.model.design.storage.oracle.v10g.SynonymOraclev10g" name="WF10" directorySegmentName="seg_110" id="EFB31167-30CD-5FE8-8DE9-7A3D7A4CDF18">
<sourceConnName>Browser@C01L</sourceConnName>
<sourceObjSchema>PUBLIC</sourceObjSchema>
<sourceObjName>WF10</sourceObjName>
<createdBy>Duncan.Taylor</createdBy>
<createdTime>2018-07-25 11:57:56 UTC</createdTime>
<ownerDesignName>cdb_c01l</ownerDesignName>
<object>WF10_WATER_BODIES</object>
<public>YES</public>
<user>PUBLIC</user>
<referredObjectID>B4B54A21-B155-C36F-ECEE-FBDB38919B11</referredObjectID>
</Synonym>
<Synonym class="oracle.dbtools.crest.model.design.storage.oracle.v10g.SynonymOraclev10g" name="WF10_WATER_BODIES" directorySegmentName="seg_110" id="592333B2-8936-4B80-1AC9-0447DD317D15">
<sourceConnName>Browser@C01L</sourceConnName>
<sourceObjSchema>PUBLIC</sourceObjSchema>
<sourceObjName>WF10_WATER_BODIES</sourceObjName>
<createdBy>Duncan.Taylor</createdBy>
<createdTime>2018-07-25 11:57:56 UTC</createdTime>
<ownerDesignName>cdb_c01l</ownerDesignName>
<object>WF10_WATER_BODIES</object>
<public>YES</public>
<user>PUBLIC</user>
<referredObjectID>B4B54A21-B155-C36F-ECEE-FBDB38919B11</referredObjectID>
</Synonym>
</synonyms>
<foreignKeys>
<ForeignKey class="oracle.dbtools.crest.model.design.storage.oracle.v10g.FKProxyOraclev10g" name="WF10_WF02_FK" id="0CD0DEED-F775-EDB3-2291-09917F129237">
<createdBy>duncan.taylor</createdBy>
<createdTime>2018-07-31 12:33:13 UTC</createdTime>
<ownerDesignName>cdb_morphmaster</ownerDesignName>
</ForeignKey>
<ForeignKey class="oracle.dbtools.crest.model.design.storage.oracle.v10g.FKProxyOraclev10g" name="WF10_WF40_FK" id="641474EA-E110-2E33-4CA6-E369AF2B833B">
<createdBy>duncan.taylor</createdBy>
<createdTime>2018-07-31 12:33:13 UTC</createdTime>
<ownerDesignName>cdb_morphmaster</ownerDesignName>
</ForeignKey>
<ForeignKey class="oracle.dbtools.crest.model.design.storage.oracle.v10g.FKProxyOraclev10g" name="WF10_WF50_FK" id="8B897DA3-BC0E-36BF-C6FD-5BAF8BA21821">
<createdBy>duncan.taylor</createdBy>
<createdTime>2018-07-31 12:33:13 UTC</createdTime>
<ownerDesignName>cdb_morphmaster</ownerDesignName>
</ForeignKey>
</foreignKeys>
<primaryKeys>
<PrimaryKey class="oracle.dbtools.crest.model.design.storage.oracle.v10g.PKProxyOraclev10g" name="WF10_PK" id="8EB1C36E-D40E-077A-5C00-4F85CCEC2B51">
<createdBy>duncan.taylor</createdBy>
<createdTime>2018-07-31 12:33:13 UTC</createdTime>
<ownerDesignName>cdb_morphmaster</ownerDesignName>
<segment>CCB81AF3-8F34-9E39-4DA3-6F9C76F2EB3D</segment>
<tableSpace>BC6F0A33-687E-6432-7BA4-951530D11650</tableSpace>
<existingIndex>FDBEAE32-AC6F-16C4-C77C-94BB99227762</existingIndex>
<indexSegment>CCB81AF3-8F34-9E39-4DA3-6F9C76F2EB3D</indexSegment>
<indexSort>SORTED</indexSort>
<usingIndex>BY INDEX NAME</usingIndex>
</PrimaryKey>
</primaryKeys>
</TableProxyOraclev11g>