<?xml version = '1.0' encoding = 'UTF-8'?>
<SynonymOraclev10g class="oracle.dbtools.crest.model.design.storage.oracle.v10g.SynonymOraclev10g" name="V_MPD_COMMON" directorySegmentName="seg_103" id="4EE4C201-7800-24BD-1B70-B6BAC0A3B7E6">
<sourceConnName>Browser@C01L</sourceConnName>
<sourceObjSchema>PUBLIC</sourceObjSchema>
<sourceObjName>V_MPD_COMMON</sourceObjName>
<createdBy>Duncan.Taylor</createdBy>
<createdTime>2018-07-25 11:57:50 UTC</createdTime>
<ownerDesignName>cdb_morphmaster</ownerDesignName>
<object>V_MPD_COMMON</object>
<public>YES</public>
<user>PUBLIC</user>
<referredObjectID>4171095A-0825-C970-D37F-AD2EF337A9C3</referredObjectID>
</SynonymOraclev10g>