<?xml version = '1.0' encoding = 'UTF-8'?>
<SynonymOraclev10g class="oracle.dbtools.crest.model.design.storage.oracle.v10g.SynonymOraclev10g" name="V_WB_PRESSURE_IMPACT" directorySegmentName="seg_104" id="D456332D-FD18-EB3E-0903-DD95709FD17B">
<sourceConnName>Browser@C01L</sourceConnName>
<sourceObjSchema>PUBLIC</sourceObjSchema>
<sourceObjName>V_WB_PRESSURE_IMPACT</sourceObjName>
<createdBy>Duncan.Taylor</createdBy>
<createdTime>2018-07-25 11:57:50 UTC</createdTime>
<ownerDesignName>cdb_morphmaster</ownerDesignName>
<object>V_WB_PRESSURE_IMPACT</object>
<public>YES</public>
<user>PUBLIC</user>
<referredObjectID>F80F19A6-FC2A-C2AE-47C4-CB9C0ED2946E</referredObjectID>
</SynonymOraclev10g>