<?xml version = '1.0' encoding = 'UTF-8'?>
<TableProxyOraclev11g class="oracle.dbtools.crest.model.design.storage.oracle.v11g.TableProxyOraclev11g" name="MO08_ECOLOGICAL_WEIGHTINGS" directorySegmentName="seg_18" id="75A99719-2128-7FF5-12C9-BE1A2E993C7C">
<createdBy>Duncan.Taylor</createdBy>
<createdTime>2018-07-31 12:33:11 UTC</createdTime>
<ownerDesignName>cdb_morphmaster</ownerDesignName>
<schemaObject>B9747E78-31C9-E033-1072-BFCA55C723C9</schemaObject>
<logging>YES</logging>
<partitionedRowMovement>DISABLE</partitionedRowMovement>
<segment>59302EFA-DED9-7DC1-42E4-98A691AEBEEE</segment>
<tableSpace>86F03238-F1C6-328D-B2DD-001403B5C274</tableSpace>
<temporaryChanged>false</temporaryChanged>
<accessDriverType>oracle_loader</accessDriverType>
<rejectLimit></rejectLimit>
<columnProxies itemClass="oracle.dbtools.crest.model.design.storage.oracle.v12c.ColumnProxyOraclev12c">
<ColumnProxy name="ECOL_WGHT_CODE" id="0353F393-31DA-8D99-46FB-A158A37C74BC">
<createdBy>duncan.taylor</createdBy>
<createdTime>2018-07-31 12:33:11 UTC</createdTime>
<ownerDesignName>cdb_morphmaster</ownerDesignName>
</ColumnProxy>
<ColumnProxy name="CHARACTERISTIC_CODE" id="0424683D-01CA-089E-88F8-0BFECE8B844A">
<createdBy>duncan.taylor</createdBy>
<createdTime>2018-07-31 12:33:11 UTC</createdTime>
<ownerDesignName>cdb_morphmaster</ownerDesignName>
</ColumnProxy>
<ColumnProxy name="INVERTEBRATE" id="840BB587-5F9C-2169-CCE4-F35920E9960D">
<createdBy>duncan.taylor</createdBy>
<createdTime>2018-07-31 12:33:11 UTC</createdTime>
<ownerDesignName>cdb_morphmaster</ownerDesignName>
</ColumnProxy>
<ColumnProxy name="CATEGORY" id="8BA178FE-ED45-DCAA-73FF-C086AD578AE9">
<createdBy>duncan.taylor</createdBy>
<createdTime>2018-07-31 12:33:11 UTC</createdTime>
<ownerDesignName>cdb_morphmaster</ownerDesignName>
</ColumnProxy>
<ColumnProxy name="ST_CODE" id="96CA0292-E60A-71B7-1421-44C7D45AD7B4">
<createdBy>duncan.taylor</createdBy>
<createdTime>2018-07-31 12:33:11 UTC</createdTime>
<ownerDesignName>cdb_morphmaster</ownerDesignName>
</ColumnProxy>
<ColumnProxy name="DATE_ENTERED" id="9B2A6510-FF02-F438-0CA4-797BCF7FC839">
<createdBy>duncan.taylor</createdBy>
<createdTime>2018-07-31 12:33:11 UTC</createdTime>
<ownerDesignName>cdb_morphmaster</ownerDesignName>
</ColumnProxy>
<ColumnProxy name="VERSION" id="B679601D-6778-B0A8-4241-3EF4627BA3C8">
<createdBy>duncan.taylor</createdBy>
<createdTime>2018-07-31 12:33:11 UTC</createdTime>
<ownerDesignName>cdb_morphmaster</ownerDesignName>
</ColumnProxy>
<ColumnProxy name="VALID" id="B69B9B9E-2FE3-A8BF-7473-AEEBB6C14B7B">
<createdBy>duncan.taylor</createdBy>
<createdTime>2018-07-31 12:33:11 UTC</createdTime>
<ownerDesignName>cdb_morphmaster</ownerDesignName>
</ColumnProxy>
<ColumnProxy name="FISH" id="CB066186-637A-F426-7F6E-5F8787CB72A4">
<createdBy>duncan.taylor</createdBy>
<createdTime>2018-07-31 12:33:11 UTC</createdTime>
<ownerDesignName>cdb_morphmaster</ownerDesignName>
</ColumnProxy>
<ColumnProxy name="MACROPHYTE" id="E18627E7-F621-EE2C-01D8-BBA41C3132F2">
<createdBy>duncan.taylor</createdBy>
<createdTime>2018-07-31 12:33:11 UTC</createdTime>
<ownerDesignName>cdb_morphmaster</ownerDesignName>
</ColumnProxy>
</columnProxies>
<indexProxies>
<IndexProxy class="oracle.dbtools.crest.model.design.storage.oracle.v10g.IndexProxyOraclev10g" name="MO08_MO03_FK_I" id="42691F5B-29EF-E8BC-7CF9-145ADF0EE90E">
<createdBy>duncan.taylor</createdBy>
<createdTime>2018-07-31 12:33:12 UTC</createdTime>
<ownerDesignName>cdb_morphmaster</ownerDesignName>
<schemaObject>B9747E78-31C9-E033-1072-BFCA55C723C9</schemaObject>
<segment>CCB81AF3-8F34-9E39-4DA3-6F9C76F2EB3D</segment>
<tableSpace>45DD7492-3B4B-F8A9-AB51-4519BCC608CC</tableSpace>
</IndexProxy>
<IndexProxy class="oracle.dbtools.crest.model.design.storage.oracle.v10g.IndexProxyOraclev10g" name="MO08_PK" id="59F599B2-0834-634C-37FA-AC4D5D0C16CE">
<createdBy>duncan.taylor</createdBy>
<createdTime>2018-07-31 12:33:12 UTC</createdTime>
<ownerDesignName>cdb_morphmaster</ownerDesignName>
<schemaObject>B9747E78-31C9-E033-1072-BFCA55C723C9</schemaObject>
<segment>CCB81AF3-8F34-9E39-4DA3-6F9C76F2EB3D</segment>
<tableSpace>45DD7492-3B4B-F8A9-AB51-4519BCC608CC</tableSpace>
</IndexProxy>
</indexProxies>
<synonyms>
<Synonym class="oracle.dbtools.crest.model.design.storage.oracle.v10g.SynonymOraclev10g" name="MO08" directorySegmentName="seg_51" id="D0F906E3-E41B-5E00-194A-0C5F129A3003">
<sourceConnName>Browser@C01L</sourceConnName>
<sourceObjSchema>PUBLIC</sourceObjSchema>
<sourceObjName>MO08</sourceObjName>
<createdBy>Duncan.Taylor</createdBy>
<createdTime>2018-07-25 11:57:50 UTC</createdTime>
<ownerDesignName>cdb_morphmaster</ownerDesignName>
<object>MO08_ECOLOGICAL_WEIGHTINGS</object>
<public>YES</public>
<user>PUBLIC</user>
<referredObjectID>75A99719-2128-7FF5-12C9-BE1A2E993C7C</referredObjectID>
</Synonym>
<Synonym class="oracle.dbtools.crest.model.design.storage.oracle.v10g.SynonymOraclev10g" name="MO08_ECOLOGICAL_WEIGHTINGS" directorySegmentName="seg_51" id="A8062FC3-D7A8-D7EA-1693-EACAEFE0020B">
<sourceConnName>Browser@C01L</sourceConnName>
<sourceObjSchema>PUBLIC</sourceObjSchema>
<sourceObjName>MO08_ECOLOGICAL_WEIGHTINGS</sourceObjName>
<createdBy>Duncan.Taylor</createdBy>
<createdTime>2018-07-25 11:57:50 UTC</createdTime>
<ownerDesignName>cdb_morphmaster</ownerDesignName>
<object>MO08_ECOLOGICAL_WEIGHTINGS</object>
<public>YES</public>
<user>PUBLIC</user>
<referredObjectID>75A99719-2128-7FF5-12C9-BE1A2E993C7C</referredObjectID>
</Synonym>
</synonyms>
<foreignKeys>
<ForeignKey class="oracle.dbtools.crest.model.design.storage.oracle.v10g.FKProxyOraclev10g" name="MO08_GE31_FK" id="97337666-7029-7351-E547-D2B5784009C8">
<createdBy>duncan.taylor</createdBy>
<createdTime>2018-07-31 12:33:13 UTC</createdTime>
<ownerDesignName>cdb_morphmaster</ownerDesignName>
</ForeignKey>
<ForeignKey class="oracle.dbtools.crest.model.design.storage.oracle.v10g.FKProxyOraclev10g" name="MO08_MO03_FK" id="ABF23DF7-12F2-98D9-8FE9-CD75684E68B0">
<createdBy>duncan.taylor</createdBy>
<createdTime>2018-07-31 12:33:13 UTC</createdTime>
<ownerDesignName>cdb_morphmaster</ownerDesignName>
</ForeignKey>
</foreignKeys>
<primaryKeys>
<PrimaryKey class="oracle.dbtools.crest.model.design.storage.oracle.v10g.PKProxyOraclev10g" name="MO08_PK" id="4C422C39-E3B0-A232-FAB0-FEE37121B077">
<createdBy>duncan.taylor</createdBy>
<createdTime>2018-07-31 12:33:12 UTC</createdTime>
<ownerDesignName>cdb_morphmaster</ownerDesignName>
<segment>CCB81AF3-8F34-9E39-4DA3-6F9C76F2EB3D</segment>
<tableSpace>45DD7492-3B4B-F8A9-AB51-4519BCC608CC</tableSpace>
<existingIndex>59F599B2-0834-634C-37FA-AC4D5D0C16CE</existingIndex>
<indexSegment>CCB81AF3-8F34-9E39-4DA3-6F9C76F2EB3D</indexSegment>
<indexSort>SORTED</indexSort>
<usingIndex>BY INDEX NAME</usingIndex>
</PrimaryKey>
</primaryKeys>
</TableProxyOraclev11g>