<?xml version = '1.0' encoding = 'UTF-8'?>
<SynonymOraclev10g class="oracle.dbtools.crest.model.design.storage.oracle.v10g.SynonymOraclev10g" name="GE31_SUBTYPOLOGY_CATEGORIES" directorySegmentName="seg_36" id="404AD02E-BD54-D3C5-C997-5010CBBEA581">
<sourceConnName>Browser@C01L</sourceConnName>
<sourceObjSchema>PUBLIC</sourceObjSchema>
<sourceObjName>GE31_SUBTYPOLOGY_CATEGORIES</sourceObjName>
<createdBy>Duncan.Taylor</createdBy>
<createdTime>2018-07-25 11:57:49 UTC</createdTime>
<ownerDesignName>cdb_morphmaster</ownerDesignName>
<object>GE31_SUBTYPOLOGY_CATEGORIES</object>
<public>YES</public>
<user>PUBLIC</user>
<referredObjectID>3B4E3AF7-295A-07D0-46DA-4E14FA343AF7</referredObjectID>
</SynonymOraclev10g>