<?xml version = '1.0' encoding = 'UTF-8'?>
<SynonymOraclev10g class="oracle.dbtools.crest.model.design.storage.oracle.v10g.SynonymOraclev10g" name="GE3_RIVERS" directorySegmentName="seg_36" id="5B909407-88AF-99E3-2EFC-0E04528F9864">
<sourceConnName>Browser@C01L</sourceConnName>
<sourceObjSchema>PUBLIC</sourceObjSchema>
<sourceObjName>GE3_RIVERS</sourceObjName>
<createdBy>Duncan.Taylor</createdBy>
<createdTime>2018-07-25 11:57:49 UTC</createdTime>
<ownerDesignName>cdb_morphmaster</ownerDesignName>
<object>GE3_RIVERS</object>
<public>YES</public>
<user>PUBLIC</user>
<referredObjectID>F6329F25-9033-2C20-DA7D-6B215A361D59</referredObjectID>
</SynonymOraclev10g>