<?xml version = '1.0' encoding = 'UTF-8'?>
<SegmentOraclev10g class="oracle.dbtools.crest.model.design.storage.oracle.v10g.SegmentOraclev10g" name="Storage20" directorySegmentName="seg_0" id="59302EFA-DED9-7DC1-42E4-98A691AEBEEE">
<createdBy>duncan.taylor</createdBy>
<createdTime>2018-07-31 12:33:29 UTC</createdTime>
<ownerDesignName>cdb_morphmaster</ownerDesignName>
<scInitialExtent>65536</scInitialExtent>
<scMaxExtents>2147483645</scMaxExtents>
<scNextExtent>1048576</scNextExtent>
</SegmentOraclev10g>