<?xml version = '1.0' encoding = 'UTF-8'?>
<SegmentOraclev10g class="oracle.dbtools.crest.model.design.storage.oracle.v10g.SegmentOraclev10g" name="Storage6" directorySegmentName="seg_0" id="CCB81AF3-8F34-9E39-4DA3-6F9C76F2EB3D">
<createdBy>duncan.taylor</createdBy>
<createdTime>2018-07-31 12:33:29 UTC</createdTime>
<ownerDesignName>cdb_morphmaster</ownerDesignName>
<initrans>2</initrans>
<scInitialExtent>65536</scInitialExtent>
<scMaxExtents>2147483645</scMaxExtents>
<scNextExtent>1048576</scNextExtent>
</SegmentOraclev10g>