<?xml version = '1.0' encoding = 'UTF-8'?>
<SegmentOraclev10g class="oracle.dbtools.crest.model.design.storage.oracle.v10g.SegmentOraclev10g" name="Storage28" directorySegmentName="seg_0" id="CFC18D1C-3F84-65C4-C4A4-A2E8039A1E4B">
<createdBy>duncan.taylor</createdBy>
<createdTime>2018-07-31 12:33:29 UTC</createdTime>
<ownerDesignName>cdb_morphmaster</ownerDesignName>
<scInitialExtent>24576</scInitialExtent>
<scMaxExtents>2147483645</scMaxExtents>
<scNextExtent>1048576</scNextExtent>
</SegmentOraclev10g>