<?xml version = '1.0' encoding = 'UTF-8'?>
<SegmentOraclev10g class="oracle.dbtools.crest.model.design.storage.oracle.v10g.SegmentOraclev10g" name="Storage14" directorySegmentName="seg_0" id="F7D7198C-0E60-12B8-30BF-49BFA140BAB0">
<createdBy>duncan.taylor</createdBy>
<createdTime>2018-07-31 12:33:29 UTC</createdTime>
<ownerDesignName>cdb_morphmaster</ownerDesignName>
<initrans>2</initrans>
<scInitialExtent>24576</scInitialExtent>
<scMaxExtents>2147483645</scMaxExtents>
<scNextExtent>1048576</scNextExtent>
</SegmentOraclev10g>