<?xml version = '1.0' encoding = 'UTF-8'?>
<TableProxyOraclev11g class="oracle.dbtools.crest.model.design.storage.oracle.v11g.TableProxyOraclev11g" name="MO11_ASSESSMENTS" directorySegmentName="seg_24" id="A01F1EF3-5B10-ECD1-33CF-87B87F868596">
<createdBy>Duncan.Taylor</createdBy>
<createdTime>2018-07-31 12:33:11 UTC</createdTime>
<ownerDesignName>cdb_morphmaster</ownerDesignName>
<schemaObject>B9747E78-31C9-E033-1072-BFCA55C723C9</schemaObject>
<logging>YES</logging>
<partitionedRowMovement>DISABLE</partitionedRowMovement>
<segment>59302EFA-DED9-7DC1-42E4-98A691AEBEEE</segment>
<tableSpace>86F03238-F1C6-328D-B2DD-001403B5C274</tableSpace>
<temporaryChanged>false</temporaryChanged>
<accessDriverType>oracle_loader</accessDriverType>
<rejectLimit></rejectLimit>
<columnProxies itemClass="oracle.dbtools.crest.model.design.storage.oracle.v12c.ColumnProxyOraclev12c">
<ColumnProxy name="VALUE" id="24202C67-AF34-7253-5D80-C04010DD40AA">
<createdBy>duncan.taylor</createdBy>
<createdTime>2018-07-31 12:33:11 UTC</createdTime>
<ownerDesignName>cdb_morphmaster</ownerDesignName>
</ColumnProxy>
<ColumnProxy name="DATE_ENTERED" id="70549023-0252-1A31-B0DB-9960C832639B">
<createdBy>duncan.taylor</createdBy>
<createdTime>2018-07-31 12:33:11 UTC</createdTime>
<ownerDesignName>cdb_morphmaster</ownerDesignName>
</ColumnProxy>
<ColumnProxy name="LENGTH" id="9A49E4EC-6DE2-D479-C69E-7DFEC1E0E09F">
<createdBy>duncan.taylor</createdBy>
<createdTime>2018-07-31 12:33:11 UTC</createdTime>
<ownerDesignName>cdb_morphmaster</ownerDesignName>
</ColumnProxy>
<ColumnProxy name="SUBTYPE_DESCRIPTION" id="A745CA4E-518C-C986-99A2-209DEAA31180">
<createdBy>duncan.taylor</createdBy>
<createdTime>2018-07-31 12:33:11 UTC</createdTime>
<ownerDesignName>cdb_morphmaster</ownerDesignName>
</ColumnProxy>
<ColumnProxy name="ACTIVITY_DESCRIPTION" id="B1315196-0350-3EBC-16E4-EF72994E524B">
<createdBy>duncan.taylor</createdBy>
<createdTime>2018-07-31 12:33:11 UTC</createdTime>
<ownerDesignName>cdb_morphmaster</ownerDesignName>
</ColumnProxy>
<ColumnProxy name="ASSESSMENT_CODE" id="C091B9E5-3179-B6A6-657F-BACE17CAA0FF">
<createdBy>duncan.taylor</createdBy>
<createdTime>2018-07-31 12:33:11 UTC</createdTime>
<ownerDesignName>cdb_morphmaster</ownerDesignName>
</ColumnProxy>
<ColumnProxy name="USERNAME" id="D5E48B2D-E1DA-F4CA-383A-510F6F31E601">
<createdBy>duncan.taylor</createdBy>
<createdTime>2018-07-31 12:33:11 UTC</createdTime>
<ownerDesignName>cdb_morphmaster</ownerDesignName>
</ColumnProxy>
<ColumnProxy name="VERSION" id="EB577AA4-C102-1156-7725-7B796F15D78A">
<createdBy>duncan.taylor</createdBy>
<createdTime>2018-07-31 12:33:11 UTC</createdTime>
<ownerDesignName>cdb_morphmaster</ownerDesignName>
</ColumnProxy>
<ColumnProxy name="NOTES" id="F7970043-6334-A530-686D-AF53C46A9D69">
<createdBy>duncan.taylor</createdBy>
<createdTime>2018-07-31 12:33:11 UTC</createdTime>
<ownerDesignName>cdb_morphmaster</ownerDesignName>
</ColumnProxy>
</columnProxies>
<indexProxies>
<IndexProxy class="oracle.dbtools.crest.model.design.storage.oracle.v10g.IndexProxyOraclev10g" name="MO11_IND" id="782CE5D6-6286-8506-081C-A576FCEAE4FA">
<createdBy>duncan.taylor</createdBy>
<createdTime>2018-07-31 12:33:12 UTC</createdTime>
<ownerDesignName>cdb_morphmaster</ownerDesignName>
<schemaObject>B9747E78-31C9-E033-1072-BFCA55C723C9</schemaObject>
<segment>CCB81AF3-8F34-9E39-4DA3-6F9C76F2EB3D</segment>
<tableSpace>45DD7492-3B4B-F8A9-AB51-4519BCC608CC</tableSpace>
</IndexProxy>
</indexProxies>
<synonyms>
<Synonym class="oracle.dbtools.crest.model.design.storage.oracle.v10g.SynonymOraclev10g" name="MO11" directorySegmentName="seg_51" id="BE34B687-026D-0EBA-8EBC-9EE6FE75972B">
<sourceConnName>Browser@C01L</sourceConnName>
<sourceObjSchema>PUBLIC</sourceObjSchema>
<sourceObjName>MO11</sourceObjName>
<createdBy>Duncan.Taylor</createdBy>
<createdTime>2018-07-25 11:57:50 UTC</createdTime>
<ownerDesignName>cdb_c01l</ownerDesignName>
<object>MO11_ASSESSMENTS</object>
<public>YES</public>
<user>PUBLIC</user>
<referredObjectID>A01F1EF3-5B10-ECD1-33CF-87B87F868596</referredObjectID>
</Synonym>
<Synonym class="oracle.dbtools.crest.model.design.storage.oracle.v10g.SynonymOraclev10g" name="MO11_ASSESSMENTS" directorySegmentName="seg_51" id="2396C2E9-7C5F-6A88-68D8-54415FAC3A1D">
<sourceConnName>Browser@C01L</sourceConnName>
<sourceObjSchema>PUBLIC</sourceObjSchema>
<sourceObjName>MO11_ASSESSMENTS</sourceObjName>
<createdBy>Duncan.Taylor</createdBy>
<createdTime>2018-07-25 11:57:50 UTC</createdTime>
<ownerDesignName>cdb_c01l</ownerDesignName>
<object>MO11_ASSESSMENTS</object>
<public>YES</public>
<user>PUBLIC</user>
<referredObjectID>A01F1EF3-5B10-ECD1-33CF-87B87F868596</referredObjectID>
</Synonym>
</synonyms>
</TableProxyOraclev11g>