<?xml version = '1.0' encoding = 'UTF-8'?>
<SynonymOraclev10g class="oracle.dbtools.crest.model.design.storage.oracle.v10g.SynonymOraclev10g" name="MO60_MIMAS_ACTIVITY_BREAKDOWN" directorySegmentName="seg_52" id="0EA87028-6616-7E22-3408-9F749E09F328">
<sourceConnName>Browser@C01L</sourceConnName>
<sourceObjSchema>PUBLIC</sourceObjSchema>
<sourceObjName>MO60_MIMAS_ACTIVITY_BREAKDOWN</sourceObjName>
<createdBy>Duncan.Taylor</createdBy>
<createdTime>2018-07-25 11:57:50 UTC</createdTime>
<ownerDesignName>cdb_morphmaster</ownerDesignName>
<object>MO60_MIMAS_ACTIVITY_BREAKDOWN</object>
<public>YES</public>
<user>PUBLIC</user>
<referredObjectID>7C262D1E-30DC-E612-E9A8-C1BDB21C5D32</referredObjectID>
</SynonymOraclev10g>