<?xml version = '1.0' encoding = 'UTF-8'?>
<SynonymOraclev10g class="oracle.dbtools.crest.model.design.storage.oracle.v10g.SynonymOraclev10g" name="MO97_SCREENING_ACTIVITIES" directorySegmentName="seg_52" id="0EB04DDD-FEE8-A0B9-21BF-011FFD111C86">
<sourceConnName>Browser@C01L</sourceConnName>
<sourceObjSchema>PUBLIC</sourceObjSchema>
<sourceObjName>MO97_SCREENING_ACTIVITIES</sourceObjName>
<createdBy>Duncan.Taylor</createdBy>
<createdTime>2018-07-25 11:57:50 UTC</createdTime>
<ownerDesignName>cdb_morphmaster</ownerDesignName>
<object>MO97_SCREENING_ACTIVITIES</object>
<public>YES</public>
<user>PUBLIC</user>
<referredObjectID>C4177279-BB48-6149-E286-5DBCCFA6AAAC</referredObjectID>
</SynonymOraclev10g>