<?xml version = '1.0' encoding = 'UTF-8'?>
<SynonymOraclev10g class="oracle.dbtools.crest.model.design.storage.oracle.v10g.SynonymOraclev10g" name="MO94_SCREENING_AVAIL_CAP_AUDIT" directorySegmentName="seg_52" id="1A9B9B7E-A80E-170C-6C5E-C8F3407FB28F">
<sourceConnName>Browser@C01L</sourceConnName>
<sourceObjSchema>PUBLIC</sourceObjSchema>
<sourceObjName>MO94_SCREENING_AVAIL_CAP_AUDIT</sourceObjName>
<createdBy>Duncan.Taylor</createdBy>
<createdTime>2018-07-25 11:57:50 UTC</createdTime>
<ownerDesignName>cdb_morphmaster</ownerDesignName>
<object>MO94_SCREENING_AVAIL_CAP_AUDIT</object>
<public>YES</public>
<user>PUBLIC</user>
<referredObjectID>30DB35CC-5FFD-E059-03EF-8BEE67F2FB49</referredObjectID>
</SynonymOraclev10g>