<?xml version = '1.0' encoding = 'UTF-8'?>
<SynonymOraclev10g class="oracle.dbtools.crest.model.design.storage.oracle.v10g.SynonymOraclev10g" name="MO56" directorySegmentName="seg_52" id="2104C3CA-D750-B325-4C76-5DBF1336F202">
<sourceConnName>Browser@C01L</sourceConnName>
<sourceObjSchema>PUBLIC</sourceObjSchema>
<sourceObjName>MO56</sourceObjName>
<createdBy>Duncan.Taylor</createdBy>
<createdTime>2018-07-25 11:57:50 UTC</createdTime>
<ownerDesignName>cdb_morphmaster</ownerDesignName>
<object>MO56_VW_MORPH_ASSESSMENT</object>
<public>YES</public>
<user>PUBLIC</user>
<referredObjectID>D6A69B3A-8DFF-669A-5B26-E3FD26E0E8D3</referredObjectID>
</SynonymOraclev10g>