<?xml version = '1.0' encoding = 'UTF-8'?>
<SynonymOraclev10g class="oracle.dbtools.crest.model.design.storage.oracle.v10g.SynonymOraclev10g" name="MO53_VW_PRESSURES_PER_WC" directorySegmentName="seg_52" id="4492106D-9417-A879-E733-63739B8351A9">
<sourceConnName>Browser@C01L</sourceConnName>
<sourceObjSchema>PUBLIC</sourceObjSchema>
<sourceObjName>MO53_VW_PRESSURES_PER_WC</sourceObjName>
<createdBy>Duncan.Taylor</createdBy>
<createdTime>2018-07-25 11:57:50 UTC</createdTime>
<ownerDesignName>cdb_morphmaster</ownerDesignName>
<object>MO53_VW_PRESSURES_PER_WC</object>
<public>YES</public>
<user>PUBLIC</user>
<referredObjectID>C8DC4891-4DA6-FFAD-86EE-42E5A8FE6CF1</referredObjectID>
</SynonymOraclev10g>