<?xml version = '1.0' encoding = 'UTF-8'?>
<SynonymOraclev10g class="oracle.dbtools.crest.model.design.storage.oracle.v10g.SynonymOraclev10g" name="MO57" directorySegmentName="seg_52" id="64543C9F-952C-C1A6-8EF4-3C876BC4F74C">
<sourceConnName>Browser@C01L</sourceConnName>
<sourceObjSchema>PUBLIC</sourceObjSchema>
<sourceObjName>MO57</sourceObjName>
<createdBy>Duncan.Taylor</createdBy>
<createdTime>2018-07-25 11:57:50 UTC</createdTime>
<ownerDesignName>cdb_morphmaster</ownerDesignName>
<object>MO57_VW_RIPARIAN_VEG_PER_WC</object>
<public>YES</public>
<user>PUBLIC</user>
<referredObjectID>6119463E-7FDD-CF72-10A1-A636965664C4</referredObjectID>
</SynonymOraclev10g>