<?xml version = '1.0' encoding = 'UTF-8'?>
<SynonymOraclev10g class="oracle.dbtools.crest.model.design.storage.oracle.v10g.SynonymOraclev10g" name="MO98_SCREENING_AVAIL_CAPACITY" directorySegmentName="seg_52" id="674805BE-E7D3-4B18-18F0-5C865DE82A97">
<sourceConnName>Browser@C01L</sourceConnName>
<sourceObjSchema>PUBLIC</sourceObjSchema>
<sourceObjName>MO98_SCREENING_AVAIL_CAPACITY</sourceObjName>
<createdBy>Duncan.Taylor</createdBy>
<createdTime>2018-07-25 11:57:50 UTC</createdTime>
<ownerDesignName>cdb_morphmaster</ownerDesignName>
<object>MO98_SCREENING_AVAIL_CAPACITY</object>
<public>YES</public>
<user>PUBLIC</user>
<referredObjectID>7AC8A963-DA5E-EBE9-3F55-DD217EEB4B72</referredObjectID>
</SynonymOraclev10g>