<?xml version = '1.0' encoding = 'UTF-8'?>
<SynonymOraclev10g class="oracle.dbtools.crest.model.design.storage.oracle.v10g.SynonymOraclev10g" name="MO37" directorySegmentName="seg_52" id="677FFD72-F5E7-A88D-AACA-1CAA60AE04B8">
<sourceConnName>Browser@C01L</sourceConnName>
<sourceObjSchema>PUBLIC</sourceObjSchema>
<sourceObjName>MO37</sourceObjName>
<createdBy>Duncan.Taylor</createdBy>
<createdTime>2018-07-25 11:57:50 UTC</createdTime>
<ownerDesignName>cdb_morphmaster</ownerDesignName>
<object>MO37_DATA_LOG</object>
<public>YES</public>
<user>PUBLIC</user>
<referredObjectID>28E10A57-C8E2-88BD-49C2-8D2426D9AADB</referredObjectID>
</SynonymOraclev10g>