<?xml version = '1.0' encoding = 'UTF-8'?>
<SynonymOraclev10g class="oracle.dbtools.crest.model.design.storage.oracle.v10g.SynonymOraclev10g" name="MO41_ASSESSMENT_LOG" directorySegmentName="seg_52" id="6FED0DBA-CB47-476A-6E34-1F1464C0C672">
<sourceConnName>Browser@C01L</sourceConnName>
<sourceObjSchema>PUBLIC</sourceObjSchema>
<sourceObjName>MO41_ASSESSMENT_LOG</sourceObjName>
<createdBy>Duncan.Taylor</createdBy>
<createdTime>2018-07-25 11:57:50 UTC</createdTime>
<ownerDesignName>cdb_morphmaster</ownerDesignName>
<object>MO41_ASSESSMENT_LOG</object>
<public>YES</public>
<user>PUBLIC</user>
<referredObjectID>D99CEAB8-19B9-F7FE-4AC2-09D907AF3692</referredObjectID>
</SynonymOraclev10g>