<?xml version = '1.0' encoding = 'UTF-8'?>
<SynonymOraclev10g class="oracle.dbtools.crest.model.design.storage.oracle.v10g.SynonymOraclev10g" name="MO99_SCREENING" directorySegmentName="seg_52" id="70CB22DD-B61D-42AC-AD89-3AE6167044E2">
<sourceConnName>Browser@C01L</sourceConnName>
<sourceObjSchema>PUBLIC</sourceObjSchema>
<sourceObjName>MO99_SCREENING</sourceObjName>
<createdBy>Duncan.Taylor</createdBy>
<createdTime>2018-07-25 11:57:50 UTC</createdTime>
<ownerDesignName>cdb_morphmaster</ownerDesignName>
<object>MO99_SCREENING</object>
<public>YES</public>
<user>PUBLIC</user>
<referredObjectID>66B08357-2E4D-5FA3-15A6-57CA465884BF</referredObjectID>
</SynonymOraclev10g>