<?xml version = '1.0' encoding = 'UTF-8'?>
<SynonymOraclev10g class="oracle.dbtools.crest.model.design.storage.oracle.v10g.SynonymOraclev10g" name="MO36_ATTRIBUTE_LOOKUP" directorySegmentName="seg_52" id="8398ABE8-4ED7-307D-26D5-5C889A97DE83">
<sourceConnName>Browser@C01L</sourceConnName>
<sourceObjSchema>PUBLIC</sourceObjSchema>
<sourceObjName>MO36_ATTRIBUTE_LOOKUP</sourceObjName>
<createdBy>Duncan.Taylor</createdBy>
<createdTime>2018-07-25 11:57:50 UTC</createdTime>
<ownerDesignName>cdb_morphmaster</ownerDesignName>
<object>MO36_ATTRIBUTE_LOOKUP</object>
<public>YES</public>
<user>PUBLIC</user>
<referredObjectID>546AA26A-5467-AB53-C6FF-80681533B4B5</referredObjectID>
</SynonymOraclev10g>