<?xml version = '1.0' encoding = 'UTF-8'?>
<SynonymOraclev10g class="oracle.dbtools.crest.model.design.storage.oracle.v10g.SynonymOraclev10g" name="MO39" directorySegmentName="seg_52" id="89D8BDDF-FFDA-ED71-3697-FCD5CE0A9CAC">
<sourceConnName>Browser@C01L</sourceConnName>
<sourceObjSchema>PUBLIC</sourceObjSchema>
<sourceObjName>MO39</sourceObjName>
<createdBy>Duncan.Taylor</createdBy>
<createdTime>2018-07-25 11:57:50 UTC</createdTime>
<ownerDesignName>cdb_morphmaster</ownerDesignName>
<object>MO39_RIPARIAN_VEG_WATERCOURSES</object>
<public>YES</public>
<user>PUBLIC</user>
<referredObjectID>30CF2BA5-37BC-FE00-52AA-8B6A280272CD</referredObjectID>
</SynonymOraclev10g>