<?xml version = '1.0' encoding = 'UTF-8'?>
<SynonymOraclev10g class="oracle.dbtools.crest.model.design.storage.oracle.v10g.SynonymOraclev10g" name="MO58" directorySegmentName="seg_52" id="9231681B-E7EF-3363-525C-7BCAF66F44CE">
<sourceConnName>Browser@C01L</sourceConnName>
<sourceObjSchema>PUBLIC</sourceObjSchema>
<sourceObjName>MO58</sourceObjName>
<createdBy>Duncan.Taylor</createdBy>
<createdTime>2018-07-25 11:57:50 UTC</createdTime>
<ownerDesignName>cdb_morphmaster</ownerDesignName>
<object>MO58_VW_MS_PER_RIP_VEG_PER_WC</object>
<public>YES</public>
<user>PUBLIC</user>
<referredObjectID>6AAD99F2-9B81-7490-BF21-15AEF6782E63</referredObjectID>
</SynonymOraclev10g>