<?xml version = '1.0' encoding = 'UTF-8'?>
<SynonymOraclev10g class="oracle.dbtools.crest.model.design.storage.oracle.v10g.SynonymOraclev10g" name="MO54_VW_MS_PER_P_PER_WC" directorySegmentName="seg_52" id="9516AD5F-40C4-6EFD-AE58-BDF0C64132FC">
<sourceConnName>Browser@C01L</sourceConnName>
<sourceObjSchema>PUBLIC</sourceObjSchema>
<sourceObjName>MO54_VW_MS_PER_P_PER_WC</sourceObjName>
<createdBy>Duncan.Taylor</createdBy>
<createdTime>2018-07-25 11:57:50 UTC</createdTime>
<ownerDesignName>cdb_morphmaster</ownerDesignName>
<object>MO54_VW_MS_PER_P_PER_WC</object>
<public>YES</public>
<user>PUBLIC</user>
<referredObjectID>14DC059B-5269-3D6C-F70D-FB15E5B35667</referredObjectID>
</SynonymOraclev10g>