<?xml version = '1.0' encoding = 'UTF-8'?>
<SynonymOraclev10g class="oracle.dbtools.crest.model.design.storage.oracle.v10g.SynonymOraclev10g" name="MO52" directorySegmentName="seg_52" id="9CCAFD96-9268-6475-F736-C002A2B5AA08">
<sourceConnName>Browser@C01L</sourceConnName>
<sourceObjSchema>PUBLIC</sourceObjSchema>
<sourceObjName>MO52</sourceObjName>
<createdBy>Duncan.Taylor</createdBy>
<createdTime>2018-07-25 11:57:50 UTC</createdTime>
<ownerDesignName>cdb_morphmaster</ownerDesignName>
<object>MO52_VW_MPD_MIMAS</object>
<public>YES</public>
<user>PUBLIC</user>
<referredObjectID>6982B3BA-E02B-215C-CD80-4914470526D5</referredObjectID>
</SynonymOraclev10g>