<?xml version = '1.0' encoding = 'UTF-8'?>
<SynonymOraclev10g class="oracle.dbtools.crest.model.design.storage.oracle.v10g.SynonymOraclev10g" name="MO50" directorySegmentName="seg_52" id="9CE89A3F-3E57-C647-4446-BF23BD0A87FC">
<sourceConnName>Browser@C01L</sourceConnName>
<sourceObjSchema>PUBLIC</sourceObjSchema>
<sourceObjName>MO50</sourceObjName>
<createdBy>Duncan.Taylor</createdBy>
<createdTime>2018-07-25 11:57:50 UTC</createdTime>
<ownerDesignName>cdb_morphmaster</ownerDesignName>
<object>MO50_VW_PRESSURES</object>
<public>YES</public>
<user>PUBLIC</user>
<referredObjectID>B7B17ABD-547D-7493-E4CB-E2D6158E83A4</referredObjectID>
</SynonymOraclev10g>