<?xml version = '1.0' encoding = 'UTF-8'?>
<SynonymOraclev10g class="oracle.dbtools.crest.model.design.storage.oracle.v10g.SynonymOraclev10g" name="MO95" directorySegmentName="seg_52" id="9EC4E487-5867-B6C5-BEB9-971B54CDF9F4">
<sourceConnName>Browser@C01L</sourceConnName>
<sourceObjSchema>PUBLIC</sourceObjSchema>
<sourceObjName>MO95</sourceObjName>
<createdBy>Duncan.Taylor</createdBy>
<createdTime>2018-07-25 11:57:50 UTC</createdTime>
<ownerDesignName>cdb_morphmaster</ownerDesignName>
<object>MO95_LAMPREY_LOCATION</object>
<public>YES</public>
<user>PUBLIC</user>
<referredObjectID>9450A56E-691F-0248-05B2-728CD224C8DC</referredObjectID>
</SynonymOraclev10g>