<?xml version = '1.0' encoding = 'UTF-8'?>
<SynonymOraclev10g class="oracle.dbtools.crest.model.design.storage.oracle.v10g.SynonymOraclev10g" name="MO96_SCREENING_EXCLUDED_PAS" directorySegmentName="seg_52" id="B006CA6D-19D8-3057-8719-921B6AC345B2">
<sourceConnName>Browser@C01L</sourceConnName>
<sourceObjSchema>PUBLIC</sourceObjSchema>
<sourceObjName>MO96_SCREENING_EXCLUDED_PAS</sourceObjName>
<createdBy>Duncan.Taylor</createdBy>
<createdTime>2018-07-25 11:57:50 UTC</createdTime>
<ownerDesignName>cdb_morphmaster</ownerDesignName>
<object>MO96_SCREENING_EXCLUDED_PAS</object>
<public>YES</public>
<user>PUBLIC</user>
<referredObjectID>596C9C6B-FB76-D99A-8433-E12A50A44EAE</referredObjectID>
</SynonymOraclev10g>