<?xml version = '1.0' encoding = 'UTF-8'?>
<SynonymOraclev10g class="oracle.dbtools.crest.model.design.storage.oracle.v10g.SynonymOraclev10g" name="MO40" directorySegmentName="seg_52" id="C9E0B9E3-3413-4B98-5ED1-7EE8D124A932">
<sourceConnName>Browser@C01L</sourceConnName>
<sourceObjSchema>PUBLIC</sourceObjSchema>
<sourceObjName>MO40</sourceObjName>
<createdBy>Duncan.Taylor</createdBy>
<createdTime>2018-07-25 11:57:50 UTC</createdTime>
<ownerDesignName>cdb_morphmaster</ownerDesignName>
<object>MO40_CLASSIFICATION_RUNS</object>
<public>YES</public>
<user>PUBLIC</user>
<referredObjectID>30C94BF6-2599-DFC6-69C0-F39E71616FF8</referredObjectID>
</SynonymOraclev10g>