<?xml version = '1.0' encoding = 'UTF-8'?>
<SynonymOraclev10g class="oracle.dbtools.crest.model.design.storage.oracle.v10g.SynonymOraclev10g" name="MO94" directorySegmentName="seg_52" id="D040A0BA-6FFB-4498-4CD3-E7DFD7DA84D1">
<sourceConnName>Browser@C01L</sourceConnName>
<sourceObjSchema>PUBLIC</sourceObjSchema>
<sourceObjName>MO94</sourceObjName>
<createdBy>Duncan.Taylor</createdBy>
<createdTime>2018-07-25 11:57:50 UTC</createdTime>
<ownerDesignName>cdb_morphmaster</ownerDesignName>
<object>MO94_SCREENING_AVAIL_CAP_AUDIT</object>
<public>YES</public>
<user>PUBLIC</user>
<referredObjectID>30DB35CC-5FFD-E059-03EF-8BEE67F2FB49</referredObjectID>
</SynonymOraclev10g>