<?xml version = '1.0' encoding = 'UTF-8'?>
<SynonymOraclev10g class="oracle.dbtools.crest.model.design.storage.oracle.v10g.SynonymOraclev10g" name="MO54" directorySegmentName="seg_52" id="D51D48DA-4363-F67E-C646-3BBDCF44323F">
<sourceConnName>Browser@C01L</sourceConnName>
<sourceObjSchema>PUBLIC</sourceObjSchema>
<sourceObjName>MO54</sourceObjName>
<createdBy>Duncan.Taylor</createdBy>
<createdTime>2018-07-25 11:57:50 UTC</createdTime>
<ownerDesignName>cdb_morphmaster</ownerDesignName>
<object>MO54_VW_MS_PER_P_PER_WC</object>
<public>YES</public>
<user>PUBLIC</user>
<referredObjectID>14DC059B-5269-3D6C-F70D-FB15E5B35667</referredObjectID>
</SynonymOraclev10g>