<?xml version = '1.0' encoding = 'UTF-8'?>
<SynonymOraclev10g class="oracle.dbtools.crest.model.design.storage.oracle.v10g.SynonymOraclev10g" name="MO51" directorySegmentName="seg_52" id="DDCE15A3-0657-DAA5-8B37-B3598AB2CB56">
<sourceConnName>Browser@C01L</sourceConnName>
<sourceObjSchema>PUBLIC</sourceObjSchema>
<sourceObjName>MO51</sourceObjName>
<createdBy>Duncan.Taylor</createdBy>
<createdTime>2018-07-25 11:57:50 UTC</createdTime>
<ownerDesignName>cdb_morphmaster</ownerDesignName>
<object>MO51_VW_PRESSURE_ATTRIBUTES</object>
<public>YES</public>
<user>PUBLIC</user>
<referredObjectID>E55D089E-D438-31F7-A63E-9CFD7AA6A951</referredObjectID>
</SynonymOraclev10g>