<?xml version = '1.0' encoding = 'UTF-8'?>
<SynonymOraclev10g class="oracle.dbtools.crest.model.design.storage.oracle.v10g.SynonymOraclev10g" name="MO35" directorySegmentName="seg_52" id="FB1618C2-F80C-7B31-A802-3E13634D6F53">
<sourceConnName>Browser@C01L</sourceConnName>
<sourceObjSchema>PUBLIC</sourceObjSchema>
<sourceObjName>MO35</sourceObjName>
<createdBy>Duncan.Taylor</createdBy>
<createdTime>2018-07-25 11:57:50 UTC</createdTime>
<ownerDesignName>cdb_morphmaster</ownerDesignName>
<object>MO35_PRESSURE_WATERCOURSES</object>
<public>YES</public>
<user>PUBLIC</user>
<referredObjectID>D71286C7-DE94-2064-54A8-A63C056924E2</referredObjectID>
</SynonymOraclev10g>