<?xml version = '1.0' encoding = 'UTF-8'?>
<SynonymOraclev10g class="oracle.dbtools.crest.model.design.storage.oracle.v10g.SynonymOraclev10g" name="MO55" directorySegmentName="seg_52" id="FDEA9DD1-82A7-2F5A-0539-48A1D7E9FEA8">
<sourceConnName>Browser@C01L</sourceConnName>
<sourceObjSchema>PUBLIC</sourceObjSchema>
<sourceObjName>MO55</sourceObjName>
<createdBy>Duncan.Taylor</createdBy>
<createdTime>2018-07-25 11:57:50 UTC</createdTime>
<ownerDesignName>cdb_morphmaster</ownerDesignName>
<object>MO55_VW_PRESSURE_ASSESSMENT</object>
<public>YES</public>
<user>PUBLIC</user>
<referredObjectID>1F9EB711-0D38-1F07-81DB-7247DE134136</referredObjectID>
</SynonymOraclev10g>