<?xml version = '1.0' encoding = 'UTF-8'?>
<SynonymOraclev10g class="oracle.dbtools.crest.model.design.storage.oracle.v10g.SynonymOraclev10g" name="MO58_VW_MS_PER_RIP_VEG_PER_WC" directorySegmentName="seg_52" id="FE7C2100-513F-8196-49F2-5BC271CA2429">
<sourceConnName>Browser@C01L</sourceConnName>
<sourceObjSchema>PUBLIC</sourceObjSchema>
<sourceObjName>MO58_VW_MS_PER_RIP_VEG_PER_WC</sourceObjName>
<createdBy>Duncan.Taylor</createdBy>
<createdTime>2018-07-25 11:57:50 UTC</createdTime>
<ownerDesignName>cdb_morphmaster</ownerDesignName>
<object>MO58_VW_MS_PER_RIP_VEG_PER_WC</object>
<public>YES</public>
<user>PUBLIC</user>
<referredObjectID>6AAD99F2-9B81-7490-BF21-15AEF6782E63</referredObjectID>
</SynonymOraclev10g>