<?xml version = '1.0' encoding = 'UTF-8'?>
<RoleOraclev10g class="oracle.dbtools.crest.model.design.storage.oracle.v10g.RoleOraclev10g" name="CLAS_ADMINISTRATOR" directorySegmentName="seg_0" id="001BD726-4B7F-1E77-AE2D-9D38E2E7270E">
<sourceConnName>Browser@C01L</sourceConnName>
<sourceObjName>CLAS_ADMINISTRATOR</sourceObjName>
<createdBy>duncan.taylor</createdBy>
<createdTime>2018-07-31 12:33:13 UTC</createdTime>
<ownerDesignName>cdb_morphmaster</ownerDesignName>
<permissions>
<Permission class="oracle.dbtools.crest.model.design.storage.oracle.v10g.PermissionsOraclev10g" name="Permissions59" id="B7DBBFE1-C215-9E47-1001-772704D0B0BB">
<createdBy>duncan.taylor</createdBy>
<createdTime>2018-07-31 12:33:13 UTC</createdTime>
<ownerDesignName>cdb_morphmaster</ownerDesignName>
<privileges>DELETE, INSERT, SELECT, UPDATE</privileges>
<table>5BD92544-468E-6D64-0B1B-4D284AE3712A</table>
</Permission>
</permissions>
</RoleOraclev10g>