<?xml version = '1.0' encoding = 'UTF-8'?>
<RoleOraclev10g class="oracle.dbtools.crest.model.design.storage.oracle.v10g.RoleOraclev10g" name="GENERAL_ADMINISTRATOR" directorySegmentName="seg_0" id="5E86CAFD-CE45-45AC-2FFB-0F9596A4DEAE">
<sourceConnName>Browser@C01L</sourceConnName>
<sourceObjName>GENERAL_ADMINISTRATOR</sourceObjName>
<createdBy>duncan.taylor</createdBy>
<createdTime>2018-07-31 12:33:13 UTC</createdTime>
<ownerDesignName>cdb_morphmaster</ownerDesignName>
<permissions>
<Permission class="oracle.dbtools.crest.model.design.storage.oracle.v10g.PermissionsOraclev10g" name="Permissions62" id="7D0BF6F3-E5A5-A846-8909-43D6FB929064">
<createdBy>duncan.taylor</createdBy>
<createdTime>2018-07-31 12:33:13 UTC</createdTime>
<ownerDesignName>cdb_morphmaster</ownerDesignName>
<privileges>DELETE, INSERT, SELECT, UPDATE</privileges>
<table>3B4E3AF7-295A-07D0-46DA-4E14FA343AF7</table>
</Permission>
<Permission class="oracle.dbtools.crest.model.design.storage.oracle.v10g.PermissionsOraclev10g" name="Permissions64" id="4D4E7A34-74A5-0EDB-E11A-8420E200B119">
<createdBy>duncan.taylor</createdBy>
<createdTime>2018-07-31 12:33:13 UTC</createdTime>
<ownerDesignName>cdb_morphmaster</ownerDesignName>
<privileges>DELETE, INSERT, SELECT, UPDATE</privileges>
<table>F6329F25-9033-2C20-DA7D-6B215A361D59</table>
</Permission>
</permissions>
</RoleOraclev10g>