<?xml version = '1.0' encoding = 'UTF-8'?>
<RoleOraclev10g class="oracle.dbtools.crest.model.design.storage.oracle.v10g.RoleOraclev10g" name="MORPHOLOGY_USER" directorySegmentName="seg_0" id="686A2097-CB20-C2F2-ECF8-0B8C148D884B">
<sourceConnName>Browser@C01L</sourceConnName>
<sourceObjName>MORPHOLOGY_USER</sourceObjName>
<createdBy>duncan.taylor</createdBy>
<createdTime>2018-07-31 12:33:13 UTC</createdTime>
<ownerDesignName>cdb_morphmaster</ownerDesignName>
<permissions>
<Permission class="oracle.dbtools.crest.model.design.storage.oracle.v10g.PermissionsOraclev10g" name="Permissions100" id="AD2DB842-7B44-A535-BBE6-9D3A64D6D8E3">
<createdBy>duncan.taylor</createdBy>
<createdTime>2018-07-31 12:33:13 UTC</createdTime>
<ownerDesignName>cdb_morphmaster</ownerDesignName>
<privileges>SELECT</privileges>
<table>C3ECBF8C-C7EC-1083-3080-C40377AA1E20</table>
</Permission>
<Permission class="oracle.dbtools.crest.model.design.storage.oracle.v10g.PermissionsOraclev10g" name="Permissions103" id="1FB58B6A-1FCF-E034-B8FE-5EB53E8899F5">
<createdBy>duncan.taylor</createdBy>
<createdTime>2018-07-31 12:33:13 UTC</createdTime>
<ownerDesignName>cdb_morphmaster</ownerDesignName>
<privileges>INSERT, SELECT, UPDATE</privileges>
<table>44B9D5E7-11E9-B6E8-A6DF-A53AA562FB38</table>
</Permission>
<Permission class="oracle.dbtools.crest.model.design.storage.oracle.v10g.PermissionsOraclev10g" name="Permissions106" id="3ABA33F2-EF6D-A07C-EE06-E6CE0D1E9979">
<createdBy>duncan.taylor</createdBy>
<createdTime>2018-07-31 12:33:13 UTC</createdTime>
<ownerDesignName>cdb_morphmaster</ownerDesignName>
<privileges>DELETE, INSERT, SELECT, UPDATE</privileges>
<table>699BE86F-97C6-2976-D434-2D5C1B6392B2</table>
</Permission>
<Permission class="oracle.dbtools.crest.model.design.storage.oracle.v10g.PermissionsOraclev10g" name="Permissions109" id="92678889-F9C6-1409-7367-E2A050C7C4BF">
<createdBy>duncan.taylor</createdBy>
<createdTime>2018-07-31 12:33:13 UTC</createdTime>
<ownerDesignName>cdb_morphmaster</ownerDesignName>
<privileges>INSERT, SELECT, UPDATE</privileges>
<table>A28C63F3-F697-E9F3-6893-319D9685EAF5</table>
</Permission>
<Permission class="oracle.dbtools.crest.model.design.storage.oracle.v10g.PermissionsOraclev10g" name="Permissions112" id="A3912749-413C-AE0D-F44D-4E4DA26FB45E">
<createdBy>duncan.taylor</createdBy>
<createdTime>2018-07-31 12:33:13 UTC</createdTime>
<ownerDesignName>cdb_morphmaster</ownerDesignName>
<privileges>INSERT, SELECT, UPDATE</privileges>
<table>CFA0D3D5-ECDA-53E5-AA81-92FC013187CF</table>
</Permission>
<Permission class="oracle.dbtools.crest.model.design.storage.oracle.v10g.PermissionsOraclev10g" name="Permissions115" id="5C80AC8B-E2E7-83AB-3BDA-FD9E95EE5BA4">
<createdBy>duncan.taylor</createdBy>
<createdTime>2018-07-31 12:33:13 UTC</createdTime>
<ownerDesignName>cdb_morphmaster</ownerDesignName>
<privileges>SELECT</privileges>
<table>F112AFB2-A363-E0D5-F172-1E6E71EC0B28</table>
</Permission>
<Permission class="oracle.dbtools.crest.model.design.storage.oracle.v10g.PermissionsOraclev10g" name="Permissions118" id="E0D3C10C-C545-2889-1AE3-5B0A93851A05">
<createdBy>duncan.taylor</createdBy>
<createdTime>2018-07-31 12:33:13 UTC</createdTime>
<ownerDesignName>cdb_morphmaster</ownerDesignName>
<privileges>DELETE, INSERT, SELECT, UPDATE</privileges>
<table>22F04381-97A8-F624-914F-14C5F7804772</table>
</Permission>
<Permission class="oracle.dbtools.crest.model.design.storage.oracle.v10g.PermissionsOraclev10g" name="Permissions12" id="1D662FD3-46CA-1E72-BC75-631DD0D4ABAE">
<createdBy>duncan.taylor</createdBy>
<createdTime>2018-07-31 12:33:13 UTC</createdTime>
<ownerDesignName>cdb_morphmaster</ownerDesignName>
<privileges>SELECT</privileges>
<view>C8DC4891-4DA6-FFAD-86EE-42E5A8FE6CF1</view>
</Permission>
<Permission class="oracle.dbtools.crest.model.design.storage.oracle.v10g.PermissionsOraclev10g" name="Permissions121" id="43105A64-2DC0-8217-6361-FBDC12CB939A">
<createdBy>duncan.taylor</createdBy>
<createdTime>2018-07-31 12:33:13 UTC</createdTime>
<ownerDesignName>cdb_morphmaster</ownerDesignName>
<privileges>INSERT, SELECT, UPDATE</privileges>
<table>E421FD0A-A74B-C3E7-1DD5-9CAD0C35FF20</table>
</Permission>
<Permission class="oracle.dbtools.crest.model.design.storage.oracle.v10g.PermissionsOraclev10g" name="Permissions124" id="823C0AFD-0FAF-3D0D-92A8-5B40D45E6338">
<createdBy>duncan.taylor</createdBy>
<createdTime>2018-07-31 12:33:13 UTC</createdTime>
<ownerDesignName>cdb_morphmaster</ownerDesignName>
<privileges>INSERT, SELECT, UPDATE</privileges>
<table>FBC01113-E0D1-B5CF-B00E-FF01419565A7</table>
</Permission>
<Permission class="oracle.dbtools.crest.model.design.storage.oracle.v10g.PermissionsOraclev10g" name="Permissions127" id="7C5C2C6D-2759-ECE0-FF7B-AF1AB4D5BD55">
<createdBy>duncan.taylor</createdBy>
<createdTime>2018-07-31 12:33:13 UTC</createdTime>
<ownerDesignName>cdb_morphmaster</ownerDesignName>
<privileges>INSERT, SELECT, UPDATE</privileges>
<table>D7D8256D-6F98-3C13-700C-C5ED9E1E8E96</table>
</Permission>
<Permission class="oracle.dbtools.crest.model.design.storage.oracle.v10g.PermissionsOraclev10g" name="Permissions130" id="3E48AC9A-A73E-027A-74E5-904C33C756AC">
<createdBy>duncan.taylor</createdBy>
<createdTime>2018-07-31 12:33:13 UTC</createdTime>
<ownerDesignName>cdb_morphmaster</ownerDesignName>
<privileges>INSERT, SELECT, UPDATE</privileges>
<table>0B7CA974-4DD5-1864-DA5A-C3CCFC0DBF92</table>
</Permission>
<Permission class="oracle.dbtools.crest.model.design.storage.oracle.v10g.PermissionsOraclev10g" name="Permissions133" id="724A793F-3355-430E-DF0B-24C045BA0BC8">
<createdBy>duncan.taylor</createdBy>
<createdTime>2018-07-31 12:33:13 UTC</createdTime>
<ownerDesignName>cdb_morphmaster</ownerDesignName>
<privileges>INSERT, SELECT, UPDATE</privileges>
<table>E8106C5B-C6D3-3161-6F56-53CA9BA876D5</table>
</Permission>
<Permission class="oracle.dbtools.crest.model.design.storage.oracle.v10g.PermissionsOraclev10g" name="Permissions136" id="20962869-4EE9-AFD2-B762-38C8871EC9AA">
<createdBy>duncan.taylor</createdBy>
<createdTime>2018-07-31 12:33:13 UTC</createdTime>
<ownerDesignName>cdb_morphmaster</ownerDesignName>
<privileges>INSERT, SELECT, UPDATE</privileges>
<table>D71286C7-DE94-2064-54A8-A63C056924E2</table>
</Permission>
<Permission class="oracle.dbtools.crest.model.design.storage.oracle.v10g.PermissionsOraclev10g" name="Permissions139" id="FA15A0CF-1A09-A81A-E413-87BF1D1DF39C">
<createdBy>duncan.taylor</createdBy>
<createdTime>2018-07-31 12:33:13 UTC</createdTime>
<ownerDesignName>cdb_morphmaster</ownerDesignName>
<privileges>INSERT, SELECT, UPDATE</privileges>
<table>546AA26A-5467-AB53-C6FF-80681533B4B5</table>
</Permission>
<Permission class="oracle.dbtools.crest.model.design.storage.oracle.v10g.PermissionsOraclev10g" name="Permissions142" id="94D8895A-F598-CCEB-884D-59DA7873F393">
<createdBy>duncan.taylor</createdBy>
<createdTime>2018-07-31 12:33:13 UTC</createdTime>
<ownerDesignName>cdb_morphmaster</ownerDesignName>
<privileges>INSERT, SELECT, UPDATE</privileges>
<table>28E10A57-C8E2-88BD-49C2-8D2426D9AADB</table>
</Permission>
<Permission class="oracle.dbtools.crest.model.design.storage.oracle.v10g.PermissionsOraclev10g" name="Permissions145" id="FA19EF7F-816E-93AC-638E-B03B2498ABD7">
<createdBy>duncan.taylor</createdBy>
<createdTime>2018-07-31 12:33:13 UTC</createdTime>
<ownerDesignName>cdb_morphmaster</ownerDesignName>
<privileges>DELETE, INSERT, SELECT, UPDATE</privileges>
<table>30CF2BA5-37BC-FE00-52AA-8B6A280272CD</table>
</Permission>
<Permission class="oracle.dbtools.crest.model.design.storage.oracle.v10g.PermissionsOraclev10g" name="Permissions148" id="55B2F011-2125-B490-54C7-CB8CF6AF5212">
<createdBy>duncan.taylor</createdBy>
<createdTime>2018-07-31 12:33:13 UTC</createdTime>
<ownerDesignName>cdb_morphmaster</ownerDesignName>
<privileges>DELETE, INSERT, SELECT, UPDATE</privileges>
<table>30C94BF6-2599-DFC6-69C0-F39E71616FF8</table>
</Permission>
<Permission class="oracle.dbtools.crest.model.design.storage.oracle.v10g.PermissionsOraclev10g" name="Permissions15" id="8342FC9E-EB56-C9E8-6A49-A0E0F75E027D">
<createdBy>duncan.taylor</createdBy>
<createdTime>2018-07-31 12:33:13 UTC</createdTime>
<ownerDesignName>cdb_morphmaster</ownerDesignName>
<privileges>SELECT</privileges>
<view>14DC059B-5269-3D6C-F70D-FB15E5B35667</view>
</Permission>
<Permission class="oracle.dbtools.crest.model.design.storage.oracle.v10g.PermissionsOraclev10g" name="Permissions151" id="2E75B3E8-E98D-C14F-CAB5-6EA1F7FC8C8D">
<createdBy>duncan.taylor</createdBy>
<createdTime>2018-07-31 12:33:13 UTC</createdTime>
<ownerDesignName>cdb_morphmaster</ownerDesignName>
<privileges>DELETE, INSERT, SELECT, UPDATE</privileges>
<table>D99CEAB8-19B9-F7FE-4AC2-09D907AF3692</table>
</Permission>
<Permission class="oracle.dbtools.crest.model.design.storage.oracle.v10g.PermissionsOraclev10g" name="Permissions154" id="962137D0-70CA-2CC7-10EF-CFBBB0709377">
<createdBy>duncan.taylor</createdBy>
<createdTime>2018-07-31 12:33:13 UTC</createdTime>
<ownerDesignName>cdb_morphmaster</ownerDesignName>
<privileges>INSERT, SELECT, UPDATE</privileges>
<table>30DB35CC-5FFD-E059-03EF-8BEE67F2FB49</table>
</Permission>
<Permission class="oracle.dbtools.crest.model.design.storage.oracle.v10g.PermissionsOraclev10g" name="Permissions157" id="62D36813-ADDB-9521-D231-C05F26140FFF">
<createdBy>duncan.taylor</createdBy>
<createdTime>2018-07-31 12:33:13 UTC</createdTime>
<ownerDesignName>cdb_morphmaster</ownerDesignName>
<privileges>INSERT, SELECT, UPDATE</privileges>
<table>9450A56E-691F-0248-05B2-728CD224C8DC</table>
</Permission>
<Permission class="oracle.dbtools.crest.model.design.storage.oracle.v10g.PermissionsOraclev10g" name="Permissions160" id="D5240358-269C-682E-1A3C-2436D13271B9">
<createdBy>duncan.taylor</createdBy>
<createdTime>2018-07-31 12:33:13 UTC</createdTime>
<ownerDesignName>cdb_morphmaster</ownerDesignName>
<privileges>INSERT, SELECT, UPDATE</privileges>
<table>596C9C6B-FB76-D99A-8433-E12A50A44EAE</table>
</Permission>
<Permission class="oracle.dbtools.crest.model.design.storage.oracle.v10g.PermissionsOraclev10g" name="Permissions163" id="3F0C8492-29E6-F4DA-2F6E-0A21FFFF1520">
<createdBy>duncan.taylor</createdBy>
<createdTime>2018-07-31 12:33:13 UTC</createdTime>
<ownerDesignName>cdb_morphmaster</ownerDesignName>
<privileges>INSERT, SELECT, UPDATE</privileges>
<table>C4177279-BB48-6149-E286-5DBCCFA6AAAC</table>
</Permission>
<Permission class="oracle.dbtools.crest.model.design.storage.oracle.v10g.PermissionsOraclev10g" name="Permissions166" id="1E46E6CC-313A-B620-0259-9E1D65177AC1">
<createdBy>duncan.taylor</createdBy>
<createdTime>2018-07-31 12:33:13 UTC</createdTime>
<ownerDesignName>cdb_morphmaster</ownerDesignName>
<privileges>INSERT, SELECT, UPDATE</privileges>
<table>7AC8A963-DA5E-EBE9-3F55-DD217EEB4B72</table>
</Permission>
<Permission class="oracle.dbtools.crest.model.design.storage.oracle.v10g.PermissionsOraclev10g" name="Permissions169" id="6E07CFFB-A446-4AD8-7D75-655CC9C78EA4">
<createdBy>duncan.taylor</createdBy>
<createdTime>2018-07-31 12:33:13 UTC</createdTime>
<ownerDesignName>cdb_morphmaster</ownerDesignName>
<privileges>INSERT, SELECT, UPDATE</privileges>
<table>66B08357-2E4D-5FA3-15A6-57CA465884BF</table>
</Permission>
<Permission class="oracle.dbtools.crest.model.design.storage.oracle.v10g.PermissionsOraclev10g" name="Permissions18" id="DFC014A7-F4B3-58C2-4E7B-D83405EFD4D3">
<createdBy>duncan.taylor</createdBy>
<createdTime>2018-07-31 12:33:13 UTC</createdTime>
<ownerDesignName>cdb_morphmaster</ownerDesignName>
<privileges>SELECT</privileges>
<view>1F9EB711-0D38-1F07-81DB-7247DE134136</view>
</Permission>
<Permission class="oracle.dbtools.crest.model.design.storage.oracle.v10g.PermissionsOraclev10g" name="Permissions21" id="198AA549-C120-CB31-2C2F-422D6FA81DC4">
<createdBy>duncan.taylor</createdBy>
<createdTime>2018-07-31 12:33:13 UTC</createdTime>
<ownerDesignName>cdb_morphmaster</ownerDesignName>
<privileges>SELECT</privileges>
<view>D6A69B3A-8DFF-669A-5B26-E3FD26E0E8D3</view>
</Permission>
<Permission class="oracle.dbtools.crest.model.design.storage.oracle.v10g.PermissionsOraclev10g" name="Permissions25" id="6C7539C0-690C-3E03-C85A-DF01935B412D">
<createdBy>duncan.taylor</createdBy>
<createdTime>2018-07-31 12:33:13 UTC</createdTime>
<ownerDesignName>cdb_morphmaster</ownerDesignName>
<privileges>SELECT</privileges>
<view>6AAD99F2-9B81-7490-BF21-15AEF6782E63</view>
</Permission>
<Permission class="oracle.dbtools.crest.model.design.storage.oracle.v10g.PermissionsOraclev10g" name="Permissions28" id="53893392-8A0D-2992-55ED-8B35F06059EF">
<createdBy>duncan.taylor</createdBy>
<createdTime>2018-07-31 12:33:13 UTC</createdTime>
<ownerDesignName>cdb_morphmaster</ownerDesignName>
<privileges>SELECT</privileges>
<view>7F6CBA0E-5690-3F61-F6E8-AACD5B9BC52D</view>
</Permission>
<Permission class="oracle.dbtools.crest.model.design.storage.oracle.v10g.PermissionsOraclev10g" name="Permissions3" id="5142A090-3CA2-03A9-878E-88D098F21B0C">
<createdBy>duncan.taylor</createdBy>
<createdTime>2018-07-31 12:33:13 UTC</createdTime>
<ownerDesignName>cdb_morphmaster</ownerDesignName>
<privileges>SELECT</privileges>
<view>B7B17ABD-547D-7493-E4CB-E2D6158E83A4</view>
</Permission>
<Permission class="oracle.dbtools.crest.model.design.storage.oracle.v10g.PermissionsOraclev10g" name="Permissions31" id="B616BEF7-5C68-749B-49B6-8A8E39C964D0">
<createdBy>duncan.taylor</createdBy>
<createdTime>2018-07-31 12:33:13 UTC</createdTime>
<ownerDesignName>cdb_morphmaster</ownerDesignName>
<privileges>SELECT</privileges>
<view>7C262D1E-30DC-E612-E9A8-C1BDB21C5D32</view>
</Permission>
<Permission class="oracle.dbtools.crest.model.design.storage.oracle.v10g.PermissionsOraclev10g" name="Permissions6" id="6D23B869-4086-4EC6-0BEA-2534C8E73228">
<createdBy>duncan.taylor</createdBy>
<createdTime>2018-07-31 12:33:13 UTC</createdTime>
<ownerDesignName>cdb_morphmaster</ownerDesignName>
<privileges>SELECT</privileges>
<view>E55D089E-D438-31F7-A63E-9CFD7AA6A951</view>
</Permission>
<Permission class="oracle.dbtools.crest.model.design.storage.oracle.v10g.PermissionsOraclev10g" name="Permissions67" id="31A01198-1A82-E398-4BE9-330424C05F44">
<createdBy>duncan.taylor</createdBy>
<createdTime>2018-07-31 12:33:13 UTC</createdTime>
<ownerDesignName>cdb_morphmaster</ownerDesignName>
<privileges>INSERT, SELECT, UPDATE</privileges>
<table>230D76D0-EE8E-01F5-D95C-939C0CF926B2</table>
</Permission>
<Permission class="oracle.dbtools.crest.model.design.storage.oracle.v10g.PermissionsOraclev10g" name="Permissions70" id="BF9CE96D-8590-9AE2-34AC-D839503870E2">
<createdBy>duncan.taylor</createdBy>
<createdTime>2018-07-31 12:33:13 UTC</createdTime>
<ownerDesignName>cdb_morphmaster</ownerDesignName>
<privileges>INSERT, SELECT, UPDATE</privileges>
<table>26F59A68-F4F2-2EF6-A67B-7A3ED3FC839C</table>
</Permission>
<Permission class="oracle.dbtools.crest.model.design.storage.oracle.v10g.PermissionsOraclev10g" name="Permissions73" id="9242730D-75E9-5AB0-9921-EE6FB39C9CCE">
<createdBy>duncan.taylor</createdBy>
<createdTime>2018-07-31 12:33:13 UTC</createdTime>
<ownerDesignName>cdb_morphmaster</ownerDesignName>
<privileges>INSERT, SELECT, UPDATE</privileges>
<table>57498EF2-0161-F24E-2FAD-AD8C36137DA6</table>
</Permission>
<Permission class="oracle.dbtools.crest.model.design.storage.oracle.v10g.PermissionsOraclev10g" name="Permissions76" id="DE10371F-F966-C063-A075-B9631D33C1C1">
<createdBy>duncan.taylor</createdBy>
<createdTime>2018-07-31 12:33:13 UTC</createdTime>
<ownerDesignName>cdb_morphmaster</ownerDesignName>
<privileges>INSERT, SELECT, UPDATE</privileges>
<table>D14D807D-D862-C12A-21E8-779F910D5C60</table>
</Permission>
<Permission class="oracle.dbtools.crest.model.design.storage.oracle.v10g.PermissionsOraclev10g" name="Permissions79" id="04D1FE22-63D9-387F-75FC-092310A7443A">
<createdBy>duncan.taylor</createdBy>
<createdTime>2018-07-31 12:33:13 UTC</createdTime>
<ownerDesignName>cdb_morphmaster</ownerDesignName>
<privileges>INSERT, SELECT, UPDATE</privileges>
<table>33B24BBD-2FBB-87B9-4785-AFBE0482107A</table>
</Permission>
<Permission class="oracle.dbtools.crest.model.design.storage.oracle.v10g.PermissionsOraclev10g" name="Permissions82" id="F8AFDFBA-09BF-783B-E286-3A3474509029">
<createdBy>duncan.taylor</createdBy>
<createdTime>2018-07-31 12:33:13 UTC</createdTime>
<ownerDesignName>cdb_morphmaster</ownerDesignName>
<privileges>INSERT, SELECT, UPDATE</privileges>
<table>6E9BA383-CBF0-3DBB-E440-1E11E7C63837</table>
</Permission>
<Permission class="oracle.dbtools.crest.model.design.storage.oracle.v10g.PermissionsOraclev10g" name="Permissions85" id="A216469B-47DA-C4D7-E50C-57C6E04224EF">
<createdBy>duncan.taylor</createdBy>
<createdTime>2018-07-31 12:33:13 UTC</createdTime>
<ownerDesignName>cdb_morphmaster</ownerDesignName>
<privileges>INSERT, SELECT, UPDATE</privileges>
<table>DFFF3846-F86F-302A-6AC2-2A430933896A</table>
</Permission>
<Permission class="oracle.dbtools.crest.model.design.storage.oracle.v10g.PermissionsOraclev10g" name="Permissions88" id="955F154D-F79F-3D30-BC1E-07F897FB7D8C">
<createdBy>duncan.taylor</createdBy>
<createdTime>2018-07-31 12:33:13 UTC</createdTime>
<ownerDesignName>cdb_morphmaster</ownerDesignName>
<privileges>INSERT, SELECT, UPDATE</privileges>
<table>75A99719-2128-7FF5-12C9-BE1A2E993C7C</table>
</Permission>
<Permission class="oracle.dbtools.crest.model.design.storage.oracle.v10g.PermissionsOraclev10g" name="Permissions9" id="63C622ED-F441-B29B-B02B-4120E55696EF">
<createdBy>duncan.taylor</createdBy>
<createdTime>2018-07-31 12:33:13 UTC</createdTime>
<ownerDesignName>cdb_morphmaster</ownerDesignName>
<privileges>SELECT</privileges>
<view>6982B3BA-E02B-215C-CD80-4914470526D5</view>
</Permission>
<Permission class="oracle.dbtools.crest.model.design.storage.oracle.v10g.PermissionsOraclev10g" name="Permissions91" id="0FE72BED-F503-ECCA-A9E2-45D2D46D8B0D">
<createdBy>duncan.taylor</createdBy>
<createdTime>2018-07-31 12:33:13 UTC</createdTime>
<ownerDesignName>cdb_morphmaster</ownerDesignName>
<privileges>INSERT, SELECT, UPDATE</privileges>
<table>2946D50B-70FA-1723-46DA-E5AF75037674</table>
</Permission>
<Permission class="oracle.dbtools.crest.model.design.storage.oracle.v10g.PermissionsOraclev10g" name="Permissions94" id="FB892116-C8D0-BE39-AB82-A65920FA6973">
<createdBy>duncan.taylor</createdBy>
<createdTime>2018-07-31 12:33:13 UTC</createdTime>
<ownerDesignName>cdb_morphmaster</ownerDesignName>
<privileges>INSERT, SELECT, UPDATE</privileges>
<table>A01F1EF3-5B10-ECD1-33CF-87B87F868596</table>
</Permission>
<Permission class="oracle.dbtools.crest.model.design.storage.oracle.v10g.PermissionsOraclev10g" name="Permissions97" id="AD7FD570-647A-F6AB-A70B-9701DB817F61">
<createdBy>duncan.taylor</createdBy>
<createdTime>2018-07-31 12:33:13 UTC</createdTime>
<ownerDesignName>cdb_morphmaster</ownerDesignName>
<privileges>INSERT, SELECT, UPDATE</privileges>
<table>96774B7B-9789-72E5-A308-55FB71F12DFE</table>
</Permission>
</permissions>
</RoleOraclev10g>