<?xml version = '1.0' encoding = 'UTF-8'?>
<RoleOraclev10g class="oracle.dbtools.crest.model.design.storage.oracle.v10g.RoleOraclev10g" name="CLAS_USER" directorySegmentName="seg_0" id="77136D83-3F7A-D167-1C0D-61AB0F0D5FE6">
<sourceConnName>Browser@C01L</sourceConnName>
<sourceObjName>CLAS_USER</sourceObjName>
<createdBy>duncan.taylor</createdBy>
<createdTime>2018-07-31 12:33:13 UTC</createdTime>
<ownerDesignName>cdb_morphmaster</ownerDesignName>
<permissions>
<Permission class="oracle.dbtools.crest.model.design.storage.oracle.v10g.PermissionsOraclev10g" name="Permissions60" id="0951B901-9003-966E-DCC8-BE0341A2864C">
<createdBy>duncan.taylor</createdBy>
<createdTime>2018-07-31 12:33:13 UTC</createdTime>
<ownerDesignName>cdb_morphmaster</ownerDesignName>
<privileges>INSERT, SELECT, UPDATE</privileges>
<table>5BD92544-468E-6D64-0B1B-4D284AE3712A</table>
</Permission>
</permissions>
</RoleOraclev10g>