<?xml version = '1.0' encoding = 'UTF-8'?>
<RoleOraclev10g class="oracle.dbtools.crest.model.design.storage.oracle.v10g.RoleOraclev10g" name="MORPHOLOGY_ADMINISTRATOR" directorySegmentName="seg_0" id="B2C7B87B-C707-2A2C-AB6C-D8B8B0B9A3BF">
<sourceConnName>Browser@C01L</sourceConnName>
<sourceObjName>MORPHOLOGY_ADMINISTRATOR</sourceObjName>
<createdBy>duncan.taylor</createdBy>
<createdTime>2018-07-31 12:33:13 UTC</createdTime>
<ownerDesignName>cdb_morphmaster</ownerDesignName>
<permissions>
<Permission class="oracle.dbtools.crest.model.design.storage.oracle.v10g.PermissionsOraclev10g" name="Permissions102" id="D72524D2-8C5C-3356-29C5-B15857611D0F">
<createdBy>duncan.taylor</createdBy>
<createdTime>2018-07-31 12:33:13 UTC</createdTime>
<ownerDesignName>cdb_morphmaster</ownerDesignName>
<privileges>DELETE, INSERT, SELECT, UPDATE</privileges>
<table>44B9D5E7-11E9-B6E8-A6DF-A53AA562FB38</table>
</Permission>
<Permission class="oracle.dbtools.crest.model.design.storage.oracle.v10g.PermissionsOraclev10g" name="Permissions105" id="DD998E86-C314-5CBB-128F-530AF857054B">
<createdBy>duncan.taylor</createdBy>
<createdTime>2018-07-31 12:33:13 UTC</createdTime>
<ownerDesignName>cdb_morphmaster</ownerDesignName>
<privileges>DELETE, INSERT, SELECT, UPDATE</privileges>
<table>699BE86F-97C6-2976-D434-2D5C1B6392B2</table>
</Permission>
<Permission class="oracle.dbtools.crest.model.design.storage.oracle.v10g.PermissionsOraclev10g" name="Permissions108" id="13626B0E-AEA0-A03D-82AF-C37343E286AF">
<createdBy>duncan.taylor</createdBy>
<createdTime>2018-07-31 12:33:13 UTC</createdTime>
<ownerDesignName>cdb_morphmaster</ownerDesignName>
<privileges>DELETE, INSERT, SELECT, UPDATE</privileges>
<table>A28C63F3-F697-E9F3-6893-319D9685EAF5</table>
</Permission>
<Permission class="oracle.dbtools.crest.model.design.storage.oracle.v10g.PermissionsOraclev10g" name="Permissions11" id="EF6B5A85-CBAA-FD0F-A67C-7F42733FEB74">
<createdBy>duncan.taylor</createdBy>
<createdTime>2018-07-31 12:33:13 UTC</createdTime>
<ownerDesignName>cdb_morphmaster</ownerDesignName>
<privileges>SELECT</privileges>
<view>C8DC4891-4DA6-FFAD-86EE-42E5A8FE6CF1</view>
</Permission>
<Permission class="oracle.dbtools.crest.model.design.storage.oracle.v10g.PermissionsOraclev10g" name="Permissions111" id="580FA5B9-83A1-6361-41C0-A11F1A1627B3">
<createdBy>duncan.taylor</createdBy>
<createdTime>2018-07-31 12:33:13 UTC</createdTime>
<ownerDesignName>cdb_morphmaster</ownerDesignName>
<privileges>DELETE, INSERT, SELECT, UPDATE</privileges>
<table>CFA0D3D5-ECDA-53E5-AA81-92FC013187CF</table>
</Permission>
<Permission class="oracle.dbtools.crest.model.design.storage.oracle.v10g.PermissionsOraclev10g" name="Permissions114" id="763A16AE-25CE-F029-BADF-CBE1557705D1">
<createdBy>duncan.taylor</createdBy>
<createdTime>2018-07-31 12:33:13 UTC</createdTime>
<ownerDesignName>cdb_morphmaster</ownerDesignName>
<privileges>SELECT</privileges>
<table>F112AFB2-A363-E0D5-F172-1E6E71EC0B28</table>
</Permission>
<Permission class="oracle.dbtools.crest.model.design.storage.oracle.v10g.PermissionsOraclev10g" name="Permissions117" id="6BA713DC-CEF6-5BE9-43A9-8D7B5CB2ADAC">
<createdBy>duncan.taylor</createdBy>
<createdTime>2018-07-31 12:33:13 UTC</createdTime>
<ownerDesignName>cdb_morphmaster</ownerDesignName>
<privileges>DELETE, INSERT, SELECT, UPDATE</privileges>
<table>22F04381-97A8-F624-914F-14C5F7804772</table>
</Permission>
<Permission class="oracle.dbtools.crest.model.design.storage.oracle.v10g.PermissionsOraclev10g" name="Permissions120" id="94C401A4-B601-5283-B514-094D87B31F20">
<createdBy>duncan.taylor</createdBy>
<createdTime>2018-07-31 12:33:13 UTC</createdTime>
<ownerDesignName>cdb_morphmaster</ownerDesignName>
<privileges>DELETE, INSERT, SELECT, UPDATE</privileges>
<table>E421FD0A-A74B-C3E7-1DD5-9CAD0C35FF20</table>
</Permission>
<Permission class="oracle.dbtools.crest.model.design.storage.oracle.v10g.PermissionsOraclev10g" name="Permissions123" id="AF214BCC-CFBD-0DDD-1D4B-D8B826BF8B94">
<createdBy>duncan.taylor</createdBy>
<createdTime>2018-07-31 12:33:13 UTC</createdTime>
<ownerDesignName>cdb_morphmaster</ownerDesignName>
<privileges>DELETE, INSERT, SELECT, UPDATE</privileges>
<table>FBC01113-E0D1-B5CF-B00E-FF01419565A7</table>
</Permission>
<Permission class="oracle.dbtools.crest.model.design.storage.oracle.v10g.PermissionsOraclev10g" name="Permissions126" id="4D9DAA12-784C-D0ED-F899-AB50480505BE">
<createdBy>duncan.taylor</createdBy>
<createdTime>2018-07-31 12:33:13 UTC</createdTime>
<ownerDesignName>cdb_morphmaster</ownerDesignName>
<privileges>DELETE, INSERT, SELECT, UPDATE</privileges>
<table>D7D8256D-6F98-3C13-700C-C5ED9E1E8E96</table>
</Permission>
<Permission class="oracle.dbtools.crest.model.design.storage.oracle.v10g.PermissionsOraclev10g" name="Permissions129" id="C325EDBC-1B6B-E928-6E5A-004DFAFE8A32">
<createdBy>duncan.taylor</createdBy>
<createdTime>2018-07-31 12:33:13 UTC</createdTime>
<ownerDesignName>cdb_morphmaster</ownerDesignName>
<privileges>DELETE, INSERT, SELECT, UPDATE</privileges>
<table>0B7CA974-4DD5-1864-DA5A-C3CCFC0DBF92</table>
</Permission>
<Permission class="oracle.dbtools.crest.model.design.storage.oracle.v10g.PermissionsOraclev10g" name="Permissions132" id="7BF10B33-35EB-7F24-4E8C-5EAD6FA634E0">
<createdBy>duncan.taylor</createdBy>
<createdTime>2018-07-31 12:33:13 UTC</createdTime>
<ownerDesignName>cdb_morphmaster</ownerDesignName>
<privileges>DELETE, INSERT, SELECT, UPDATE</privileges>
<table>E8106C5B-C6D3-3161-6F56-53CA9BA876D5</table>
</Permission>
<Permission class="oracle.dbtools.crest.model.design.storage.oracle.v10g.PermissionsOraclev10g" name="Permissions135" id="F59E64FA-1C43-4E17-CBD3-968F6DB2D469">
<createdBy>duncan.taylor</createdBy>
<createdTime>2018-07-31 12:33:13 UTC</createdTime>
<ownerDesignName>cdb_morphmaster</ownerDesignName>
<privileges>DELETE, INSERT, SELECT, UPDATE</privileges>
<table>D71286C7-DE94-2064-54A8-A63C056924E2</table>
</Permission>
<Permission class="oracle.dbtools.crest.model.design.storage.oracle.v10g.PermissionsOraclev10g" name="Permissions138" id="B50DA7A7-7021-41B7-5329-C83123082F10">
<createdBy>duncan.taylor</createdBy>
<createdTime>2018-07-31 12:33:13 UTC</createdTime>
<ownerDesignName>cdb_morphmaster</ownerDesignName>
<privileges>DELETE, INSERT, SELECT, UPDATE</privileges>
<table>546AA26A-5467-AB53-C6FF-80681533B4B5</table>
</Permission>
<Permission class="oracle.dbtools.crest.model.design.storage.oracle.v10g.PermissionsOraclev10g" name="Permissions14" id="BA74FDE3-095C-3C18-A1A3-A8E10B2C3C00">
<createdBy>duncan.taylor</createdBy>
<createdTime>2018-07-31 12:33:13 UTC</createdTime>
<ownerDesignName>cdb_morphmaster</ownerDesignName>
<privileges>SELECT</privileges>
<view>14DC059B-5269-3D6C-F70D-FB15E5B35667</view>
</Permission>
<Permission class="oracle.dbtools.crest.model.design.storage.oracle.v10g.PermissionsOraclev10g" name="Permissions141" id="A0A0581F-BEBE-9697-CFCE-EA0281F02F06">
<createdBy>duncan.taylor</createdBy>
<createdTime>2018-07-31 12:33:13 UTC</createdTime>
<ownerDesignName>cdb_morphmaster</ownerDesignName>
<privileges>ALTER, DELETE, INSERT, SELECT, UPDATE, ON COMMIT REFRESH, QUERY REWRITE, DEBUG, FLASHBACK</privileges>
<table>28E10A57-C8E2-88BD-49C2-8D2426D9AADB</table>
</Permission>
<Permission class="oracle.dbtools.crest.model.design.storage.oracle.v10g.PermissionsOraclev10g" name="Permissions144" id="03121957-378A-AC5B-3F2B-D65ADC367277">
<createdBy>duncan.taylor</createdBy>
<createdTime>2018-07-31 12:33:13 UTC</createdTime>
<ownerDesignName>cdb_morphmaster</ownerDesignName>
<privileges>DELETE, INSERT, SELECT, UPDATE</privileges>
<table>30CF2BA5-37BC-FE00-52AA-8B6A280272CD</table>
</Permission>
<Permission class="oracle.dbtools.crest.model.design.storage.oracle.v10g.PermissionsOraclev10g" name="Permissions147" id="59B505BC-3271-ABE9-F315-1B44BA9F5C29">
<createdBy>duncan.taylor</createdBy>
<createdTime>2018-07-31 12:33:13 UTC</createdTime>
<ownerDesignName>cdb_morphmaster</ownerDesignName>
<privileges>DELETE, INSERT, SELECT, UPDATE</privileges>
<table>30C94BF6-2599-DFC6-69C0-F39E71616FF8</table>
</Permission>
<Permission class="oracle.dbtools.crest.model.design.storage.oracle.v10g.PermissionsOraclev10g" name="Permissions150" id="D64CA64D-E614-091E-C12C-00DEAB448BD6">
<createdBy>duncan.taylor</createdBy>
<createdTime>2018-07-31 12:33:13 UTC</createdTime>
<ownerDesignName>cdb_morphmaster</ownerDesignName>
<privileges>DELETE, INSERT, SELECT, UPDATE</privileges>
<table>D99CEAB8-19B9-F7FE-4AC2-09D907AF3692</table>
</Permission>
<Permission class="oracle.dbtools.crest.model.design.storage.oracle.v10g.PermissionsOraclev10g" name="Permissions153" id="FE8E89FF-B5FD-7E7D-AC55-AAE5E05E8F7B">
<createdBy>duncan.taylor</createdBy>
<createdTime>2018-07-31 12:33:13 UTC</createdTime>
<ownerDesignName>cdb_morphmaster</ownerDesignName>
<privileges>DELETE, INSERT, SELECT, UPDATE</privileges>
<table>30DB35CC-5FFD-E059-03EF-8BEE67F2FB49</table>
</Permission>
<Permission class="oracle.dbtools.crest.model.design.storage.oracle.v10g.PermissionsOraclev10g" name="Permissions156" id="775FA441-2E03-9A8E-8DD9-68D43BAF21D1">
<createdBy>duncan.taylor</createdBy>
<createdTime>2018-07-31 12:33:13 UTC</createdTime>
<ownerDesignName>cdb_morphmaster</ownerDesignName>
<privileges>DELETE, INSERT, SELECT, UPDATE</privileges>
<table>9450A56E-691F-0248-05B2-728CD224C8DC</table>
</Permission>
<Permission class="oracle.dbtools.crest.model.design.storage.oracle.v10g.PermissionsOraclev10g" name="Permissions159" id="3C97C14C-57FD-EBFB-F490-376513A2742C">
<createdBy>duncan.taylor</createdBy>
<createdTime>2018-07-31 12:33:13 UTC</createdTime>
<ownerDesignName>cdb_morphmaster</ownerDesignName>
<privileges>DELETE, INSERT, SELECT, UPDATE</privileges>
<table>596C9C6B-FB76-D99A-8433-E12A50A44EAE</table>
</Permission>
<Permission class="oracle.dbtools.crest.model.design.storage.oracle.v10g.PermissionsOraclev10g" name="Permissions162" id="3E824371-D99F-71A3-E4A7-CEB97F6442C3">
<createdBy>duncan.taylor</createdBy>
<createdTime>2018-07-31 12:33:13 UTC</createdTime>
<ownerDesignName>cdb_morphmaster</ownerDesignName>
<privileges>DELETE, INSERT, SELECT, UPDATE</privileges>
<table>C4177279-BB48-6149-E286-5DBCCFA6AAAC</table>
</Permission>
<Permission class="oracle.dbtools.crest.model.design.storage.oracle.v10g.PermissionsOraclev10g" name="Permissions165" id="9989B14A-9F8C-807A-49DC-71B35026DD70">
<createdBy>duncan.taylor</createdBy>
<createdTime>2018-07-31 12:33:13 UTC</createdTime>
<ownerDesignName>cdb_morphmaster</ownerDesignName>
<privileges>DELETE, INSERT, SELECT, UPDATE</privileges>
<table>7AC8A963-DA5E-EBE9-3F55-DD217EEB4B72</table>
</Permission>
<Permission class="oracle.dbtools.crest.model.design.storage.oracle.v10g.PermissionsOraclev10g" name="Permissions168" id="0F0F257D-608A-8158-8B0D-63E0E14B1707">
<createdBy>duncan.taylor</createdBy>
<createdTime>2018-07-31 12:33:13 UTC</createdTime>
<ownerDesignName>cdb_morphmaster</ownerDesignName>
<privileges>DELETE, INSERT, SELECT, UPDATE</privileges>
<table>66B08357-2E4D-5FA3-15A6-57CA465884BF</table>
</Permission>
<Permission class="oracle.dbtools.crest.model.design.storage.oracle.v10g.PermissionsOraclev10g" name="Permissions17" id="B2AFF1EB-5E9F-79B4-E3D2-5C1291A83DF4">
<createdBy>duncan.taylor</createdBy>
<createdTime>2018-07-31 12:33:13 UTC</createdTime>
<ownerDesignName>cdb_morphmaster</ownerDesignName>
<privileges>SELECT</privileges>
<view>1F9EB711-0D38-1F07-81DB-7247DE134136</view>
</Permission>
<Permission class="oracle.dbtools.crest.model.design.storage.oracle.v10g.PermissionsOraclev10g" name="Permissions2" id="DCADA2FB-876A-D4CB-8C09-858C114E96FE">
<createdBy>duncan.taylor</createdBy>
<createdTime>2018-07-31 12:33:13 UTC</createdTime>
<ownerDesignName>cdb_morphmaster</ownerDesignName>
<privileges>DELETE, INSERT, SELECT, UPDATE</privileges>
<view>B7B17ABD-547D-7493-E4CB-E2D6158E83A4</view>
</Permission>
<Permission class="oracle.dbtools.crest.model.design.storage.oracle.v10g.PermissionsOraclev10g" name="Permissions20" id="F0F1F10B-DA39-9796-5EF9-0A2309DDA37D">
<createdBy>duncan.taylor</createdBy>
<createdTime>2018-07-31 12:33:13 UTC</createdTime>
<ownerDesignName>cdb_morphmaster</ownerDesignName>
<privileges>SELECT</privileges>
<view>D6A69B3A-8DFF-669A-5B26-E3FD26E0E8D3</view>
</Permission>
<Permission class="oracle.dbtools.crest.model.design.storage.oracle.v10g.PermissionsOraclev10g" name="Permissions22" id="57276F74-9EB4-0676-7BC3-F55416013680">
<createdBy>duncan.taylor</createdBy>
<createdTime>2018-07-31 12:33:13 UTC</createdTime>
<ownerDesignName>cdb_morphmaster</ownerDesignName>
<privileges>SELECT</privileges>
<view>6119463E-7FDD-CF72-10A1-A636965664C4</view>
</Permission>
<Permission class="oracle.dbtools.crest.model.design.storage.oracle.v10g.PermissionsOraclev10g" name="Permissions24" id="B468397D-585D-D1D7-A13C-0ABC99A76521">
<createdBy>duncan.taylor</createdBy>
<createdTime>2018-07-31 12:33:13 UTC</createdTime>
<ownerDesignName>cdb_morphmaster</ownerDesignName>
<privileges>SELECT</privileges>
<view>6AAD99F2-9B81-7490-BF21-15AEF6782E63</view>
</Permission>
<Permission class="oracle.dbtools.crest.model.design.storage.oracle.v10g.PermissionsOraclev10g" name="Permissions27" id="12173A45-B5A4-B0F0-00FD-4C1299119A42">
<createdBy>duncan.taylor</createdBy>
<createdTime>2018-07-31 12:33:13 UTC</createdTime>
<ownerDesignName>cdb_morphmaster</ownerDesignName>
<privileges>SELECT</privileges>
<view>7F6CBA0E-5690-3F61-F6E8-AACD5B9BC52D</view>
</Permission>
<Permission class="oracle.dbtools.crest.model.design.storage.oracle.v10g.PermissionsOraclev10g" name="Permissions30" id="5F129B05-7C5B-8FCD-D7B2-6EF118E93A7F">
<createdBy>duncan.taylor</createdBy>
<createdTime>2018-07-31 12:33:13 UTC</createdTime>
<ownerDesignName>cdb_morphmaster</ownerDesignName>
<privileges>SELECT</privileges>
<view>7C262D1E-30DC-E612-E9A8-C1BDB21C5D32</view>
</Permission>
<Permission class="oracle.dbtools.crest.model.design.storage.oracle.v10g.PermissionsOraclev10g" name="Permissions5" id="8C3D4003-1C67-5A4A-3F63-C2C914B7F85B">
<createdBy>duncan.taylor</createdBy>
<createdTime>2018-07-31 12:33:13 UTC</createdTime>
<ownerDesignName>cdb_morphmaster</ownerDesignName>
<privileges>DELETE, INSERT, SELECT, UPDATE</privileges>
<view>E55D089E-D438-31F7-A63E-9CFD7AA6A951</view>
</Permission>
<Permission class="oracle.dbtools.crest.model.design.storage.oracle.v10g.PermissionsOraclev10g" name="Permissions66" id="B46D5459-D632-4F17-C1DF-17F183530B08">
<createdBy>duncan.taylor</createdBy>
<createdTime>2018-07-31 12:33:13 UTC</createdTime>
<ownerDesignName>cdb_morphmaster</ownerDesignName>
<privileges>DELETE, INSERT, SELECT, UPDATE</privileges>
<table>230D76D0-EE8E-01F5-D95C-939C0CF926B2</table>
</Permission>
<Permission class="oracle.dbtools.crest.model.design.storage.oracle.v10g.PermissionsOraclev10g" name="Permissions69" id="ACE51DE4-E480-C399-4410-CE4574021D43">
<createdBy>duncan.taylor</createdBy>
<createdTime>2018-07-31 12:33:13 UTC</createdTime>
<ownerDesignName>cdb_morphmaster</ownerDesignName>
<privileges>DELETE, INSERT, SELECT, UPDATE</privileges>
<table>26F59A68-F4F2-2EF6-A67B-7A3ED3FC839C</table>
</Permission>
<Permission class="oracle.dbtools.crest.model.design.storage.oracle.v10g.PermissionsOraclev10g" name="Permissions72" id="07F4CE41-EADC-FB1A-884A-0C5D2D03B879">
<createdBy>duncan.taylor</createdBy>
<createdTime>2018-07-31 12:33:13 UTC</createdTime>
<ownerDesignName>cdb_morphmaster</ownerDesignName>
<privileges>DELETE, INSERT, SELECT, UPDATE</privileges>
<table>57498EF2-0161-F24E-2FAD-AD8C36137DA6</table>
</Permission>
<Permission class="oracle.dbtools.crest.model.design.storage.oracle.v10g.PermissionsOraclev10g" name="Permissions75" id="CE45C3E6-5445-DB21-0291-819C623B930A">
<createdBy>duncan.taylor</createdBy>
<createdTime>2018-07-31 12:33:13 UTC</createdTime>
<ownerDesignName>cdb_morphmaster</ownerDesignName>
<privileges>DELETE, INSERT, SELECT, UPDATE</privileges>
<table>D14D807D-D862-C12A-21E8-779F910D5C60</table>
</Permission>
<Permission class="oracle.dbtools.crest.model.design.storage.oracle.v10g.PermissionsOraclev10g" name="Permissions78" id="78DD3580-F266-ECEA-863A-3637593D84CB">
<createdBy>duncan.taylor</createdBy>
<createdTime>2018-07-31 12:33:13 UTC</createdTime>
<ownerDesignName>cdb_morphmaster</ownerDesignName>
<privileges>DELETE, INSERT, SELECT, UPDATE</privileges>
<table>33B24BBD-2FBB-87B9-4785-AFBE0482107A</table>
</Permission>
<Permission class="oracle.dbtools.crest.model.design.storage.oracle.v10g.PermissionsOraclev10g" name="Permissions8" id="BED3415F-39EF-D22A-EDD7-C032A8483202">
<createdBy>duncan.taylor</createdBy>
<createdTime>2018-07-31 12:33:13 UTC</createdTime>
<ownerDesignName>cdb_morphmaster</ownerDesignName>
<privileges>SELECT</privileges>
<view>6982B3BA-E02B-215C-CD80-4914470526D5</view>
</Permission>
<Permission class="oracle.dbtools.crest.model.design.storage.oracle.v10g.PermissionsOraclev10g" name="Permissions81" id="840421CF-574E-FC52-BD4A-F54A8DD59ECB">
<createdBy>duncan.taylor</createdBy>
<createdTime>2018-07-31 12:33:13 UTC</createdTime>
<ownerDesignName>cdb_morphmaster</ownerDesignName>
<privileges>DELETE, INSERT, SELECT, UPDATE</privileges>
<table>6E9BA383-CBF0-3DBB-E440-1E11E7C63837</table>
</Permission>
<Permission class="oracle.dbtools.crest.model.design.storage.oracle.v10g.PermissionsOraclev10g" name="Permissions84" id="B79F42E0-81C5-62E6-B2A2-293FBEA05BAE">
<createdBy>duncan.taylor</createdBy>
<createdTime>2018-07-31 12:33:13 UTC</createdTime>
<ownerDesignName>cdb_morphmaster</ownerDesignName>
<privileges>DELETE, INSERT, SELECT, UPDATE</privileges>
<table>DFFF3846-F86F-302A-6AC2-2A430933896A</table>
</Permission>
<Permission class="oracle.dbtools.crest.model.design.storage.oracle.v10g.PermissionsOraclev10g" name="Permissions87" id="EAC5243A-EA6C-2B7B-2B6D-0680238CAC56">
<createdBy>duncan.taylor</createdBy>
<createdTime>2018-07-31 12:33:13 UTC</createdTime>
<ownerDesignName>cdb_morphmaster</ownerDesignName>
<privileges>DELETE, INSERT, SELECT, UPDATE</privileges>
<table>75A99719-2128-7FF5-12C9-BE1A2E993C7C</table>
</Permission>
<Permission class="oracle.dbtools.crest.model.design.storage.oracle.v10g.PermissionsOraclev10g" name="Permissions90" id="5FD8946A-2BD8-5130-CC05-E01ADBE4EF3B">
<createdBy>duncan.taylor</createdBy>
<createdTime>2018-07-31 12:33:13 UTC</createdTime>
<ownerDesignName>cdb_morphmaster</ownerDesignName>
<privileges>DELETE, INSERT, SELECT, UPDATE</privileges>
<table>2946D50B-70FA-1723-46DA-E5AF75037674</table>
</Permission>
<Permission class="oracle.dbtools.crest.model.design.storage.oracle.v10g.PermissionsOraclev10g" name="Permissions93" id="FF83A912-47EF-AE99-9896-EA32AFF6327B">
<createdBy>duncan.taylor</createdBy>
<createdTime>2018-07-31 12:33:13 UTC</createdTime>
<ownerDesignName>cdb_morphmaster</ownerDesignName>
<privileges>DELETE, INSERT, SELECT, UPDATE</privileges>
<table>A01F1EF3-5B10-ECD1-33CF-87B87F868596</table>
</Permission>
<Permission class="oracle.dbtools.crest.model.design.storage.oracle.v10g.PermissionsOraclev10g" name="Permissions96" id="044735E0-9E14-F5B3-893F-3E38C13CB7F0">
<createdBy>duncan.taylor</createdBy>
<createdTime>2018-07-31 12:33:13 UTC</createdTime>
<ownerDesignName>cdb_morphmaster</ownerDesignName>
<privileges>DELETE, INSERT, SELECT, UPDATE</privileges>
<table>96774B7B-9789-72E5-A308-55FB71F12DFE</table>
</Permission>
<Permission class="oracle.dbtools.crest.model.design.storage.oracle.v10g.PermissionsOraclev10g" name="Permissions99" id="B0B8DBC0-BC68-FCE6-60B7-AE1BBA5EC096">
<createdBy>duncan.taylor</createdBy>
<createdTime>2018-07-31 12:33:13 UTC</createdTime>
<ownerDesignName>cdb_morphmaster</ownerDesignName>
<privileges>DELETE, INSERT, SELECT, UPDATE</privileges>
<table>C3ECBF8C-C7EC-1083-3080-C40377AA1E20</table>
</Permission>
</permissions>
</RoleOraclev10g>