<?xml version = '1.0' encoding = 'UTF-8'?>
<RoleOraclev10g class="oracle.dbtools.crest.model.design.storage.oracle.v10g.RoleOraclev10g" name="WFD_ADMINISTRATOR" directorySegmentName="seg_0" id="EF3BF570-95D1-9603-69B3-06E94F3DB213">
<sourceConnName>Browser@C01L</sourceConnName>
<sourceObjName>WFD_ADMINISTRATOR</sourceObjName>
<createdBy>duncan.taylor</createdBy>
<createdTime>2018-07-31 12:33:13 UTC</createdTime>
<ownerDesignName>cdb_morphmaster</ownerDesignName>
<permissions>
<Permission class="oracle.dbtools.crest.model.design.storage.oracle.v10g.PermissionsOraclev10g" name="Permissions172" id="EC471466-2AEC-5E12-6037-97A394E70A6F">
<createdBy>duncan.taylor</createdBy>
<createdTime>2018-07-31 12:33:13 UTC</createdTime>
<ownerDesignName>cdb_morphmaster</ownerDesignName>
<privileges>ALTER, DELETE, INSERT, SELECT, UPDATE, ON COMMIT REFRESH, QUERY REWRITE, DEBUG, FLASHBACK</privileges>
<table>B4B54A21-B155-C36F-ECEE-FBDB38919B11</table>
</Permission>
<Permission class="oracle.dbtools.crest.model.design.storage.oracle.v10g.PermissionsOraclev10g" name="Permissions174" id="8A8AF06C-F1D4-0B19-BDEF-430B564AFE88">
<createdBy>duncan.taylor</createdBy>
<createdTime>2018-07-31 12:33:13 UTC</createdTime>
<ownerDesignName>cdb_morphmaster</ownerDesignName>
<privileges>ALTER, DELETE, INSERT, SELECT, UPDATE, ON COMMIT REFRESH, QUERY REWRITE, DEBUG, FLASHBACK</privileges>
<table>94BEB5A6-9738-FC97-0688-FFB2D19DF8A4</table>
</Permission>
</permissions>
</RoleOraclev10g>