<?xml version = '1.0' encoding = 'UTF-8'?>
<FKIndexAssociation class="oracle.dbtools.crest.model.design.relational.FKIndexAssociation" directorySegmentName="seg_37" id="143D29E3-3B14-3485-2B12-B399083325EE" containerWithKeyObject="94BEB5A6-9738-FC97-0688-FFB2D19DF8A4" localFKIndex="7BC3F2EA-8E18-4731-FA66-5F3663689EDA" name="WF11_WF02_FK">
<sourceConnName>Browser@C01L</sourceConnName>
<sourceObjSchema>WFDMASTER</sourceObjSchema>
<sourceObjName>WF11_WF02_FK</sourceObjName>
<createdBy>duncan.taylor</createdBy>
<createdTime>2018-07-31 12:33:28 UTC</createdTime>
<ownerDesignName>cdb_morphmaster</ownerDesignName>
<importedID>C0F8707D-72B1-9B8E-87AB-8C649E9D597A</importedID>
<referredTableLongName>WFDMASTER.WF02_WB_PA_GENRES</referredTableLongName>
<deleteRule>NO ACTION</deleteRule>
<mandatory>true</mandatory>
<refColNames>GENRE_ID</refColNames>
<transferable>true</transferable>
<rely>false</rely>
<columnDependencyConstraintGenerateInDDL>true</columnDependencyConstraintGenerateInDDL>
</FKIndexAssociation>