<?xml version = '1.0' encoding = 'UTF-8'?>
<FKIndexAssociation class="oracle.dbtools.crest.model.design.relational.FKIndexAssociation" directorySegmentName="seg_37" id="33A968EC-58B6-D19E-4FCE-0A6FF286EA1F" containerWithKeyObject="3B4E3AF7-295A-07D0-46DA-4E14FA343AF7" localFKIndex="C0FAA608-DE47-A487-3E3D-F337CD6BC0BC" name="GE31_GE29_FK">
<sourceConnName>Browser@C01L</sourceConnName>
<sourceObjSchema>GENERAL</sourceObjSchema>
<sourceObjName>GE31_GE29_FK</sourceObjName>
<createdBy>duncan.taylor</createdBy>
<createdTime>2018-07-31 12:33:28 UTC</createdTime>
<ownerDesignName>cdb_morphmaster</ownerDesignName>
<importedID>C80FE728-176E-B56A-F73C-98E565520083</importedID>
<referredTableLongName>GENERAL.GE29_SUBTYPOLOGIES</referredTableLongName>
<deleteRule>NO ACTION</deleteRule>
<mandatory>true</mandatory>
<refColNames>ST_CODE</refColNames>
<transferable>true</transferable>
<rely>false</rely>
<columnDependencyConstraintGenerateInDDL>true</columnDependencyConstraintGenerateInDDL>
</FKIndexAssociation>