<?xml version = '1.0' encoding = 'UTF-8'?>
<FKIndexAssociation class="oracle.dbtools.crest.model.design.relational.FKIndexAssociation" directorySegmentName="seg_37" id="391FDA23-F6F3-5A0F-C00A-7D0A0EC41052" containerWithKeyObject="F6329F25-9033-2C20-DA7D-6B215A361D59" localFKIndex="AE1CB763-6AE5-CCA3-18CF-836FCAE2FCD6" name="GE3_GE2_FK">
<sourceConnName>Browser@C01L</sourceConnName>
<sourceObjSchema>GENERAL</sourceObjSchema>
<sourceObjName>GE3_GE2_FK</sourceObjName>
<createdBy>duncan.taylor</createdBy>
<createdTime>2018-07-31 12:33:28 UTC</createdTime>
<ownerDesignName>cdb_morphmaster</ownerDesignName>
<importedID>72A9444B-A2A5-AF1A-1A2E-D36CA465105E</importedID>
<referredTableLongName>GENERAL.GE2_CATCHMENT</referredTableLongName>
<deleteRule>NO ACTION</deleteRule>
<mandatory>true</mandatory>
<refColNames>GE2_CATCHNUM</refColNames>
<transferable>true</transferable>
<rely>false</rely>
<columnDependencyConstraintGenerateInDDL>true</columnDependencyConstraintGenerateInDDL>
</FKIndexAssociation>