<?xml version = '1.0' encoding = 'UTF-8'?>
<FKIndexAssociation class="oracle.dbtools.crest.model.design.relational.FKIndexAssociation" directorySegmentName="seg_37" id="59DC9C58-7D2B-D7C1-D25C-D467E8EE9C42" containerWithKeyObject="94BEB5A6-9738-FC97-0688-FFB2D19DF8A4" localFKIndex="639A2EC7-AC93-9185-47D1-42D0A93A3B3D" name="WF11_WF50_FK">
<sourceConnName>Browser@C01L</sourceConnName>
<sourceObjSchema>WFDMASTER</sourceObjSchema>
<sourceObjName>WF11_WF50_FK</sourceObjName>
<createdBy>duncan.taylor</createdBy>
<createdTime>2018-07-31 12:33:28 UTC</createdTime>
<ownerDesignName>cdb_morphmaster</ownerDesignName>
<importedID>980C9518-1B58-6886-46C0-97D9BF2CC528</importedID>
<referredTableLongName>WFDMASTER.WF50_CHANGE_REASON</referredTableLongName>
<deleteRule>NO ACTION</deleteRule>
<mandatory>true</mandatory>
<refColNames>REASON_CODE</refColNames>
<transferable>true</transferable>
<rely>false</rely>
<columnDependencyConstraintGenerateInDDL>true</columnDependencyConstraintGenerateInDDL>
</FKIndexAssociation>