<?xml version = '1.0' encoding = 'UTF-8'?>
<FKIndexAssociation class="oracle.dbtools.crest.model.design.relational.FKIndexAssociation" directorySegmentName="seg_37" id="5C224670-2A1D-7154-49DC-2598EDA3B48A" containerWithKeyObject="5BD92544-468E-6D64-0B1B-4D284AE3712A" localFKIndex="D9EDA5B4-07E9-3318-0901-94E1B8F8193C" name="AUA_INS_FK">
<sourceConnName>Browser@C01L</sourceConnName>
<sourceObjSchema>CLASMASTER</sourceObjSchema>
<sourceObjName>AUA_INS_FK</sourceObjName>
<createdBy>duncan.taylor</createdBy>
<createdTime>2018-07-31 12:33:28 UTC</createdTime>
<ownerDesignName>cdb_morphmaster</ownerDesignName>
<importedID>18548C40-9545-6BFC-C522-2AADFB913370</importedID>
<referredTableLongName>CLASMASTER.INSTALLATIONS</referredTableLongName>
<deleteRule>NO ACTION</deleteRule>
<mandatory>false</mandatory>
<refColNames>INSTALLATION_ID</refColNames>
<transferable>true</transferable>
<rely>false</rely>
<columnDependencyConstraintGenerateInDDL>true</columnDependencyConstraintGenerateInDDL>
</FKIndexAssociation>