<?xml version = '1.0' encoding = 'UTF-8'?>
<FKIndexAssociation class="oracle.dbtools.crest.model.design.relational.FKIndexAssociation" directorySegmentName="seg_37" id="722E1346-1B32-DD84-7652-7E7A1BE54EEF" containerWithKeyObject="B4B54A21-B155-C36F-ECEE-FBDB38919B11" localFKIndex="0CD0DEED-F775-EDB3-2291-09917F129237" name="WF10_WF02_FK">
<sourceConnName>Browser@C01L</sourceConnName>
<sourceObjSchema>WFDMASTER</sourceObjSchema>
<sourceObjName>WF10_WF02_FK</sourceObjName>
<createdBy>duncan.taylor</createdBy>
<createdTime>2018-07-31 12:33:28 UTC</createdTime>
<ownerDesignName>cdb_morphmaster</ownerDesignName>
<importedID>8B54D270-3745-E241-A754-DE4DD9408C1B</importedID>
<referredTableLongName>WFDMASTER.WF02_WB_PA_GENRES</referredTableLongName>
<deleteRule>NO ACTION</deleteRule>
<mandatory>false</mandatory>
<refColNames>GENRE_ID</refColNames>
<transferable>true</transferable>
<rely>false</rely>
<columnDependencyConstraintGenerateInDDL>true</columnDependencyConstraintGenerateInDDL>
</FKIndexAssociation>