<?xml version = '1.0' encoding = 'UTF-8'?>
<FKIndexAssociation class="oracle.dbtools.crest.model.design.relational.FKIndexAssociation" directorySegmentName="seg_37" id="755992DA-83FB-5185-4058-0899093264D5" containerWithKeyObject="5BD92544-468E-6D64-0B1B-4D284AE3712A" localFKIndex="151CC24E-9B65-3EC2-0566-12F6F53BEC47" name="AUA_ACC_FK">
<sourceConnName>Browser@C01L</sourceConnName>
<sourceObjSchema>CLASMASTER</sourceObjSchema>
<sourceObjName>AUA_ACC_FK</sourceObjName>
<createdBy>duncan.taylor</createdBy>
<createdTime>2018-07-31 12:33:28 UTC</createdTime>
<ownerDesignName>cdb_morphmaster</ownerDesignName>
<importedID>AA643D1D-A37C-9D0E-52D1-44C9305AB187</importedID>
<referredTableLongName>CLASMASTER.ACTIVITY_CATEGORIES</referredTableLongName>
<deleteRule>NO ACTION</deleteRule>
<mandatory>true</mandatory>
<refColNames>CATEGORY_NUMBER</refColNames>
<transferable>true</transferable>
<rely>false</rely>
<columnDependencyConstraintGenerateInDDL>true</columnDependencyConstraintGenerateInDDL>
</FKIndexAssociation>