<?xml version = '1.0' encoding = 'UTF-8'?>
<FKIndexAssociation class="oracle.dbtools.crest.model.design.relational.FKIndexAssociation" directorySegmentName="seg_37" id="7E5C1D79-0FF3-4F7B-8D8A-7F2BCE29F9C7" containerWithKeyObject="B4B54A21-B155-C36F-ECEE-FBDB38919B11" localFKIndex="8B897DA3-BC0E-36BF-C6FD-5BAF8BA21821" name="WF10_WF50_FK">
<sourceConnName>Browser@C01L</sourceConnName>
<sourceObjSchema>WFDMASTER</sourceObjSchema>
<sourceObjName>WF10_WF50_FK</sourceObjName>
<createdBy>duncan.taylor</createdBy>
<createdTime>2018-07-31 12:33:28 UTC</createdTime>
<ownerDesignName>cdb_morphmaster</ownerDesignName>
<importedID>6550DBDF-6722-845D-E510-2B53B0E4DBFB</importedID>
<referredTableLongName>WFDMASTER.WF50_CHANGE_REASON</referredTableLongName>
<deleteRule>NO ACTION</deleteRule>
<mandatory>true</mandatory>
<refColNames>REASON_CODE</refColNames>
<transferable>true</transferable>
<rely>false</rely>
<columnDependencyConstraintGenerateInDDL>true</columnDependencyConstraintGenerateInDDL>
</FKIndexAssociation>