<?xml version = '1.0' encoding = 'UTF-8'?>
<FKIndexAssociation class="oracle.dbtools.crest.model.design.relational.FKIndexAssociation" directorySegmentName="seg_37" id="B6AD9291-F0D3-5BAE-9383-AB570FD01B56" containerWithKeyObject="5BD92544-468E-6D64-0B1B-4D284AE3712A" localFKIndex="C47BDAF4-62B0-7069-466B-1D9659FF01FE" name="AUA_AUTH_FK">
<sourceConnName>Browser@C01L</sourceConnName>
<sourceObjSchema>CLASMASTER</sourceObjSchema>
<sourceObjName>AUA_AUTH_FK</sourceObjName>
<createdBy>duncan.taylor</createdBy>
<createdTime>2018-07-31 12:33:28 UTC</createdTime>
<ownerDesignName>cdb_morphmaster</ownerDesignName>
<importedID>81215311-AF04-2ED4-89B1-B2704B8176E7</importedID>
<referredTableLongName>CLASMASTER.AUTHORISATIONS</referredTableLongName>
<deleteRule>NO ACTION</deleteRule>
<mandatory>true</mandatory>
<refColNames>AUTHORISATION_ID</refColNames>
<transferable>true</transferable>
<rely>false</rely>
<columnDependencyConstraintGenerateInDDL>true</columnDependencyConstraintGenerateInDDL>
</FKIndexAssociation>