<?xml version = '1.0' encoding = 'UTF-8'?>
<FKIndexAssociation class="oracle.dbtools.crest.model.design.relational.FKIndexAssociation" directorySegmentName="seg_37" id="FC7E5ADD-B750-1474-B0C2-C477353C83B5" containerWithKeyObject="B4B54A21-B155-C36F-ECEE-FBDB38919B11" localFKIndex="641474EA-E110-2E33-4CA6-E369AF2B833B" name="WF10_WF40_FK">
<sourceConnName>Browser@C01L</sourceConnName>
<sourceObjSchema>WFDMASTER</sourceObjSchema>
<sourceObjName>WF10_WF40_FK</sourceObjName>
<createdBy>duncan.taylor</createdBy>
<createdTime>2018-07-31 12:33:28 UTC</createdTime>
<ownerDesignName>cdb_morphmaster</ownerDesignName>
<importedID>DF5221CD-0E10-E11F-1F5C-AF034FBD01CB</importedID>
<referredTableLongName>WFDMASTER.WF40_SUB_BASIN_DISTRICTS</referredTableLongName>
<deleteRule>NO ACTION</deleteRule>
<mandatory>false</mandatory>
<refColNames>SBD_CODE</refColNames>
<transferable>true</transferable>
<rely>false</rely>
<columnDependencyConstraintGenerateInDDL>true</columnDependencyConstraintGenerateInDDL>
</FKIndexAssociation>