<?xml version = '1.0' encoding = 'UTF-8'?>
<TableProxyOraclev11g class="oracle.dbtools.crest.model.design.storage.oracle.v11g.TableProxyOraclev11g" name="GE3_RIVERS" directorySegmentName="seg_38" id="F6329F25-9033-2C20-DA7D-6B215A361D59">
<createdBy>Duncan.Taylor</createdBy>
<createdTime>2018-07-31 12:33:11 UTC</createdTime>
<ownerDesignName>cdb_morphmaster</ownerDesignName>
<schemaObject>FDB3BDB5-53F3-F784-262D-34CA63021D54</schemaObject>
<logging>YES</logging>
<partitionedRowMovement>DISABLE</partitionedRowMovement>
<segment>CFC18D1C-3F84-65C4-C4A4-A2E8039A1E4B</segment>
<tableSpace>16637BBA-FEAF-33E6-AF78-AECE63459021</tableSpace>
<temporaryChanged>false</temporaryChanged>
<accessDriverType>oracle_loader</accessDriverType>
<rejectLimit></rejectLimit>
<columnProxies itemClass="oracle.dbtools.crest.model.design.storage.oracle.v12c.ColumnProxyOraclev12c">
<ColumnProxy name="GE3_LENGTH_KM" id="1C90A05B-31D6-2895-5C52-4442AFF6CDA2">
<createdBy>duncan.taylor</createdBy>
<createdTime>2018-07-31 12:33:11 UTC</createdTime>
<ownerDesignName>cdb_morphmaster</ownerDesignName>
</ColumnProxy>
<ColumnProxy name="GE3_MAX_NESTED_RIVER_NUMBER" id="7A4C519A-9C3E-E2C0-2573-7748940311C7">
<createdBy>duncan.taylor</createdBy>
<createdTime>2018-07-31 12:33:11 UTC</createdTime>
<ownerDesignName>cdb_morphmaster</ownerDesignName>
</ColumnProxy>
<ColumnProxy name="GE3_RIVER_NUMBER" id="9CD8A74B-8E94-995E-1759-FA73F78B2DFD">
<createdBy>duncan.taylor</createdBy>
<createdTime>2018-07-31 12:33:11 UTC</createdTime>
<ownerDesignName>cdb_morphmaster</ownerDesignName>
</ColumnProxy>
<ColumnProxy name="GE3_CATCHMENT_ID" id="DA3A4CB7-2EF2-A970-6312-CCE0B287C657">
<createdBy>duncan.taylor</createdBy>
<createdTime>2018-07-31 12:33:11 UTC</createdTime>
<ownerDesignName>cdb_morphmaster</ownerDesignName>
</ColumnProxy>
</columnProxies>
<indexProxies>
<IndexProxy class="oracle.dbtools.crest.model.design.storage.oracle.v10g.IndexProxyOraclev10g" name="GE3_GE2_FK" id="C59F958D-495D-6768-DDB8-8A53D9B53B9C">
<createdBy>Duncan.Taylor</createdBy>
<createdTime>2018-07-25 11:57:41 UTC</createdTime>
<ownerDesignName>cdb_morphmaster</ownerDesignName>
</IndexProxy>
<IndexProxy class="oracle.dbtools.crest.model.design.storage.oracle.v10g.IndexProxyOraclev10g" name="GE3_PK" id="C9D6F9CD-8053-B2DB-8003-E15A16C7753F">
<createdBy>duncan.taylor</createdBy>
<createdTime>2018-07-31 12:33:12 UTC</createdTime>
<ownerDesignName>cdb_morphmaster</ownerDesignName>
<schemaObject>FDB3BDB5-53F3-F784-262D-34CA63021D54</schemaObject>
<segment>F7D7198C-0E60-12B8-30BF-49BFA140BAB0</segment>
<tableSpace>5E31421E-4A0D-1FD4-F677-9F0DE240B5A7</tableSpace>
</IndexProxy>
</indexProxies>
<synonyms>
<Synonym class="oracle.dbtools.crest.model.design.storage.oracle.v10g.SynonymOraclev10g" name="GE3" directorySegmentName="seg_36" id="4F0EFCB8-07E1-9732-22A8-8189058ED923">
<sourceConnName>Browser@C01L</sourceConnName>
<sourceObjSchema>PUBLIC</sourceObjSchema>
<sourceObjName>GE3</sourceObjName>
<createdBy>Duncan.Taylor</createdBy>
<createdTime>2018-07-25 11:57:49 UTC</createdTime>
<ownerDesignName>cdb_c01l</ownerDesignName>
<object>GE3_RIVERS</object>
<public>YES</public>
<user>PUBLIC</user>
<referredObjectID>F6329F25-9033-2C20-DA7D-6B215A361D59</referredObjectID>
</Synonym>
<Synonym class="oracle.dbtools.crest.model.design.storage.oracle.v10g.SynonymOraclev10g" name="GE3_RIVERS" directorySegmentName="seg_36" id="5B909407-88AF-99E3-2EFC-0E04528F9864">
<sourceConnName>Browser@C01L</sourceConnName>
<sourceObjSchema>PUBLIC</sourceObjSchema>
<sourceObjName>GE3_RIVERS</sourceObjName>
<createdBy>Duncan.Taylor</createdBy>
<createdTime>2018-07-25 11:57:49 UTC</createdTime>
<ownerDesignName>cdb_c01l</ownerDesignName>
<object>GE3_RIVERS</object>
<public>YES</public>
<user>PUBLIC</user>
<referredObjectID>F6329F25-9033-2C20-DA7D-6B215A361D59</referredObjectID>
</Synonym>
</synonyms>
<foreignKeys>
<ForeignKey class="oracle.dbtools.crest.model.design.storage.oracle.v10g.FKProxyOraclev10g" name="GE3_GE2_FK" id="AE1CB763-6AE5-CCA3-18CF-836FCAE2FCD6">
<createdBy>duncan.taylor</createdBy>
<createdTime>2018-07-31 12:33:13 UTC</createdTime>
<ownerDesignName>cdb_morphmaster</ownerDesignName>
</ForeignKey>
</foreignKeys>
<primaryKeys>
<PrimaryKey class="oracle.dbtools.crest.model.design.storage.oracle.v10g.PKProxyOraclev10g" name="GE3_PK" id="38EE0B49-8453-C366-20D7-C9215DF083E6">
<createdBy>duncan.taylor</createdBy>
<createdTime>2018-07-31 12:33:12 UTC</createdTime>
<ownerDesignName>cdb_morphmaster</ownerDesignName>
<segment>F7D7198C-0E60-12B8-30BF-49BFA140BAB0</segment>
<tableSpace>5E31421E-4A0D-1FD4-F677-9F0DE240B5A7</tableSpace>
<existingIndex>C9D6F9CD-8053-B2DB-8003-E15A16C7753F</existingIndex>
<indexSegment>F7D7198C-0E60-12B8-30BF-49BFA140BAB0</indexSegment>
<indexSort>SORTED</indexSort>
<usingIndex>BY INDEX NAME</usingIndex>
</PrimaryKey>
</primaryKeys>
</TableProxyOraclev11g>